GAME_ID,team1_OREB,team1_DREB,team1_REB,team1_AST,team1_STL,team1_BLK,team1_TOV,team1_PF,team1_PTS,team1_NET_RATING,team1_PACE,team1_TM_TOV_PCT,team1_EFG_PCT,team1_TS_PCT,team1_AST_PCT,team1_AST_TO,team1_OREB_PCT,team1_DREB_PCT,team1_REB_PCT,team1_PIE,team2_OREB,team2_DREB,team2_REB,team2_AST,team2_STL,team2_BLK,team2_TOV,team2_PF,team2_PTS,team2_NET_RATING,team2_PACE,team2_TM_TOV_PCT,team2_EFG_PCT,team2_TS_PCT,team2_AST_PCT,team2_AST_TO,team2_OREB_PCT,team2_DREB_PCT,team2_REB_PCT,team2_PIE,label
0022501034,13.454545454545455,35.27272727272727,48.72727272727273,29.181818181818183,8.818181818181818,3.4545454545454546,13.727272727272727,19.09090909090909,114.18181818181819,10.436363636363636,97.36363636363636,0.1550909090909091,0.551,0.5844545454545456,0.6740909090909091,2.1509090909090913,0.35254545454545455,0.764090909090909,0.5590909090909091,0.552909090909091,9.833333333333334,27.666666666666668,37.5,23.833333333333332,6.583333333333333,4.916666666666667,16.0,24.416666666666668,115.16666666666667,-13.049999999999999,102.05416666666667,0.16183333333333333,0.5611666666666667,0.5898333333333333,0.5745833333333333,1.4750000000000003,0.27858333333333335,0.6422500000000001,0.45599999999999996,0.4071666666666667,32.0
0022500970,13.666666666666666,35.666666666666664,49.333333333333336,29.88888888888889,10.0,5.0,12.88888888888889,17.666666666666668,120.0,12.011111111111111,101.66666666666667,0.13533333333333333,0.5525555555555556,0.5854444444444444,0.6857777777777778,2.2711111111111113,0.3425555555555555,0.7641111111111112,0.5475555555555556,0.5653333333333332,8.5,31.916666666666668,40.416666666666664,25.083333333333332,7.666666666666667,3.25,14.666666666666666,18.5,107.58333333333333,-11.466666666666669,98.83333333333333,0.15524999999999997,0.5505833333333333,0.5730833333333333,0.6300833333333333,1.7266666666666668,0.23858333333333337,0.6921666666666667,0.4673333333333334,0.43591666666666673,23.0
0022300945,12.333333333333334,32.0,44.333333333333336,29.0,8.11111111111111,4.333333333333333,12.333333333333334,18.88888888888889,117.11111111111111,-0.6,98.25888888888888,0.12944444444444445,0.5556666666666666,0.5795555555555556,0.6329999999999999,2.3955555555555557,0.3214444444444444,0.7564444444444445,0.5293333333333333,0.486,8.222222222222221,36.666666666666664,44.888888888888886,24.77777777777778,7.0,4.444444444444445,10.0,16.22222222222222,114.11111111111111,8.333333333333332,97.0,0.10988888888888888,0.5625555555555555,0.5968888888888889,0.6057777777777779,2.576666666666666,0.2335555555555555,0.7473333333333333,0.4986666666666666,0.539,35.0
0022500345,10.0,35.1,45.1,29.1,7.2,5.3,14.6,20.6,119.7,-6.85,105.386,0.1372,0.5395,0.5731000000000002,0.6698,2.103,0.25620000000000004,0.6856000000000001,0.47090000000000004,0.46630000000000005,10.0,31.0,41.0,23.09090909090909,7.090909090909091,5.909090909090909,14.090909090909092,22.09090909090909,111.81818181818181,-6.054545454545454,101.13636363636364,0.14745454545454545,0.5310909090909092,0.5753636363636363,0.5865454545454546,1.5972727272727274,0.2746363636363636,0.6732727272727274,0.4751818181818182,0.47118181818181826,-15.0
0022500713,10.1,34.5,44.6,28.9,7.1,4.5,14.2,18.5,108.7,-6.9300000000000015,101.35,0.1459,0.5245000000000001,0.5537,0.7195,2.5170000000000003,0.26799999999999996,0.7441,0.49990000000000007,0.4619999999999999,15.583333333333334,33.583333333333336,49.166666666666664,24.666666666666668,8.833333333333334,6.25,12.416666666666666,15.833333333333334,108.58333333333333,0.5,96.42833333333333,0.1390833333333333,0.50625,0.5345833333333334,0.5985833333333334,2.0375,0.3819166666666667,0.6899166666666666,0.5323333333333333,0.5145000000000001,-4.0
0022300390,9.0,26.444444444444443,35.44444444444444,24.0,6.666666666666667,4.222222222222222,12.333333333333334,19.555555555555557,106.11111111111111,-15.433333333333334,97.72222222222223,0.13455555555555554,0.5287777777777778,0.5623333333333334,0.5870000000000001,1.9766666666666666,0.24777777777777776,0.6721111111111111,0.44811111111111107,0.4212222222222223,11.545454545454545,33.27272727272727,44.81818181818182,29.90909090909091,7.363636363636363,5.181818181818182,9.545454545454545,18.727272727272727,117.54545454545455,5.899999999999998,97.77272727272727,0.10236363636363638,0.5555454545454547,0.5835454545454546,0.6633636363636363,3.149090909090909,0.29872727272727273,0.6961818181818181,0.5014545454545455,0.5391818181818183,-7.0
0022301077,10.181818181818182,32.18181818181818,42.36363636363637,30.545454545454547,7.545454545454546,5.181818181818182,11.272727272727273,17.727272727272727,114.0,6.99090909090909,95.81818181818181,0.12481818181818184,0.5700909090909091,0.5994545454545455,0.6952727272727273,2.671818181818182,0.29,0.7019090909090909,0.505,0.5396363636363636,7.454545454545454,30.90909090909091,38.36363636363637,29.636363636363637,5.636363636363637,3.272727272727273,12.727272727272727,16.818181818181817,105.54545454545455,-4.445454545454544,93.68181818181819,0.14645454545454545,0.5666363636363636,0.5932727272727273,0.7525454545454546,2.1972727272727273,0.2412727272727273,0.7174545454545455,0.48272727272727267,0.4848181818181818,29.0
0022500053,12.4,31.6,44.0,27.2,10.9,4.2,14.6,22.3,121.0,12.64,99.75,0.1552,0.5800000000000001,0.6159,0.6308,1.81,0.34349999999999997,0.7068999999999999,0.5287,0.5591,11.0,35.0,46.0,28.5,9.5,5.1,13.9,21.5,123.8,11.23,102.15,0.14150000000000001,0.5833,0.6181,0.6442,2.0860000000000003,0.3063,0.6845,0.5073000000000001,0.5732,1.0
0022400693,11.5,32.625,44.125,29.75,8.25,7.5,13.25,16.0,119.75,-3.925,101.3125,0.140625,0.572125,0.59975,0.667,2.53125,0.298,0.677,0.492375,0.48675,8.6,35.7,44.3,27.8,6.0,3.8,13.1,14.6,110.6,-4.430000000000001,97.328,0.142,0.5518,0.5851000000000001,0.6808,2.216,0.2355,0.7398,0.4965,0.48980000000000007,-2.0
0022300802,12.11111111111111,38.44444444444444,50.55555555555556,31.666666666666668,6.777777777777778,5.777777777777778,13.11111111111111,19.666666666666668,125.44444444444444,9.966666666666665,102.56222222222222,0.13,0.5735555555555556,0.5977777777777779,0.6673333333333333,2.428888888888889,0.31688888888888894,0.7385555555555556,0.533,0.5508888888888889,7.428571428571429,34.42857142857143,41.857142857142854,31.285714285714285,7.285714285714286,7.0,9.428571428571429,13.285714285714286,122.71428571428571,9.042857142857143,100.42857142857143,0.098,0.58,0.619,0.7052857142857142,3.6099999999999994,0.2254285714285714,0.6885714285714286,0.48042857142857137,0.5618571428571428,18.0
0022400504,10.2,32.3,42.5,22.2,7.6,7.4,13.8,18.0,108.4,-3.22,99.4,0.1441,0.5226999999999999,0.5598,0.5679000000000001,1.626,0.2544,0.6965,0.4748999999999999,0.4804000000000001,10.444444444444445,33.333333333333336,43.77777777777778,27.333333333333332,6.555555555555555,4.777777777777778,12.11111111111111,15.333333333333334,115.0,3.855555555555555,98.11111111111111,0.13355555555555554,0.559888888888889,0.5996666666666667,0.6616666666666666,2.258888888888889,0.279,0.7173333333333334,0.5047777777777778,0.5316666666666667,21.0
0022400046,8.88888888888889,33.888888888888886,42.77777777777778,24.88888888888889,9.666666666666666,3.3333333333333335,12.333333333333334,16.0,111.33333333333333,1.2666666666666666,97.49777777777778,0.13922222222222225,0.5354444444444445,0.5721111111111112,0.6276666666666666,2.0844444444444443,0.26655555555555555,0.7282222222222221,0.49233333333333335,0.5054444444444445,14.7,33.6,48.3,26.3,7.4,4.5,14.8,20.0,107.6,-1.19,97.554,0.15819999999999998,0.5098,0.5387000000000001,0.6516000000000001,1.9060000000000001,0.3586,0.6991,0.526,0.4838,10.0
0022300339,12.5,35.75,48.25,27.25,5.625,3.0,16.625,23.0,118.5,-0.08750000000000013,101.2125,0.1705,0.5527500000000001,0.59425,0.6725000000000001,1.7137499999999999,0.32225000000000004,0.735125,0.5335,0.49875,13.3,34.6,47.9,26.1,6.8,5.9,11.3,17.6,117.5,6.869999999999999,98.3,0.12,0.5500999999999999,0.583,0.6099,2.308,0.30419999999999997,0.6980000000000001,0.5045,0.5368999999999999,4.0
0022401083,7.75,32.5,40.25,24.0,7.583333333333333,4.0,11.75,16.833333333333332,111.25,0.17499999999999993,97.04166666666667,0.126,0.56275,0.5965833333333332,0.6010833333333333,2.1075000000000004,0.21766666666666665,0.7271666666666667,0.47866666666666663,0.5028333333333334,12.1,30.9,43.0,29.3,9.3,5.7,14.5,19.4,120.3,3.0300000000000007,100.75,0.151,0.5711,0.6038,0.6571,1.9600000000000002,0.3212,0.7043,0.5125,0.5119,-21.0
0022300979,9.363636363636363,33.09090909090909,42.45454545454545,22.454545454545453,7.818181818181818,5.545454545454546,14.818181818181818,17.818181818181817,105.27272727272727,3.863636363636364,94.81818181818181,0.16954545454545455,0.5596363636363637,0.5904545454545453,0.5766363636363636,1.4390909090909092,0.27572727272727277,0.7717272727272728,0.5322727272727273,0.5228181818181818,9.8,32.6,42.4,29.3,8.2,4.9,12.7,17.7,112.6,-9.45,102.39500000000001,0.1297,0.5349,0.5574000000000001,0.6803,2.309,0.24879999999999997,0.6848,0.46040000000000003,0.4596000000000001,15.0
0022400578,12.416666666666666,32.5,44.916666666666664,24.916666666666668,7.583333333333333,3.1666666666666665,12.75,16.666666666666668,117.75,4.141666666666667,98.4325,0.13758333333333334,0.5555833333333333,0.5939166666666666,0.5650000000000001,1.9341666666666668,0.32316666666666666,0.7360833333333333,0.5311666666666667,0.52975,12.272727272727273,33.72727272727273,46.0,23.818181818181817,6.0,5.363636363636363,14.727272727272727,18.09090909090909,111.45454545454545,1.0909090909090913,96.0909090909091,0.1616363636363636,0.5615454545454547,0.5926363636363636,0.6018181818181818,1.6345454545454543,0.32281818181818184,0.6769090909090909,0.5094545454545455,0.5079999999999999,-17.0
0022400506,12.6,35.0,47.6,25.3,7.2,4.9,18.5,19.2,114.7,-1.72,101.3,0.18550000000000003,0.5569999999999999,0.5892999999999999,0.6144,1.4279999999999997,0.32920000000000005,0.7371,0.5347000000000001,0.48810000000000003,10.222222222222221,33.0,43.22222222222222,30.0,12.11111111111111,5.0,16.444444444444443,16.444444444444443,119.88888888888889,-2.211111111111111,105.56222222222222,0.16333333333333333,0.5636666666666668,0.5996666666666667,0.7038888888888888,1.901111111111111,0.24755555555555553,0.7162222222222222,0.4823333333333333,0.49533333333333335,-3.0
0022500520,12.222222222222221,34.0,46.22222222222222,23.88888888888889,7.666666666666667,5.666666666666667,11.0,17.88888888888889,122.44444444444444,14.166666666666666,97.5,0.12222222222222223,0.5820000000000001,0.6122222222222222,0.5352222222222222,2.3255555555555554,0.3494444444444444,0.7256666666666667,0.5412222222222222,0.5563333333333333,8.363636363636363,32.0,40.36363636363637,28.454545454545453,6.454545454545454,4.0,12.363636363636363,18.90909090909091,121.54545454545455,-1.4909090909090914,99.42727272727274,0.12890909090909092,0.5756363636363636,0.6148181818181819,0.6489090909090908,2.278181818181818,0.26645454545454544,0.6904545454545454,0.48545454545454536,0.4910909090909091,-4.0
0022400941,10.5,34.2,44.7,28.2,10.1,6.2,15.1,22.1,120.8,7.17,103.4,0.1573,0.5752,0.6087999999999999,0.6277999999999999,1.846,0.3044,0.7257,0.5239,0.5660000000000001,10.333333333333334,33.666666666666664,44.0,26.555555555555557,8.555555555555555,6.888888888888889,15.222222222222221,19.88888888888889,107.66666666666667,-4.48888888888889,100.61111111111111,0.15299999999999997,0.5092222222222222,0.5508888888888889,0.7044444444444444,1.9644444444444444,0.2743333333333333,0.6573333333333333,0.46911111111111103,0.4895555555555555,20.0
0022500582,11.363636363636363,37.36363636363637,48.72727272727273,23.454545454545453,6.636363636363637,3.8181818181818183,11.909090909090908,18.818181818181817,110.18181818181819,-0.10000000000000013,100.63636363636364,0.12254545454545455,0.4934545454545454,0.5403636363636364,0.6003636363636363,2.097272727272727,0.28163636363636363,0.745090909090909,0.5096363636363637,0.4973636363636364,9.8,31.6,41.4,25.7,7.5,3.8,13.5,18.0,111.7,-2.2299999999999995,97.15,0.14579999999999999,0.5607000000000001,0.5915999999999999,0.6277999999999999,1.9920000000000002,0.27799999999999997,0.6847,0.48740000000000006,0.4929,18.0
0022501035,13.363636363636363,36.18181818181818,49.54545454545455,25.272727272727273,5.909090909090909,4.0,11.909090909090908,17.818181818181817,111.45454545454545,7.645454545454545,95.18181818181819,0.13727272727272727,0.5284545454545454,0.5705454545454546,0.6377272727272727,2.057272727272727,0.3433636363636364,0.7472727272727272,0.5461818181818182,0.5383636363636364,9.909090909090908,32.90909090909091,42.81818181818182,25.272727272727273,8.454545454545455,4.909090909090909,15.363636363636363,21.454545454545453,115.63636363636364,-0.13636363636363685,101.0909090909091,0.1611818181818182,0.5643636363636363,0.604909090909091,0.6043636363636362,1.6245454545454547,0.3061818181818182,0.6763636363636364,0.5018181818181818,0.505,-10.0
0022500542,11.272727272727273,34.0,45.27272727272727,30.818181818181817,8.727272727272727,4.909090909090909,14.454545454545455,19.272727272727273,121.45454545454545,2.5272727272727273,103.0909090909091,0.1461818181818182,0.5773636363636363,0.6051818181818183,0.6737272727272727,2.098181818181818,0.2810909090909091,0.6706363636363637,0.4852727272727273,0.519909090909091,11.454545454545455,35.54545454545455,47.0,27.272727272727273,9.090909090909092,6.181818181818182,12.0,19.363636363636363,121.0909090909091,6.545454545454546,102.71545454545453,0.12063636363636364,0.5558181818181818,0.5875454545454546,0.6233636363636363,2.4572727272727275,0.2875454545454545,0.6977272727272728,0.4975454545454545,0.541,12.0
0022500353,12.636363636363637,32.27272727272727,44.90909090909091,25.636363636363637,8.909090909090908,6.181818181818182,16.09090909090909,21.454545454545453,118.45454545454545,4.463636363636365,101.36363636363636,0.16709090909090912,0.555,0.5950909090909091,0.6033636363636364,1.59,0.3411818181818182,0.703090909090909,0.527,0.5301818181818182,7.583333333333333,31.166666666666668,38.75,27.75,8.166666666666666,3.5,15.166666666666666,20.25,112.41666666666667,-5.341666666666666,98.52833333333332,0.15958333333333333,0.5848333333333334,0.6076666666666667,0.6739166666666666,1.7541666666666667,0.23899999999999996,0.7190833333333333,0.4785,0.4715833333333334,12.0
0022300241,8.363636363636363,29.90909090909091,38.27272727272727,27.454545454545453,7.090909090909091,4.545454545454546,13.272727272727273,21.0,116.27272727272727,-6.918181818181818,102.5,0.13172727272727272,0.5568181818181818,0.5854545454545454,0.6215454545454544,2.4918181818181817,0.21918181818181814,0.6608181818181819,0.43700000000000006,0.4588181818181818,14.555555555555555,30.11111111111111,44.666666666666664,25.77777777777778,8.555555555555555,5.666666666666667,15.0,19.555555555555557,124.88888888888889,-0.5999999999999999,102.22888888888889,0.14977777777777776,0.5596666666666666,0.6032222222222221,0.5935555555555555,1.7244444444444447,0.3433333333333334,0.6714444444444445,0.5052222222222222,0.4905555555555556,-28.0
0022500506,9.1,33.4,42.5,24.7,9.9,5.7,11.4,19.7,118.9,8.539999999999997,102.2,0.1193,0.5555,0.5923,0.554,2.1239999999999997,0.2624,0.7122,0.491,0.5508000000000001,12.7,32.9,45.6,28.8,7.6,4.2,14.3,19.7,118.7,1.4600000000000004,99.095,0.1507,0.5557000000000001,0.5875999999999999,0.6915,2.319,0.3512,0.7102999999999999,0.5267000000000001,0.4928,-27.0
0022500823,7.625,30.75,38.375,27.0,8.0,3.5,15.375,17.875,114.5,-0.3374999999999997,100.0625,0.156875,0.581,0.613625,0.641125,1.8375,0.256625,0.719,0.4955,0.504,14.285714285714286,36.0,50.285714285714285,25.857142857142858,6.285714285714286,5.142857142857143,11.714285714285714,16.0,109.0,11.1,93.42857142857143,0.1347142857142857,0.5318571428571428,0.5555714285714286,0.6122857142857142,2.132857142857143,0.3618571428571428,0.735142857142857,0.551,0.5495714285714286,-22.0
0022400840,14.25,29.875,44.125,24.125,10.125,7.5,14.375,21.5,100.125,-0.9500000000000002,94.375,0.162625,0.494625,0.527625,0.642625,1.625,0.36450000000000005,0.662,0.508875,0.501125,13.555555555555555,33.22222222222222,46.77777777777778,28.0,9.777777777777779,6.666666666666667,10.333333333333334,21.333333333333332,125.22222222222223,12.877777777777775,99.96111111111111,0.107,0.564,0.5997777777777779,0.6204444444444444,2.7,0.3058888888888889,0.7077777777777777,0.5045555555555556,0.5588888888888889,-8.0
0022400891,11.571428571428571,32.714285714285715,44.285714285714285,25.142857142857142,6.285714285714286,4.285714285714286,13.0,15.714285714285714,113.14285714285714,5.871428571428572,96.21428571428571,0.14714285714285716,0.5724285714285714,0.5988571428571429,0.6158571428571429,1.872857142857143,0.291,0.7152857142857142,0.507,0.5074285714285715,13.5,33.375,46.875,28.25,9.625,5.125,15.375,21.0,122.0,10.2,102.6675,0.1575,0.5578749999999999,0.5875,0.6405000000000001,1.7999999999999998,0.33999999999999997,0.686375,0.51475,0.54475,10.0
0022500626,10.0,30.333333333333332,40.333333333333336,24.416666666666668,6.166666666666667,4.75,13.916666666666666,20.25,108.25,-8.683333333333335,97.95833333333333,0.15091666666666667,0.5414166666666668,0.5769166666666666,0.6019999999999999,1.7608333333333333,0.2826666666666667,0.6702500000000001,0.48425,0.4615,12.090909090909092,30.454545454545453,42.54545454545455,30.545454545454547,7.454545454545454,4.818181818181818,11.181818181818182,20.545454545454547,114.27272727272727,2.045454545454546,97.94636363636364,0.11790909090909091,0.5254545454545455,0.5624545454545454,0.7149999999999999,2.819090909090909,0.30363636363636365,0.7072727272727273,0.49845454545454543,0.5154545454545455,-13.0
0022400838,10.142857142857142,30.714285714285715,40.857142857142854,25.857142857142858,7.571428571428571,3.2857142857142856,12.714285714285714,16.285714285714285,117.85714285714286,-7.814285714285714,99.43999999999998,0.1345714285714286,0.5398571428571429,0.574857142857143,0.5732857142857143,1.8828571428571428,0.3028571428571429,0.6938571428571427,0.4927142857142857,0.4612857142857143,10.88888888888889,30.333333333333332,41.22222222222222,24.77777777777778,9.0,4.555555555555555,12.222222222222221,18.333333333333332,108.22222222222223,-9.455555555555556,98.77777777777777,0.128,0.5103333333333333,0.5524444444444445,0.6214444444444445,2.17,0.27411111111111114,0.6567777777777777,0.4598888888888888,0.4596666666666666,5.0
0022501152,7.8,30.8,38.6,34.4,6.8,3.8,12.7,19.5,121.5,-4.869999999999999,100.85,0.13389999999999996,0.6051,0.6308999999999999,0.7542,2.711,0.23179999999999995,0.6437999999999999,0.45039999999999997,0.4962,11.9,33.5,45.4,25.7,9.2,6.6,14.2,20.0,110.9,3.1900000000000004,101.236,0.1465,0.5096999999999999,0.544,0.6276999999999999,1.7619999999999998,0.29359999999999997,0.6695999999999999,0.4793,0.4979,-20.0
0022500800,14.75,29.25,44.0,23.125,7.5,4.625,13.625,18.875,108.125,-11.0375,97.8125,0.14937499999999998,0.489375,0.5366249999999999,0.58975,1.64125,0.369,0.7166250000000001,0.524375,0.43174999999999997,7.625,30.25,37.875,28.125,11.25,5.25,11.75,20.25,115.25,0.4874999999999998,101.5,0.124875,0.5427500000000001,0.58875,0.7024999999999999,2.5012499999999998,0.22725,0.7108749999999999,0.463375,0.5105000000000001,-37.0
0022500685,13.0,29.90909090909091,42.90909090909091,24.09090909090909,9.181818181818182,4.454545454545454,13.363636363636363,19.636363636363637,111.45454545454545,4.5,98.04545454545455,0.14554545454545456,0.5331818181818182,0.5685454545454546,0.5971818181818181,1.7272727272727273,0.3208181818181818,0.6601818181818182,0.48681818181818176,0.5058181818181818,11.666666666666666,32.55555555555556,44.22222222222222,26.666666666666668,12.0,7.0,14.88888888888889,21.444444444444443,110.77777777777777,8.911111111111111,98.83333333333333,0.15655555555555556,0.5314444444444445,0.5624444444444444,0.6424444444444445,2.058888888888889,0.3348888888888889,0.6944444444444444,0.5154444444444445,0.5533333333333333,18.0
0022400567,11.777777777777779,36.77777777777778,48.55555555555556,29.444444444444443,7.555555555555555,6.333333333333333,11.88888888888889,15.666666666666666,111.88888888888889,4.011111111111111,98.13555555555556,0.1262222222222222,0.5247777777777779,0.5577777777777778,0.7112222222222222,2.46,0.29177777777777775,0.6836666666666666,0.49522222222222223,0.537,14.3,33.3,47.6,26.7,10.0,5.4,17.2,20.9,123.5,0.5900000000000002,105.2,0.1699,0.5515000000000001,0.588,0.6102000000000001,1.521,0.3646,0.7045,0.5324000000000001,0.497,-14.0
0022300767,8.818181818181818,33.90909090909091,42.72727272727273,27.0,8.090909090909092,4.0,11.272727272727273,20.272727272727273,116.36363636363636,1.8909090909090907,101.0,0.11854545454545452,0.5545454545454546,0.5852727272727272,0.6434545454545455,2.4154545454545455,0.23900000000000005,0.7538181818181818,0.49227272727272725,0.5091818181818181,12.4,32.1,44.5,26.5,5.9,6.1,11.6,17.7,108.7,-2.1199999999999997,95.6,0.1323,0.5254999999999999,0.5579999999999999,0.6409,2.313,0.3351,0.7347999999999999,0.5280000000000001,0.4899,17.0
0022400333,10.0,28.666666666666668,38.666666666666664,22.11111111111111,10.222222222222221,5.0,13.555555555555555,20.0,104.0,-4.633333333333334,96.05333333333334,0.15055555555555555,0.5138888888888888,0.5514444444444444,0.5907777777777778,1.5555555555555556,0.2836666666666667,0.6673333333333333,0.47033333333333327,0.4714444444444444,11.181818181818182,29.454545454545453,40.63636363636363,24.0,10.454545454545455,7.545454545454546,14.181818181818182,20.363636363636363,108.45454545454545,6.927272727272726,95.5909090909091,0.1568181818181818,0.5355454545454545,0.5777272727272729,0.6121818181818182,1.7109090909090907,0.32145454545454544,0.7090909090909091,0.5113636363636364,0.5510909090909091,8.0
0022500221,10.0,34.63636363636363,44.63636363636363,23.90909090909091,8.545454545454545,5.636363636363637,15.727272727272727,20.90909090909091,107.18181818181819,-5.990909090909091,103.0,0.1549090909090909,0.4993636363636364,0.5436363636363637,0.6255454545454544,1.5518181818181818,0.2576363636363636,0.7021818181818181,0.48281818181818187,0.4805454545454546,12.545454545454545,30.363636363636363,42.90909090909091,27.90909090909091,10.181818181818182,4.818181818181818,16.09090909090909,23.272727272727273,116.81818181818181,1.5909090909090913,100.02272727272727,0.16745454545454544,0.5605454545454546,0.5950000000000001,0.6738181818181818,1.7145454545454548,0.3382727272727273,0.6920000000000001,0.5118181818181817,0.5058181818181817,-9.0
0022400055,10.7,31.3,42.0,25.3,11.2,5.9,10.3,21.1,112.3,7.670000000000002,98.1,0.11310000000000002,0.5306000000000001,0.5642,0.6105,2.466,0.28290000000000004,0.6515,0.4668,0.5490999999999999,12.545454545454545,31.181818181818183,43.72727272727273,24.818181818181817,7.2727272727272725,3.6363636363636362,15.818181818181818,19.363636363636363,111.0909090909091,-6.045454545454546,97.95454545454545,0.17300000000000001,0.5511818181818181,0.5816363636363636,0.6053636363636364,1.5045454545454546,0.3379090909090909,0.7127272727272728,0.5271818181818181,0.46227272727272734,27.0
0022500480,10.9,35.2,46.1,31.7,6.6,4.8,12.7,17.6,122.1,-0.2400000000000003,103.6,0.12930000000000003,0.5681999999999999,0.5952,0.7013,2.464,0.29359999999999997,0.7305999999999999,0.5167,0.5115000000000001,12.444444444444445,32.111111111111114,44.55555555555556,27.11111111111111,7.777777777777778,4.888888888888889,12.222222222222221,23.22222222222222,113.33333333333333,-6.288888888888888,100.51333333333334,0.12166666666666666,0.5076666666666667,0.549,0.6561111111111111,2.525555555555555,0.3035555555555556,0.6913333333333334,0.48655555555555563,0.47177777777777774,7.0
0022301002,11.7,36.2,47.9,26.8,5.7,5.0,14.0,16.8,113.8,-0.9200000000000003,99.324,0.1477,0.5517,0.5813,0.6249,1.9469999999999998,0.29869999999999997,0.735,0.5277,0.5062,10.727272727272727,29.272727272727273,40.0,23.636363636363637,7.636363636363637,5.818181818181818,10.545454545454545,19.454545454545453,101.9090909090909,-3.5363636363636357,93.0909090909091,0.1223636363636364,0.5023636363636365,0.5386363636363636,0.6294545454545455,2.2636363636363637,0.26818181818181813,0.6920909090909091,0.46736363636363637,0.4632727272727273,13.0
0022300849,8.11111111111111,34.55555555555556,42.666666666666664,25.0,7.777777777777778,3.5555555555555554,13.777777777777779,16.666666666666668,102.88888888888889,-4.333333333333332,98.0,0.15466666666666667,0.5287777777777778,0.5593333333333333,0.6572222222222223,1.77,0.23355555555555554,0.7282222222222222,0.48788888888888887,0.4856666666666667,9.25,36.5,45.75,28.0,7.875,5.0,12.25,16.875,112.25,8.95,97.1875,0.13424999999999998,0.57125,0.597375,0.67525,2.34125,0.24775,0.743,0.505625,0.5493750000000001,-12.0
0022300438,9.7,31.8,41.5,26.5,6.6,6.0,11.8,19.3,124.0,5.19,99.1,0.129,0.597,0.6369,0.5889,2.2329999999999997,0.28359999999999996,0.7090000000000001,0.51,0.5299,9.8,32.0,41.8,24.1,7.0,6.7,15.0,20.1,109.0,-7.959999999999999,99.939,0.1567,0.5217,0.5569000000000001,0.6252000000000001,1.656,0.2715000000000001,0.6841,0.4771000000000001,0.45219999999999994,11.0
0022500238,10.090909090909092,35.45454545454545,45.54545454545455,24.545454545454547,9.0,6.454545454545454,16.09090909090909,21.363636363636363,111.0,-3.300000000000001,102.91181818181818,0.1594545454545455,0.5154545454545455,0.5559999999999999,0.6167272727272727,1.541818181818182,0.2686363636363636,0.7026363636363637,0.4915454545454546,0.4949090909090909,15.1,28.7,43.8,25.0,9.2,4.4,15.6,23.3,119.4,-1.4700000000000002,103.5,0.159,0.5317000000000001,0.5755000000000001,0.5968,1.581,0.35219999999999996,0.6664999999999999,0.5003,0.4673,5.0
0022300896,9.875,30.75,40.625,25.625,6.875,4.375,10.875,21.125,106.125,-5.9,95.4375,0.117625,0.5155000000000001,0.548875,0.64225,2.51875,0.268625,0.7270000000000001,0.48175,0.4505,10.75,32.0,42.75,23.0,8.75,5.75,16.0,18.0,101.75,-7.6625000000000005,96.66375,0.174,0.503375,0.5409999999999999,0.63275,1.47875,0.2925,0.685125,0.489375,0.469625,-6.0
0022301094,8.9,26.4,35.3,27.6,9.6,4.0,15.5,17.7,103.2,-16.860000000000003,99.05,0.1598,0.5218,0.5505,0.6910000000000001,1.925,0.24860000000000002,0.6502999999999999,0.44299999999999995,0.43099999999999994,8.11111111111111,39.666666666666664,47.77777777777778,28.333333333333332,4.888888888888889,5.0,14.333333333333334,14.555555555555555,120.55555555555556,3.222222222222222,101.35666666666667,0.14300000000000002,0.5737777777777777,0.6168888888888889,0.6663333333333334,2.1744444444444446,0.22899999999999998,0.7405555555555555,0.5107777777777778,0.5301111111111112,-17.0
0022400379,8.625,30.25,38.875,23.25,8.5,4.625,14.75,22.875,103.375,-10.8875,97.9375,0.175375,0.515875,0.55725,0.638625,1.4000000000000001,0.26775,0.71375,0.479125,0.43,11.125,34.25,45.375,24.75,5.875,6.375,19.375,17.125,112.625,-10.8,99.9375,0.196625,0.5705,0.6100000000000001,0.6292500000000001,1.3925,0.3105,0.721125,0.5235000000000001,0.46399999999999997,-11.0
0022300803,9.0,32.666666666666664,41.666666666666664,28.444444444444443,8.444444444444445,3.4444444444444446,13.11111111111111,19.88888888888889,118.55555555555556,-1.9444444444444444,102.44444444444444,0.13066666666666665,0.5726666666666667,0.5956666666666668,0.6347777777777779,2.6333333333333337,0.24388888888888888,0.766,0.4935555555555556,0.47977777777777775,10.25,34.0,44.25,28.375,7.375,6.875,14.5,15.0,105.625,-9.6,101.125,0.15325,0.504,0.5367500000000001,0.7068749999999999,1.8562500000000002,0.275875,0.739625,0.49775,0.46187500000000004,5.0
0022500392,11.875,33.375,45.25,28.125,8.875,3.625,14.5,20.875,110.625,3.125,99.0,0.152625,0.5285,0.5606249999999999,0.711875,1.9325,0.315125,0.69625,0.49824999999999997,0.5129999999999999,10.75,28.75,39.5,23.75,11.625,3.0,14.0,20.375,108.0,-8.7,99.6875,0.14400000000000002,0.517625,0.5506249999999999,0.589,1.9125,0.28837500000000005,0.70775,0.47824999999999995,0.451125,3.0
0022300439,11.363636363636363,32.72727272727273,44.09090909090909,28.818181818181817,7.545454545454546,6.454545454545454,13.727272727272727,18.545454545454547,117.0,-1.6181818181818182,99.72727272727273,0.1461818181818182,0.5499999999999999,0.5902727272727274,0.6740909090909092,2.0245454545454544,0.32499999999999996,0.7040909090909092,0.517090909090909,0.5043636363636363,10.2,32.5,42.7,26.1,6.5,3.0,13.4,18.5,114.2,3.2700000000000005,97.3,0.14359999999999998,0.5567,0.5975,0.655,2.016,0.2948,0.721,0.5127,0.5067999999999999,8.0
0022300998,11.454545454545455,35.54545454545455,47.0,28.727272727272727,7.363636363636363,6.818181818181818,9.909090909090908,14.272727272727273,122.27272727272727,19.263636363636365,96.68181818181819,0.10872727272727273,0.5907272727272728,0.6187272727272727,0.6358181818181818,3.432727272727273,0.29772727272727273,0.7414545454545454,0.5286363636363636,0.5842727272727273,8.2,34.4,42.6,25.4,6.7,3.4,9.9,15.9,114.4,2.919999999999999,97.1,0.1091,0.5590999999999999,0.5987999999999999,0.6320000000000001,2.5989999999999998,0.22800000000000004,0.7782,0.5006,0.5114000000000001,3.0
0022500413,10.777777777777779,30.0,40.77777777777778,23.0,7.222222222222222,5.555555555555555,11.88888888888889,21.555555555555557,109.55555555555556,-6.3999999999999995,99.27777777777777,0.123,0.5164444444444445,0.5587777777777778,0.5935555555555555,2.011111111111111,0.2564444444444444,0.6715555555555555,0.4570000000000001,0.4613333333333334,8.125,31.125,39.25,25.875,7.375,3.5,15.75,19.875,106.875,-7.987499999999999,98.3125,0.16899999999999998,0.5545,0.5872499999999999,0.6756249999999999,1.58875,0.26249999999999996,0.676375,0.478375,0.468625,-17.0
0022400771,11.333333333333334,32.916666666666664,44.25,25.583333333333332,6.916666666666667,4.083333333333333,13.916666666666666,19.25,106.66666666666667,-12.141666666666666,100.41666666666667,0.14941666666666667,0.5014166666666667,0.5385833333333334,0.66125,1.8875,0.29250000000000004,0.7295833333333334,0.5008333333333334,0.42783333333333334,9.88888888888889,29.444444444444443,39.333333333333336,30.333333333333332,10.222222222222221,5.0,11.11111111111111,18.11111111111111,118.11111111111111,-1.7222222222222223,101.88888888888889,0.11244444444444444,0.5496666666666666,0.588,0.7006666666666667,2.8333333333333335,0.24033333333333337,0.6482222222222221,0.44222222222222224,0.5071111111111111,-4.0
0022300908,12.5,32.125,44.625,28.375,7.75,4.5,12.5,19.125,115.125,0.1499999999999999,97.72874999999999,0.132,0.555375,0.5753750000000001,0.628,2.34125,0.3175,0.74825,0.524875,0.48724999999999996,11.25,33.75,45.0,32.125,7.0,7.875,14.75,14.5,112.125,-4.6375,102.5625,0.1515,0.542,0.5675,0.75275,2.3625,0.269125,0.72875,0.494625,0.48162499999999997,2.0
0022400783,11.0,33.8,44.8,25.8,8.3,4.6,14.4,18.5,114.6,2.400000000000001,99.291,0.1513,0.5539000000000001,0.5900000000000001,0.6048,1.8619999999999997,0.2954,0.7428,0.5237,0.5142999999999999,15.5,32.6,48.1,28.1,8.7,6.1,14.9,20.4,125.1,6.970000000000001,102.7,0.1501,0.5650000000000001,0.5972999999999999,0.6019000000000001,1.953,0.3749,0.6741,0.5253,0.5277000000000001,14.0
0022300384,9.1,30.8,39.9,27.2,5.9,2.6,12.7,19.9,117.0,0.9899999999999999,97.75,0.13490000000000002,0.5668,0.6089,0.6648,2.314,0.2814,0.7326,0.5065999999999999,0.49189999999999995,12.8,30.3,43.1,26.0,7.0,4.5,11.2,20.6,124.3,-1.29,101.65,0.11810000000000001,0.5598000000000001,0.5955999999999999,0.5688,2.3219999999999996,0.31779999999999997,0.7119,0.5032,0.48179999999999995,9.0
0022500068,9.090909090909092,31.09090909090909,40.18181818181818,26.636363636363637,8.0,3.0,14.0,20.727272727272727,109.72727272727273,-14.6,102.55636363636363,0.14190909090909087,0.5177272727272727,0.554,0.6603636363636364,2.043636363636364,0.24400000000000002,0.690090909090909,0.45972727272727276,0.4281818181818183,13.636363636363637,30.363636363636363,44.0,24.636363636363637,11.181818181818182,4.0,15.545454545454545,22.181818181818183,116.27272727272727,6.927272727272728,98.9090909090909,0.1629090909090909,0.5552727272727274,0.5901818181818181,0.5884545454545455,1.800909090909091,0.368090909090909,0.6968181818181818,0.5289999999999999,0.5254545454545455,-12.0
0022500673,12.090909090909092,34.81818181818182,46.90909090909091,23.727272727272727,7.363636363636363,4.909090909090909,11.909090909090908,17.818181818181817,112.9090909090909,4.763636363636364,95.54818181818182,0.129,0.5362727272727273,0.564909090909091,0.5591818181818181,2.1500000000000004,0.32963636363636367,0.7088181818181818,0.5214545454545455,0.511,10.1,34.0,44.1,30.6,10.1,5.3,12.8,19.2,115.0,0.9499999999999993,103.2,0.1309,0.5429,0.5685,0.7162,2.7969999999999997,0.2624,0.7466000000000002,0.4944,0.5002,-11.0
0022400590,12.166666666666666,33.833333333333336,46.0,23.75,5.916666666666667,5.083333333333333,14.75,17.916666666666668,111.83333333333333,2.441666666666667,95.70833333333333,0.16266666666666665,0.5706666666666668,0.6000000000000001,0.5973333333333334,1.6183333333333332,0.3209166666666667,0.6795833333333333,0.51175,0.5132499999999999,10.8,34.3,45.1,31.2,6.4,5.4,13.0,17.2,122.8,4.68,101.75,0.1301,0.5787000000000001,0.6079999999999999,0.6905999999999999,2.554,0.2864,0.7068000000000001,0.5011,0.5245,-7.0
0022300362,13.0,34.77777777777778,47.77777777777778,27.0,6.111111111111111,3.4444444444444446,15.222222222222221,22.0,119.11111111111111,0.21111111111111092,99.85555555555555,0.15833333333333333,0.5545555555555555,0.5944444444444444,0.6486666666666667,1.836666666666667,0.33533333333333337,0.7374444444444445,0.5386666666666666,0.5026666666666667,10.75,35.0,45.75,25.75,7.875,8.125,13.75,17.875,121.5,10.05,98.875,0.14475,0.59275,0.6245,0.582125,1.9162499999999998,0.307125,0.722,0.524875,0.557,6.0
0022400223,8.727272727272727,35.0,43.72727272727273,21.818181818181817,7.363636363636363,5.363636363636363,13.545454545454545,19.636363636363637,109.54545454545455,-3.372727272727273,99.86363636363636,0.14100000000000001,0.5445454545454546,0.5733636363636362,0.545909090909091,1.5936363636363637,0.23027272727272727,0.7391818181818182,0.4880909090909091,0.4800909090909091,11.25,35.416666666666664,46.666666666666664,24.583333333333332,5.083333333333333,5.583333333333333,16.5,20.75,108.41666666666667,-1.8083333333333333,97.95416666666667,0.17658333333333334,0.5348333333333333,0.5679166666666667,0.6091666666666667,1.4983333333333333,0.316,0.7376666666666667,0.5298333333333333,0.48466666666666675,7.0
0022400857,9.555555555555555,34.888888888888886,44.44444444444444,29.22222222222222,6.444444444444445,6.777777777777778,11.88888888888889,17.666666666666668,118.44444444444444,-6.666666666666668,100.58555555555556,0.12055555555555555,0.5538888888888889,0.5865555555555555,0.6703333333333332,2.6077777777777778,0.24333333333333337,0.6805555555555555,0.4753333333333333,0.4874444444444445,12.875,36.125,49.0,26.0,7.375,5.625,13.875,18.625,115.0,-1.6375000000000002,102.29875,0.137625,0.522375,0.555625,0.612375,2.2125000000000004,0.28300000000000003,0.70225,0.497125,0.48487500000000006,17.0
0022300961,8.416666666666666,31.666666666666668,40.083333333333336,23.75,8.25,4.166666666666667,13.5,16.25,100.16666666666667,-6.858333333333333,96.41666666666667,0.14775,0.5199166666666667,0.54675,0.6325,1.9633333333333336,0.228,0.6894166666666667,0.4593333333333333,0.4741666666666667,13.090909090909092,35.36363636363637,48.45454545454545,25.09090909090909,6.363636363636363,5.7272727272727275,14.181818181818182,16.818181818181817,113.45454545454545,-1.4090909090909094,99.52181818181818,0.1499090909090909,0.5364545454545454,0.5704545454545454,0.6,1.770909090909091,0.3212727272727272,0.7274545454545455,0.5285454545454545,0.5001818181818183,-11.0
0022400286,12.5,35.6,48.1,23.2,7.7,5.2,15.8,19.4,107.5,-3.4800000000000004,97.81700000000001,0.16709999999999997,0.5121,0.5459,0.6016999999999999,1.656,0.32280000000000003,0.7498000000000001,0.5271,0.4776999999999999,9.88888888888889,32.77777777777778,42.666666666666664,25.555555555555557,10.333333333333334,3.111111111111111,11.444444444444445,16.77777777777778,112.88888888888889,0.3222222222222222,97.99777777777778,0.12422222222222223,0.5306666666666666,0.5680000000000001,0.632,2.278888888888889,0.26033333333333336,0.7377777777777779,0.48788888888888887,0.49388888888888893,-4.0
0022400869,11.25,32.125,43.375,25.125,6.75,3.375,12.375,14.75,109.25,-2.475000000000001,94.86,0.14024999999999999,0.5409999999999999,0.57975,0.631875,2.20125,0.29137500000000005,0.72775,0.507375,0.48424999999999996,8.625,31.5,40.125,25.75,7.375,4.25,12.75,16.25,116.0,-7.137499999999999,100.13499999999999,0.13187500000000002,0.541625,0.576875,0.5836250000000001,1.9725,0.262625,0.6789999999999999,0.47050000000000003,0.470625,-4.0
0022500620,12.818181818181818,34.90909090909091,47.72727272727273,28.0,5.7272727272727275,3.909090909090909,14.363636363636363,19.454545454545453,119.0909090909091,9.309090909090909,96.86363636363636,0.15327272727272725,0.5754545454545456,0.6092727272727273,0.6499999999999999,1.9772727272727273,0.36854545454545456,0.7431818181818183,0.5580909090909091,0.5427272727272726,11.3,33.5,44.8,32.0,8.1,5.8,15.4,18.5,120.6,1.6800000000000002,102.7,0.15639999999999998,0.5783,0.6084,0.7133999999999999,2.12,0.28969999999999996,0.7122999999999999,0.5061,0.5130000000000001,-7.0
0022501185,9.181818181818182,32.54545454545455,41.72727272727273,26.454545454545453,9.090909090909092,4.636363636363637,13.636363636363637,17.09090909090909,116.27272727272727,-1.2000000000000013,99.22727272727273,0.1467272727272727,0.5768181818181818,0.6150909090909091,0.6332727272727273,1.8599999999999997,0.29163636363636364,0.7106363636363636,0.512,0.5168181818181818,12.727272727272727,29.90909090909091,42.63636363636363,24.818181818181817,8.454545454545455,5.363636363636363,12.454545454545455,20.454545454545453,115.27272727272727,4.1000000000000005,98.81818181818181,0.132,0.5404545454545455,0.5722727272727273,0.5849090909090909,2.49,0.32409090909090904,0.6691818181818182,0.48900000000000005,0.5022727272727272,28.0
0022500501,12.125,28.375,40.5,23.5,9.25,4.125,15.875,22.0,113.75,-6.3125,98.875,0.164125,0.551125,0.588375,0.571,1.7000000000000002,0.31975,0.681125,0.49850000000000005,0.4615,10.555555555555555,32.888888888888886,43.44444444444444,29.88888888888889,9.222222222222221,6.222222222222222,15.88888888888889,19.555555555555557,121.44444444444444,1.9444444444444444,103.10333333333334,0.1547777777777778,0.5592222222222222,0.5927777777777778,0.6773333333333332,1.9522222222222223,0.32033333333333336,0.665,0.4925555555555555,0.5177777777777778,6.0
0022401089,10.0,32.27272727272727,42.27272727272727,27.454545454545453,6.7272727272727275,5.0,15.0,17.454545454545453,106.45454545454545,-11.245454545454546,98.13636363636364,0.158,0.5223636363636364,0.5588181818181819,0.6982727272727272,1.8536363636363637,0.3006363636363636,0.6915454545454545,0.4940909090909091,0.4532727272727273,9.416666666666666,33.416666666666664,42.833333333333336,24.75,6.666666666666667,3.1666666666666665,17.0,18.916666666666668,107.16666666666667,-14.95833333333333,102.375,0.17258333333333334,0.5208333333333334,0.5530833333333335,0.6388333333333333,1.456666666666667,0.262,0.6933333333333334,0.47983333333333333,0.41158333333333336,4.0
0022400759,10.7,35.5,46.2,27.7,5.8,4.1,14.1,15.7,109.1,-3.8199999999999994,97.478,0.15080000000000002,0.5342,0.5657,0.6894000000000001,1.9949999999999999,0.2731,0.7252,0.506,0.4867,9.454545454545455,33.72727272727273,43.18181818181818,28.09090909090909,6.7272727272727275,5.909090909090909,10.909090909090908,17.454545454545453,117.54545454545455,8.672727272727274,97.30999999999999,0.11418181818181818,0.5744545454545453,0.6031818181818182,0.6649090909090909,2.8972727272727274,0.2500909090909091,0.7221818181818183,0.4923636363636364,0.5482727272727274,-18.0
0022300495,8.545454545454545,32.18181818181818,40.72727272727273,24.0,10.0,6.181818181818182,11.181818181818182,20.636363636363637,114.63636363636364,8.172727272727274,99.0,0.1182727272727273,0.5388181818181819,0.5807272727272728,0.5835454545454546,2.14,0.2621818181818182,0.6911818181818182,0.47963636363636364,0.5348181818181819,11.545454545454545,34.09090909090909,45.63636363636363,29.181818181818183,8.090909090909092,5.545454545454546,13.545454545454545,19.181818181818183,120.0,1.8636363636363635,101.21727272727271,0.1369090909090909,0.5427272727272728,0.5862727272727274,0.6767272727272726,2.1745454545454543,0.3180909090909091,0.7206363636363636,0.519090909090909,0.5137272727272728,-11.0
0022400878,13.25,33.375,46.625,27.125,6.625,5.25,14.5,21.125,120.75,-2.325,103.245,0.145625,0.531125,0.57075,0.6111249999999999,1.89375,0.320125,0.699625,0.5038750000000001,0.46975,11.857142857142858,31.857142857142858,43.714285714285715,29.571428571428573,9.142857142857142,4.714285714285714,14.285714285714286,20.428571428571427,119.57142857142857,-4.4714285714285715,102.42285714285715,0.1484285714285714,0.5498571428571429,0.5825714285714285,0.6775714285714286,2.007142857142857,0.30128571428571427,0.728,0.5067142857142857,0.4864285714285715,-2.0
0022501181,11.545454545454545,30.545454545454547,42.09090909090909,30.818181818181817,9.272727272727273,4.2727272727272725,13.272727272727273,19.818181818181817,118.45454545454545,-13.990909090909092,106.72727272727273,0.13063636363636363,0.5358181818181819,0.5676363636363636,0.6891818181818181,2.319090909090909,0.27590909090909094,0.6977272727272728,0.4750909090909092,0.44945454545454544,8.916666666666666,25.25,34.166666666666664,24.75,9.0,2.9166666666666665,14.0,22.25,111.0,-18.208333333333332,100.79166666666667,0.14183333333333334,0.5360833333333335,0.5711666666666667,0.6271666666666665,2.0016666666666665,0.24641666666666664,0.6051666666666666,0.41308333333333347,0.38891666666666663,46.0
0022500998,12.181818181818182,34.0,46.18181818181818,27.363636363636363,8.272727272727273,4.7272727272727275,12.363636363636363,18.363636363636363,114.81818181818181,-2.8000000000000003,101.72727272727273,0.12699999999999997,0.5329090909090909,0.5671818181818181,0.615,2.9054545454545457,0.2922727272727273,0.7181818181818183,0.5077272727272727,0.49472727272727274,11.25,35.0,46.25,30.25,7.25,6.583333333333333,11.916666666666666,21.0,120.16666666666667,9.4,100.5,0.1305,0.5723333333333334,0.6018333333333333,0.70175,2.5508333333333333,0.28700000000000003,0.71475,0.5105,0.5484166666666667,-28.0
0022400518,11.8,31.2,43.0,26.0,9.9,4.7,13.2,21.3,115.7,4.18,100.15,0.1408,0.5555999999999999,0.5812,0.5938000000000001,1.973,0.3134,0.7383999999999998,0.5153,0.5093,11.727272727272727,31.818181818181817,43.54545454545455,27.09090909090909,8.454545454545455,5.909090909090909,13.636363636363637,17.545454545454547,107.0,-6.181818181818182,98.9090909090909,0.14527272727272728,0.5189090909090909,0.5452727272727272,0.6795454545454546,2.02,0.29218181818181815,0.6949090909090908,0.48763636363636365,0.46227272727272734,-3.0
0022400861,12.88888888888889,35.22222222222222,48.111111111111114,30.666666666666668,10.222222222222221,4.888888888888889,13.88888888888889,20.22222222222222,123.55555555555556,13.011111111111113,101.94444444444444,0.14600000000000002,0.5751111111111111,0.6051111111111109,0.6661111111111111,2.1177777777777775,0.33922222222222226,0.7398888888888888,0.5432222222222223,0.5732222222222223,16.375,29.625,46.0,24.0,10.5,6.875,15.875,21.875,102.875,-2.2875000000000005,96.5,0.17462499999999997,0.488375,0.52725,0.6383749999999999,1.4449999999999998,0.391625,0.6667500000000001,0.5233749999999999,0.48712500000000003,21.0
0022500075,8.8,34.4,43.2,26.9,10.7,5.6,12.7,19.3,122.0,20.419999999999998,100.8,0.13199999999999998,0.5836,0.624,0.6092,2.1569999999999996,0.26820000000000005,0.7067,0.5050999999999999,0.6180000000000001,13.727272727272727,30.363636363636363,44.09090909090909,24.636363636363637,11.545454545454545,4.0,15.272727272727273,21.90909090909091,116.72727272727273,9.272727272727273,98.72727272727273,0.16336363636363635,0.5582727272727274,0.5915454545454545,0.5857272727272727,1.800909090909091,0.3690909090909091,0.6887272727272727,0.5264545454545455,0.5350909090909093,4.0
0022400871,9.88888888888889,30.666666666666668,40.55555555555556,29.0,10.88888888888889,4.555555555555555,11.777777777777779,17.444444444444443,112.22222222222223,-4.344444444444445,101.44444444444444,0.12411111111111112,0.5297777777777778,0.5588888888888889,0.700111111111111,2.5244444444444443,0.25166666666666665,0.6414444444444444,0.4451111111111111,0.48888888888888893,12.666666666666666,33.888888888888886,46.55555555555556,29.555555555555557,9.222222222222221,6.0,10.88888888888889,21.555555555555557,125.55555555555556,10.844444444444445,100.90555555555555,0.11244444444444444,0.5715555555555557,0.6028888888888888,0.645,2.606666666666667,0.2984444444444445,0.6917777777777778,0.4945555555555555,0.5506666666666667,-14.0
0022300511,10.3,32.3,42.6,25.2,7.0,5.1,13.3,19.1,119.0,3.2699999999999987,98.0,0.1478,0.5893,0.6274000000000001,0.5886000000000001,1.7849999999999997,0.30700000000000005,0.7187,0.5215,0.5183000000000001,10.909090909090908,33.09090909090909,44.0,26.181818181818183,7.818181818181818,5.636363636363637,13.818181818181818,18.818181818181817,115.27272727272727,2.5000000000000004,99.22727272727273,0.14563636363636362,0.5595454545454546,0.5959090909090908,0.6132727272727272,1.9545454545454546,0.30854545454545457,0.7272727272727274,0.5227272727272726,0.5256363636363637,27.6
0022500449,9.5,34.0,43.5,28.0,8.666666666666666,4.0,16.0,19.666666666666668,111.0,12.383333333333333,99.08333333333333,0.171,0.5566666666666668,0.5943333333333334,0.7071666666666667,1.7199999999999998,0.2723333333333333,0.7251666666666666,0.5111666666666667,0.5553333333333333,13.5,32.75,46.25,29.375,9.5,4.75,16.25,20.875,120.5,6.3125,101.36625000000001,0.16375,0.555,0.590625,0.68875,1.8775,0.33625,0.69825,0.5125,0.5198750000000001,-13.0
0022500537,8.666666666666666,31.583333333333332,40.25,28.333333333333332,6.5,4.333333333333333,11.916666666666666,18.583333333333332,120.91666666666667,-1.1166666666666665,98.85000000000001,0.12625,0.5745833333333332,0.6122500000000001,0.6525,2.3383333333333334,0.27149999999999996,0.6805,0.4828333333333333,0.4960833333333334,8.833333333333334,32.583333333333336,41.416666666666664,32.0,8.833333333333334,3.8333333333333335,14.083333333333334,19.5,119.41666666666667,-3.625,105.91666666666667,0.13983333333333334,0.5554166666666667,0.5824166666666666,0.7272500000000001,2.345,0.2509166666666667,0.7068333333333333,0.47374999999999995,0.4754166666666666,-23.0
0022500977,11.1,30.9,42.0,27.0,7.6,5.4,12.0,19.4,114.9,3.4199999999999995,96.186,0.12919999999999998,0.559,0.5906,0.664,2.2289999999999996,0.30410000000000004,0.6888000000000001,0.4939,0.517,11.166666666666666,34.416666666666664,45.583333333333336,24.5,5.5,4.25,15.5,16.5,108.58333333333333,-11.849999999999996,101.33333333333333,0.159,0.5160833333333333,0.5543333333333332,0.6214999999999999,1.6183333333333334,0.3030833333333333,0.72825,0.5165,0.4429166666666667,-10.0
0022300880,9.125,37.25,46.375,25.75,8.125,4.875,11.75,17.125,112.125,11.112499999999999,97.0625,0.12724999999999997,0.56525,0.594875,0.62825,2.2625,0.242,0.7501249999999999,0.506375,0.550625,10.25,32.375,42.625,24.5,6.75,3.25,12.875,15.75,110.75,-3.5124999999999993,97.875,0.13849999999999998,0.5297499999999999,0.570125,0.593875,1.96375,0.278625,0.69625,0.48812500000000003,0.47700000000000004,7.0
0022400454,9.857142857142858,34.42857142857143,44.285714285714285,25.142857142857142,7.571428571428571,5.571428571428571,14.714285714285714,16.428571428571427,111.42857142857143,2.5,100.5,0.158,0.5484285714285715,0.586857142857143,0.6297142857142857,1.832857142857143,0.25514285714285717,0.7207142857142858,0.4978571428571428,0.5195714285714285,11.428571428571429,34.42857142857143,45.857142857142854,31.285714285714285,10.428571428571429,4.0,13.0,18.0,125.85714285714286,18.2,101.07142857142857,0.13371428571428573,0.6018571428571429,0.6275714285714286,0.6987142857142857,2.472857142857143,0.2925714285714286,0.7052857142857143,0.5037142857142858,0.594,-12.0
0022401131,10.083333333333334,30.416666666666668,40.5,25.583333333333332,9.333333333333334,4.166666666666667,13.583333333333334,14.25,109.5,4.400000000000001,95.625,0.15358333333333332,0.568,0.5958333333333333,0.6175833333333333,2.0591666666666666,0.27475,0.7023333333333334,0.4929999999999999,0.5247499999999999,7.090909090909091,30.0,37.09090909090909,25.181818181818183,7.181818181818182,4.181818181818182,11.636363636363637,17.181818181818183,115.36363636363636,-0.0090909090909093,96.9090909090909,0.12527272727272729,0.5905454545454546,0.6254545454545455,0.6133636363636362,2.2199999999999993,0.2169090909090909,0.676,0.45872727272727265,0.500090909090909,-6.0
0022500754,11.909090909090908,29.09090909090909,41.0,23.454545454545453,9.454545454545455,3.4545454545454546,13.181818181818182,19.454545454545453,110.81818181818181,2.1454545454545455,96.45454545454545,0.14363636363636362,0.5522727272727272,0.5835454545454545,0.5865454545454546,1.8981818181818184,0.3088181818181818,0.644,0.4774545454545454,0.49200000000000005,12.083333333333334,28.666666666666668,40.75,27.166666666666668,10.583333333333334,4.25,11.416666666666666,18.666666666666668,116.66666666666667,2.591666666666666,98.05333333333333,0.12141666666666667,0.5499166666666667,0.5885833333333333,0.62625,2.5925,0.29483333333333334,0.6556666666666666,0.4719166666666667,0.5129166666666668,-6.0
0022300376,14.0,33.3,47.3,27.1,7.4,5.4,11.9,19.5,118.3,4.549999999999999,97.074,0.12489999999999998,0.5484,0.5819000000000001,0.629,2.6860000000000004,0.33399999999999996,0.7227,0.5237,0.5146,9.666666666666666,36.111111111111114,45.77777777777778,28.77777777777778,5.777777777777778,5.666666666666667,14.88888888888889,17.88888888888889,111.77777777777777,-8.6,103.83333333333333,0.14744444444444446,0.5265555555555556,0.5592222222222223,0.6967777777777778,2.03,0.2568888888888889,0.7366666666666667,0.49755555555555553,0.4613333333333334,19.0
0022400324,11.083333333333334,33.25,44.333333333333336,25.0,10.666666666666666,4.25,14.0,16.666666666666668,109.83333333333333,5.575,98.70833333333333,0.15525,0.5364166666666667,0.5706666666666668,0.6135,1.7633333333333334,0.29700000000000004,0.7366666666666668,0.5158333333333333,0.5206666666666666,9.3,31.9,41.2,22.8,9.2,4.3,15.2,18.3,108.3,-0.9400000000000002,97.024,0.15750000000000003,0.5353000000000001,0.5778000000000001,0.6031000000000001,1.5830000000000002,0.25850000000000006,0.7115,0.48650000000000004,0.4923,-28.0
0022500365,11.7,32.6,44.3,26.7,8.3,4.5,14.1,21.6,119.7,5.4399999999999995,100.21000000000001,0.1486,0.5559000000000001,0.5957,0.6444,1.92,0.3103,0.7256,0.5152,0.5311999999999999,13.3,28.4,41.7,22.7,12.0,3.3,14.9,22.2,113.2,-1.5899999999999994,99.75,0.1572,0.5336000000000001,0.5640999999999999,0.5295,1.861,0.3522,0.7012999999999999,0.5122000000000001,0.4734,-3.0
0022300541,9.3,32.4,41.7,29.4,8.0,5.8,11.6,17.4,114.3,-7.1,101.85,0.121,0.5352,0.5683,0.6874,2.851,0.2484,0.6945,0.4673,0.4861000000000001,9.222222222222221,30.77777777777778,40.0,25.0,5.555555555555555,5.666666666666667,12.222222222222221,17.444444444444443,103.88888888888889,-12.188888888888888,96.9811111111111,0.13655555555555557,0.5135555555555557,0.5413333333333333,0.6395555555555555,2.1300000000000003,0.24566666666666664,0.7234444444444443,0.4668888888888889,0.4308888888888889,36.0
0022401106,11.8,33.7,45.5,27.7,7.0,5.0,10.7,16.0,116.7,12.709999999999999,94.7,0.12010000000000001,0.5739,0.6016,0.6597000000000001,2.5509999999999997,0.31170000000000003,0.7317,0.5229000000000001,0.5595000000000001,9.454545454545455,30.0,39.45454545454545,25.636363636363637,9.636363636363637,3.909090909090909,14.363636363636363,14.0,107.81818181818181,1.2818181818181813,95.95454545454545,0.1629090909090909,0.5718181818181818,0.5956363636363636,0.62,1.7618181818181817,0.2599090909090909,0.7075454545454545,0.4873636363636363,0.5137272727272727,-21.0
0022400910,12.285714285714286,33.57142857142857,45.857142857142854,28.428571428571427,8.428571428571429,4.285714285714286,13.857142857142858,17.0,119.14285714285714,9.071428571428573,97.62714285714286,0.15328571428571428,0.5775714285714287,0.6082857142857143,0.6247142857142857,2.1742857142857144,0.33342857142857146,0.7368571428571428,0.5405714285714286,0.536,10.5,30.875,41.375,31.125,9.875,4.375,12.25,17.75,115.5,-4.4,101.8125,0.13187500000000002,0.5449999999999999,0.567125,0.7155,2.4937500000000004,0.278,0.6576249999999999,0.463125,0.48,18.0
0022300668,10.416666666666666,31.166666666666668,41.583333333333336,21.916666666666668,6.166666666666667,5.166666666666667,12.666666666666666,19.333333333333332,106.58333333333333,-12.741666666666665,98.00416666666666,0.14041666666666666,0.49766666666666665,0.53925,0.5776666666666666,1.6316666666666668,0.2870833333333333,0.7246666666666667,0.49241666666666667,0.4103333333333334,10.333333333333334,31.444444444444443,41.77777777777778,24.666666666666668,8.222222222222221,6.111111111111111,9.555555555555555,21.77777777777778,119.44444444444444,4.788888888888889,97.54777777777778,0.1,0.5421111111111111,0.5920000000000001,0.5843333333333334,2.8777777777777778,0.27622222222222226,0.6525555555555554,0.4692222222222222,0.5319999999999999,26.0
0022400886,11.625,32.25,43.875,27.625,8.75,4.25,13.25,16.75,115.75,-5.237500000000001,101.9625,0.14225000000000002,0.518375,0.55725,0.6588749999999999,1.93875,0.29225,0.70475,0.48912500000000003,0.46562499999999996,14.125,35.375,49.5,27.25,8.375,4.25,13.125,19.625,127.25,18.65,99.6675,0.13675,0.5855,0.616,0.58475,2.05125,0.36012500000000003,0.68625,0.5342500000000001,0.591125,-22.0
0022301121,13.11111111111111,31.666666666666668,44.77777777777778,26.22222222222222,8.88888888888889,6.0,13.333333333333334,18.0,108.22222222222223,-9.833333333333334,99.08,0.1436666666666667,0.5007777777777778,0.5371111111111111,0.6806666666666668,1.9200000000000002,0.29388888888888887,0.7101111111111111,0.4883333333333333,0.4474444444444445,8.727272727272727,34.18181818181818,42.90909090909091,22.0,7.090909090909091,3.8181818181818183,13.727272727272727,17.727272727272727,100.27272727272727,-13.627272727272727,97.95454545454545,0.14363636363636362,0.4911818181818182,0.5340909090909091,0.5963636363636363,1.6054545454545455,0.2411818181818182,0.7464545454545455,0.4885454545454546,0.4321818181818182,18.0
0022500990,9.454545454545455,31.545454545454547,41.0,23.545454545454547,10.545454545454545,5.545454545454546,11.0,18.272727272727273,120.0,6.7727272727272725,99.31818181818181,0.1159090909090909,0.5623636363636364,0.6092727272727273,0.5466363636363637,2.360909090909091,0.2843636363636364,0.6940909090909091,0.4942727272727273,0.5411818181818182,10.272727272727273,35.45454545454545,45.72727272727273,30.727272727272727,7.454545454545454,6.545454545454546,11.727272727272727,20.818181818181817,120.27272727272727,9.772727272727273,100.68181818181819,0.12845454545454546,0.5774545454545454,0.6053636363636364,0.7127272727272728,2.630909090909091,0.27272727272727276,0.722,0.508,0.551909090909091,-4.0
0022400823,10.11111111111111,31.0,41.111111111111114,24.88888888888889,8.555555555555555,4.222222222222222,11.555555555555555,17.88888888888889,108.22222222222223,-6.977777777777778,97.5,0.12211111111111111,0.5215555555555556,0.5605555555555556,0.6244444444444445,2.267777777777778,0.2565555555555556,0.6765555555555555,0.46177777777777784,0.4705555555555556,9.5,31.875,41.375,26.25,7.625,4.375,13.625,17.5,112.625,-13.45,102.0775,0.139125,0.5233749999999999,0.56225,0.65825,2.0075000000000003,0.25887499999999997,0.69,0.467375,0.43075,-32.0
0022500649,11.416666666666666,31.416666666666668,42.833333333333336,30.75,8.0,2.9166666666666665,15.0,19.75,117.0,-11.491666666666669,102.61833333333334,0.14958333333333332,0.5517499999999999,0.58325,0.6964166666666666,2.0599999999999996,0.27799999999999997,0.7002499999999999,0.48574999999999996,0.44908333333333345,12.545454545454545,32.0,44.54545454545455,28.181818181818183,8.363636363636363,3.4545454545454546,14.727272727272727,18.363636363636363,114.54545454545455,-6.790909090909091,104.77272727272727,0.14245454545454542,0.5194545454545455,0.5518181818181819,0.6744545454545453,2.389090909090909,0.29145454545454547,0.7014545454545454,0.48245454545454547,0.4581818181818181,-31.0
0022500966,14.3,31.7,46.0,31.3,9.3,4.6,13.0,19.2,113.4,-3.7400000000000007,98.414,0.1424,0.5344,0.5568000000000001,0.7351000000000001,2.346,0.3218,0.6668000000000001,0.4856,0.47519999999999996,9.2,32.5,41.7,24.6,8.4,5.2,15.2,21.7,112.3,-5.02,100.7,0.15610000000000002,0.5582,0.5953999999999999,0.6056000000000001,1.613,0.2707,0.7041000000000001,0.4936999999999999,0.48579999999999995,-10.0
0022301155,8.909090909090908,39.27272727272727,48.18181818181818,28.545454545454547,6.363636363636363,5.818181818181818,15.272727272727273,14.454545454545455,122.0909090909091,7.672727272727273,103.38272727272728,0.1531818181818182,0.577909090909091,0.6184545454545455,0.6549999999999999,1.968181818181818,0.23845454545454547,0.7488181818181818,0.5159999999999999,0.5472727272727274,11.916666666666666,35.083333333333336,47.0,30.166666666666668,8.0,4.666666666666667,13.083333333333334,18.083333333333332,114.75,7.058333333333333,98.08333333333333,0.14416666666666667,0.5738333333333333,0.594,0.6687499999999998,2.345,0.31758333333333333,0.73725,0.5356666666666666,0.5376666666666667,-14.0
0022500885,10.125,32.25,42.375,25.75,9.75,5.5,12.25,19.25,111.0,3.962499999999999,96.02625,0.127,0.529125,0.568875,0.6623749999999999,2.22,0.26,0.694625,0.475875,0.5125,10.0,29.75,39.75,24.875,10.125,5.75,13.875,19.375,113.125,-10.262500000000001,103.8125,0.1385,0.5395,0.567,0.574375,1.80625,0.25387499999999996,0.63625,0.4425,0.446625,17.0
0022300680,7.75,34.833333333333336,42.583333333333336,27.916666666666668,7.25,5.083333333333333,13.583333333333334,19.166666666666668,112.91666666666667,5.625,96.76583333333333,0.14783333333333332,0.5856666666666667,0.6130000000000001,0.6695833333333333,2.1225000000000005,0.26125,0.76775,0.5264166666666666,0.5429999999999999,9.4,29.2,38.6,25.9,5.3,3.4,12.2,21.8,118.7,-6.49,99.55,0.1247,0.5740999999999999,0.6085,0.6185,2.1529999999999996,0.2488,0.6876,0.466,0.46309999999999996,34.0
0022300996,8.583333333333334,33.583333333333336,42.166666666666664,29.333333333333332,6.75,5.0,12.333333333333334,16.416666666666668,109.16666666666667,-1.416666666666667,95.71833333333332,0.1355,0.5509166666666667,0.5764166666666667,0.7359999999999999,2.2925,0.23891666666666667,0.72125,0.48266666666666663,0.4950833333333333,8.636363636363637,33.90909090909091,42.54545454545455,24.727272727272727,7.909090909090909,4.181818181818182,10.909090909090908,16.0,104.9090909090909,-0.27272727272727254,95.63636363636364,0.12172727272727274,0.5306363636363636,0.5606363636363636,0.6283636363636362,2.398181818181818,0.24445454545454545,0.7437272727272727,0.4935454545454545,0.5060909090909091,-3.0
0022400972,8.181818181818182,37.90909090909091,46.09090909090909,25.272727272727273,7.636363636363637,4.090909090909091,13.545454545454545,16.818181818181817,117.0,6.145454545454545,101.5,0.13899999999999998,0.5662727272727273,0.601909090909091,0.593,1.8781818181818182,0.24163636363636362,0.7734545454545455,0.5232727272727273,0.537909090909091,8.090909090909092,30.545454545454547,38.63636363636363,30.727272727272727,9.272727272727273,4.545454545454546,12.090909090909092,17.363636363636363,116.72727272727273,3.890909090909091,99.77272727272727,0.13172727272727272,0.5768181818181818,0.6060909090909091,0.703090909090909,2.477272727272727,0.25081818181818183,0.6732727272727271,0.4671818181818182,0.5296363636363636,7.0
0022500372,9.0,32.55555555555556,41.55555555555556,23.22222222222222,7.777777777777778,6.888888888888889,12.0,20.0,109.55555555555556,0.3333333333333333,98.77777777777777,0.13033333333333333,0.5375555555555556,0.5718888888888888,0.5858888888888889,1.9688888888888887,0.2452222222222222,0.68,0.4677777777777778,0.5056666666666667,13.0,32.55555555555556,45.55555555555556,26.22222222222222,8.88888888888889,4.444444444444445,12.333333333333334,19.666666666666668,122.22222222222223,14.5,96.55555555555556,0.13422222222222224,0.5913333333333334,0.6241111111111111,0.593,2.0955555555555554,0.3417777777777778,0.6872222222222222,0.5264444444444443,0.5825555555555556,-1.0
0022400022,8.727272727272727,29.818181818181817,38.54545454545455,27.454545454545453,6.181818181818182,3.272727272727273,12.181818181818182,21.272727272727273,111.54545454545455,-3.0090909090909084,95.04181818181819,0.14027272727272727,0.5565454545454546,0.5930909090909092,0.7007272727272726,2.2736363636363635,0.26590909090909093,0.6730909090909092,0.4684545454545455,0.4688181818181818,11.6,33.0,44.6,24.2,8.1,4.4,14.2,20.8,107.7,-5.8100000000000005,98.41199999999999,0.14930000000000002,0.5172000000000001,0.5435,0.6099,1.7710000000000001,0.30670000000000003,0.7396,0.5082,0.4556,1.0
0022301124,9.4,35.8,45.2,28.1,7.3,5.8,12.1,17.3,114.0,8.73,98.9,0.12510000000000002,0.5675000000000001,0.5896999999999999,0.6509,2.575,0.24710000000000001,0.7463,0.5051000000000001,0.5439,11.0,31.916666666666668,42.916666666666664,29.0,8.0,5.333333333333333,11.916666666666666,18.666666666666668,116.33333333333333,3.141666666666666,97.02749999999999,0.12958333333333336,0.5727500000000002,0.5948333333333332,0.6630000000000001,2.4566666666666666,0.2933333333333334,0.7394166666666666,0.5103333333333334,0.5068333333333334,14.0
0022300444,14.3,34.3,48.6,28.7,6.5,3.3,14.6,20.3,121.0,1.19,99.456,0.14750000000000002,0.557,0.5914999999999999,0.6488,2.0309999999999997,0.3408,0.7253000000000001,0.5324,0.5043,10.583333333333334,30.583333333333332,41.166666666666664,24.416666666666668,7.583333333333333,4.083333333333333,12.166666666666666,19.583333333333332,117.25,-1.6833333333333333,101.33333333333333,0.12633333333333333,0.5476666666666666,0.5823333333333333,0.5725,1.99,0.2680833333333333,0.6921666666666666,0.47566666666666674,0.48100000000000004,-10.0
0022501020,9.272727272727273,33.36363636363637,42.63636363636363,25.454545454545453,8.181818181818182,4.909090909090909,15.272727272727273,21.454545454545453,114.72727272727273,0.7090909090909093,100.68181818181819,0.16163636363636366,0.5677272727272726,0.6060909090909091,0.6094545454545454,1.6381818181818182,0.29618181818181816,0.6895454545454546,0.5032727272727273,0.5111818181818181,14.181818181818182,31.90909090909091,46.09090909090909,26.818181818181817,8.636363636363637,7.363636363636363,16.181818181818183,19.272727272727273,112.36363636363636,0.4818181818181822,101.5,0.16618181818181818,0.5275454545454545,0.5608181818181819,0.6651818181818181,1.6390909090909092,0.33845454545454545,0.6773636363636364,0.5036363636363637,0.504090909090909,-4.0
0022300343,10.727272727272727,32.90909090909091,43.63636363636363,25.454545454545453,6.545454545454546,6.636363636363637,10.636363636363637,19.454545454545453,115.9090909090909,6.354545454545455,97.72727272727273,0.11709090909090912,0.5473636363636364,0.5874545454545456,0.5970909090909091,2.4809090909090905,0.2867272727272727,0.6967272727272726,0.49863636363636366,0.5352727272727272,11.8,31.0,42.8,25.5,7.4,3.9,12.6,17.7,119.8,3.06,98.15,0.1363,0.577,0.6106,0.5828,2.002,0.32670000000000005,0.6742999999999999,0.5046000000000002,0.5211,22.0
0022300425,12.454545454545455,33.54545454545455,46.0,27.818181818181817,7.363636363636363,5.7272727272727275,10.363636363636363,19.0,116.27272727272727,6.536363636363634,97.27272727272727,0.1128181818181818,0.5475454545454546,0.581090909090909,0.6444545454545454,2.772727272727273,0.32127272727272727,0.6887272727272727,0.5094545454545454,0.5436363636363636,9.6,33.2,42.8,24.4,7.2,7.0,15.3,19.7,110.1,-2.93,100.039,0.15950000000000003,0.5305000000000001,0.5641,0.6183,1.6330000000000002,0.274,0.6978000000000001,0.4894,0.47479999999999994,37.0
0022300445,8.3,32.4,40.7,26.6,7.2,5.4,13.7,18.9,116.6,-9.780000000000001,104.2,0.1359,0.5614,0.5902,0.6167,2.1049999999999995,0.21760000000000002,0.6700999999999999,0.4511,0.4558000000000001,12.6,29.9,42.5,27.8,6.9,4.5,11.9,20.3,121.3,-1.7799999999999998,99.9,0.128,0.5606000000000001,0.594,0.6285,2.343,0.3235,0.6883,0.49750000000000005,0.4847,-4.0
0022300284,9.090909090909092,30.90909090909091,40.0,26.0,8.0,2.909090909090909,10.545454545454545,18.90909090909091,115.72727272727273,5.390909090909091,97.4090909090909,0.11681818181818181,0.5534545454545455,0.6000909090909091,0.6356363636363637,2.6163636363636367,0.26427272727272727,0.7322727272727274,0.4959090909090909,0.5229090909090909,9.5,26.625,36.125,29.375,8.75,7.125,12.625,24.875,130.0,0.0,105.3125,0.1245,0.5875,0.61825,0.610125,2.3975,0.2835,0.648375,0.459125,0.49175,-15.0
0022301145,10.75,32.083333333333336,42.833333333333336,26.0,8.5,7.583333333333333,12.0,18.833333333333332,111.16666666666667,2.425,96.33083333333333,0.12958333333333336,0.5464166666666666,0.5771666666666666,0.6299166666666666,2.2225,0.27491666666666664,0.6879166666666666,0.48341666666666666,0.50375,8.636363636363637,31.90909090909091,40.54545454545455,21.636363636363637,8.272727272727273,3.5454545454545454,13.272727272727273,18.0,100.0,-14.663636363636362,98.0,0.1417272727272727,0.488909090909091,0.5305454545454545,0.5873636363636363,1.6254545454545457,0.24227272727272728,0.7163636363636363,0.46890909090909094,0.42381818181818187,18.0
0022300957,13.0,33.81818181818182,46.81818181818182,24.181818181818183,8.818181818181818,5.090909090909091,12.454545454545455,19.272727272727273,110.45454545454545,-1.5454545454545454,101.22727272727273,0.1282727272727273,0.5034545454545455,0.5390909090909091,0.605,2.2018181818181812,0.303,0.7285454545454545,0.5064545454545454,0.4782727272727273,9.363636363636363,31.363636363636363,40.72727272727273,28.636363636363637,7.090909090909091,4.181818181818182,13.090909090909092,17.545454545454547,111.0909090909091,-10.454545454545455,102.31636363636363,0.1301818181818182,0.5235454545454545,0.5514545454545454,0.6805454545454545,2.2436363636363637,0.22818181818181815,0.6996363636363636,0.45354545454545453,0.44190909090909086,16.0
0022301118,10.454545454545455,32.36363636363637,42.81818181818182,28.363636363636363,7.2727272727272725,6.0,10.0,14.363636363636363,122.54545454545455,16.263636363636365,95.12090909090908,0.1140909090909091,0.5996363636363636,0.6277272727272728,0.640818181818182,2.6963636363636363,0.29818181818181816,0.7261818181818182,0.5135454545454544,0.5634545454545455,12.181818181818182,32.81818181818182,45.0,26.90909090909091,8.272727272727273,5.454545454545454,12.454545454545455,19.90909090909091,108.9090909090909,2.5636363636363635,95.79272727272728,0.13336363636363635,0.5198181818181818,0.5558181818181818,0.6830909090909091,2.2327272727272724,0.3176363636363636,0.738909090909091,0.5178181818181818,0.5207272727272727,1.0
0022400769,9.0,34.36363636363637,43.36363636363637,27.272727272727273,6.363636363636363,5.545454545454546,10.636363636363637,17.727272727272727,115.54545454545455,6.754545454545454,96.99181818181819,0.11263636363636363,0.567,0.5966363636363637,0.6596363636363637,2.8700000000000006,0.23709090909090913,0.7266363636363636,0.4889090909090909,0.5399090909090909,11.1,32.5,43.6,30.3,9.8,5.5,13.0,17.2,119.4,-0.33999999999999986,102.3,0.134,0.5655999999999999,0.5955,0.6801999999999999,2.6730000000000005,0.272,0.6843,0.4824,0.4988,13.0
0022300612,8.727272727272727,32.90909090909091,41.63636363636363,25.727272727272727,8.545454545454545,4.363636363636363,12.454545454545455,19.727272727272727,117.72727272727273,4.772727272727274,99.18181818181819,0.13745454545454547,0.582,0.6171818181818183,0.5902727272727273,2.061818181818182,0.2596363636363636,0.7108181818181818,0.49636363636363634,0.5322727272727272,9.5,35.3,44.8,27.3,7.3,5.8,13.0,18.8,112.9,0.93,97.636,0.13640000000000002,0.5508,0.582,0.6371,2.149,0.264,0.7374,0.5096,0.5072,2.0
0022301120,12.363636363636363,31.636363636363637,44.0,24.181818181818183,8.454545454545455,4.363636363636363,11.454545454545455,19.454545454545453,120.81818181818181,5.218181818181819,99.80818181818181,0.12072727272727271,0.5516363636363637,0.587090909090909,0.5516363636363637,2.1463636363636365,0.31209090909090914,0.7135454545454546,0.5068181818181818,0.5147272727272727,9.090909090909092,33.63636363636363,42.72727272727273,25.0,8.727272727272727,3.5454545454545454,10.272727272727273,14.0,107.81818181818181,7.509090909090907,95.54545454545455,0.11963636363636364,0.5346363636363637,0.5691818181818181,0.6287272727272728,2.438181818181818,0.25172727272727274,0.773090909090909,0.5077272727272727,0.5313636363636364,-15.0
0022300515,10.583333333333334,32.333333333333336,42.916666666666664,24.75,8.0,4.666666666666667,11.75,19.083333333333332,117.08333333333333,0.6499999999999995,101.91666666666667,0.12041666666666669,0.548,0.5749166666666666,0.5753333333333334,2.0716666666666668,0.2641666666666667,0.6974166666666667,0.47808333333333325,0.4912499999999999,8.666666666666666,34.583333333333336,43.25,25.583333333333332,7.0,6.333333333333333,14.583333333333334,18.916666666666668,111.41666666666667,-4.55,101.24083333333333,0.14908333333333332,0.5324166666666666,0.5698333333333334,0.65575,1.8133333333333335,0.25758333333333333,0.7275,0.4915,0.4828333333333332,-17.0
0022300775,11.0,30.6,41.6,24.9,7.0,4.2,13.4,19.5,110.8,-2.5699999999999994,95.26899999999999,0.1466,0.5305,0.5759000000000001,0.6209,1.8090000000000004,0.31079999999999997,0.6775,0.496,0.47840000000000005,9.0,33.36363636363637,42.36363636363637,27.818181818181817,7.0,5.0,12.181818181818182,19.181818181818183,115.36363636363636,10.009090909090908,96.3718181818182,0.13190909090909092,0.5820909090909091,0.6106363636363636,0.6519090909090909,2.389090909090909,0.2818181818181818,0.7510000000000001,0.5201818181818182,0.551,-12.0
0022500528,13.0,32.90909090909091,45.90909090909091,27.636363636363637,6.7272727272727275,4.363636363636363,15.090909090909092,19.363636363636363,117.0909090909091,3.1636363636363645,98.4090909090909,0.15936363636363635,0.5602727272727273,0.5954545454545456,0.6789090909090909,2.170909090909091,0.3583636363636364,0.7080909090909091,0.532909090909091,0.5021818181818182,8.727272727272727,30.363636363636363,39.09090909090909,26.90909090909091,7.454545454545454,3.727272727272727,13.909090909090908,22.90909090909091,112.18181818181819,-10.509090909090908,103.0909090909091,0.13763636363636367,0.5401818181818182,0.5726363636363636,0.6477272727272727,2.0209090909090914,0.22363636363636363,0.7062727272727275,0.4572727272727272,0.44190909090909086,-2.0
0022300716,12.818181818181818,33.45454545454545,46.27272727272727,26.272727272727273,6.545454545454546,3.5454545454545454,12.272727272727273,18.363636363636363,119.54545454545455,-1.4636363636363632,102.7781818181818,0.12681818181818183,0.5337272727272727,0.5714545454545455,0.6012727272727273,2.333636363636364,0.29936363636363644,0.745090909090909,0.5104545454545455,0.48754545454545456,10.0,33.5,43.5,28.1,7.7,5.9,10.5,18.4,119.9,9.290000000000001,97.95,0.1177,0.5781000000000001,0.613,0.6426000000000001,2.57,0.2862,0.7041999999999999,0.502,0.5494000000000001,-5.0
0022501147,9.0,37.1,46.1,33.2,5.5,3.3,11.5,20.8,127.5,9.56,101.681,0.1166,0.6016,0.6345999999999999,0.7283999999999999,3.041,0.2641,0.7523000000000001,0.5237,0.5426,14.545454545454545,33.63636363636363,48.18181818181818,26.454545454545453,7.909090909090909,6.545454545454546,16.636363636363637,19.181818181818183,116.0,11.272727272727275,100.86363636363636,0.17636363636363633,0.5460909090909091,0.5822727272727273,0.6486363636363638,1.6027272727272726,0.36690909090909096,0.7294545454545456,0.5482727272727272,0.5583636363636365,5.0
0022400325,10.0,34.9,44.9,27.5,8.3,4.3,12.8,18.0,121.1,8.5,101.24300000000001,0.13210000000000002,0.5831000000000001,0.6149,0.6183,2.2439999999999998,0.2651,0.7066,0.4962000000000001,0.5384,8.777777777777779,32.22222222222222,41.0,30.0,8.444444444444445,4.444444444444445,13.222222222222221,17.555555555555557,114.88888888888889,0.39999999999999997,100.83333333333333,0.1381111111111111,0.5663333333333332,0.5925555555555556,0.689888888888889,2.24,0.2541111111111111,0.6865555555555556,0.48077777777777775,0.5143333333333334,12.0
0022300704,9.555555555555555,33.666666666666664,43.22222222222222,27.22222222222222,4.777777777777778,4.888888888888889,12.777777777777779,18.77777777777778,119.66666666666667,-1.7999999999999996,100.83333333333333,0.1328888888888889,0.5749999999999998,0.6047777777777777,0.6172222222222222,2.214444444444444,0.27399999999999997,0.7346666666666667,0.5055555555555555,0.48299999999999993,11.363636363636363,29.727272727272727,41.09090909090909,24.181818181818183,7.818181818181818,4.545454545454546,12.454545454545455,20.454545454545453,107.18181818181819,-0.8454545454545456,95.68181818181819,0.1384545454545454,0.5257272727272727,0.5647272727272727,0.6220909090909091,1.9254545454545455,0.3045454545454545,0.733909090909091,0.5082727272727273,0.5000909090909091,-12.0
0022300951,10.777777777777779,37.0,47.77777777777778,27.333333333333332,7.333333333333333,6.111111111111111,13.222222222222221,17.11111111111111,116.0,11.977777777777776,98.88888888888889,0.13866666666666666,0.5725555555555555,0.5993333333333333,0.6286666666666667,2.1033333333333335,0.2737777777777778,0.7066666666666667,0.5058888888888888,0.5591111111111111,8.083333333333334,33.5,41.583333333333336,29.583333333333332,6.833333333333333,5.333333333333333,12.25,16.5,108.58333333333333,-3.2833333333333337,95.59333333333332,0.13491666666666668,0.5489166666666666,0.5775833333333334,0.75425,2.335,0.23775000000000002,0.7288333333333332,0.48666666666666675,0.4965,-21.0
0022400727,10.7,33.6,44.3,28.6,6.7,4.3,11.1,17.0,117.6,-4.33,101.65,0.11470000000000002,0.5393000000000001,0.574,0.6493999999999999,2.5510000000000006,0.2827,0.6825,0.4843,0.49960000000000004,12.7,28.8,41.5,21.2,8.7,4.1,12.1,21.8,98.7,-16.919999999999998,96.27799999999999,0.13690000000000002,0.4542,0.49329999999999996,0.5909000000000001,1.8080000000000003,0.3032,0.7416,0.48869999999999997,0.3866,-19.0
0022500773,11.818181818181818,29.454545454545453,41.27272727272727,23.454545454545453,9.363636363636363,3.272727272727273,13.181818181818182,19.727272727272727,110.54545454545455,1.2090909090909094,96.86363636363636,0.1451818181818182,0.5484545454545455,0.5806363636363637,0.5883636363636363,1.874545454545455,0.3008181818181818,0.6532727272727273,0.4757272727272727,0.48618181818181816,11.0,36.22222222222222,47.22222222222222,24.22222222222222,7.111111111111111,5.333333333333333,12.222222222222221,16.666666666666668,114.22222222222223,-4.044444444444445,103.77777777777777,0.12055555555555555,0.5148888888888888,0.5504444444444444,0.5746666666666667,2.2933333333333334,0.28355555555555556,0.7135555555555556,0.49944444444444447,0.4817777777777778,9.0
0022400525,10.272727272727273,34.90909090909091,45.18181818181818,29.90909090909091,7.090909090909091,4.545454545454546,9.818181818181818,18.0,118.45454545454545,5.554545454545455,99.45454545454545,0.113,0.5647272727272727,0.5940000000000001,0.6719090909090909,2.8345454545454545,0.2800909090909091,0.7530909090909091,0.5185454545454546,0.5282727272727272,12.0,32.0,44.0,27.5,8.5,6.0,13.75,17.583333333333332,107.0,-5.500000000000001,98.70833333333333,0.14608333333333334,0.5210833333333335,0.54625,0.6879166666666667,2.0291666666666663,0.2955833333333333,0.7003333333333334,0.49241666666666667,0.4685833333333334,12.0
0022300835,12.875,32.25,45.125,28.625,6.0,4.875,11.125,17.5,120.625,-1.6000000000000003,101.75,0.11225,0.536125,0.57825,0.667375,2.59875,0.29512499999999997,0.7175,0.4975,0.4965,13.571428571428571,33.285714285714285,46.857142857142854,29.142857142857142,7.857142857142857,6.0,16.285714285714285,18.428571428571427,120.0,-5.828571428571429,102.92857142857143,0.15971428571428573,0.5464285714285715,0.5870000000000001,0.6741428571428572,1.8057142857142858,0.3485714285714286,0.748,0.5427142857142856,0.4744285714285715,27.0
0022500517,14.6,31.9,46.5,27.6,11.3,7.8,15.2,23.1,117.5,8.43,100.603,0.1585,0.5405,0.5759,0.6272,1.7990000000000002,0.3741,0.6759000000000001,0.5267999999999999,0.5456000000000001,9.636363636363637,36.63636363636363,46.27272727272727,31.818181818181817,6.363636363636363,4.7272727272727275,12.454545454545455,16.818181818181817,119.0,-1.054545454545455,102.45454545454545,0.12963636363636363,0.565090909090909,0.5912727272727274,0.7217272727272728,2.493636363636363,0.2719090909090909,0.7315454545454546,0.5087272727272727,0.5126363636363636,15.0
0022300030,10.7,34.5,45.2,23.9,7.3,5.4,13.9,20.1,110.2,-1.9300000000000002,99.9,0.14529999999999998,0.532,0.5708,0.5986,1.843,0.27459999999999996,0.7015,0.49420000000000003,0.5101,12.181818181818182,33.0,45.18181818181818,28.0,6.0,4.909090909090909,16.727272727272727,24.181818181818183,111.36363636363636,-4.663636363636363,101.0,0.17354545454545456,0.5301818181818182,0.5685454545454545,0.6718181818181818,1.6163636363636364,0.3180909090909091,0.7342727272727273,0.5238181818181818,0.474,8.0
0022500455,10.333333333333334,33.333333333333336,43.666666666666664,24.555555555555557,11.0,5.0,11.777777777777779,19.88888888888889,118.55555555555556,9.866666666666667,102.11111111111111,0.12400000000000001,0.5673333333333334,0.5972222222222222,0.5465555555555555,2.053333333333333,0.2571111111111111,0.7181111111111111,0.4928888888888889,0.5471111111111111,9.5,31.0,40.5,31.75,7.125,4.5,15.0,20.0,121.0,-9.325,106.25,0.14587499999999998,0.5525,0.589,0.723625,2.25,0.27225,0.6756249999999999,0.471,0.4515,11.0
0022300773,8.833333333333334,34.583333333333336,43.416666666666664,27.25,8.083333333333334,4.166666666666667,11.333333333333334,20.166666666666668,116.0,3.275,100.70833333333333,0.11983333333333333,0.5579166666666667,0.5872499999999999,0.6493333333333333,2.4066666666666667,0.23575000000000002,0.7503333333333333,0.4920833333333334,0.5169166666666666,10.1,34.4,44.5,25.9,6.5,2.9,10.0,17.1,108.3,-3.31,96.8,0.10880000000000001,0.5186,0.5576000000000001,0.6499,2.7249999999999996,0.25010000000000004,0.7595,0.4953999999999999,0.48539999999999994,-26.0
0022400543,11.11111111111111,33.111111111111114,44.22222222222222,32.77777777777778,7.555555555555555,4.666666666666667,11.555555555555555,18.444444444444443,127.11111111111111,12.5,100.72222222222223,0.1167777777777778,0.6061111111111112,0.6267777777777779,0.6943333333333332,2.95,0.2937777777777778,0.6812222222222223,0.49377777777777787,0.5596666666666666,10.181818181818182,35.09090909090909,45.27272727272727,29.636363636363637,7.0,4.636363636363637,10.363636363636363,17.272727272727273,117.36363636363636,5.972727272727272,98.95454545454545,0.11900000000000001,0.5693636363636364,0.5951818181818181,0.6590909090909091,2.6954545454545453,0.2829090909090909,0.7437272727272727,0.52,0.5334545454545455,-15.0
0022300875,12.0,34.375,46.375,29.75,7.625,4.875,12.75,18.0,115.375,-4.6000000000000005,102.875,0.1285,0.526875,0.5547500000000001,0.66875,2.3175,0.296375,0.697625,0.493375,0.48500000000000004,8.0,33.333333333333336,41.333333333333336,25.444444444444443,7.777777777777778,4.111111111111111,13.222222222222221,15.666666666666666,104.22222222222223,-1.8888888888888888,96.44444444444444,0.14788888888888888,0.5446666666666666,0.5724444444444444,0.6551111111111111,2.0833333333333335,0.2325555555555556,0.7106666666666668,0.4828888888888889,0.5002222222222222,5.0
0022300195,11.8,34.3,46.1,27.3,8.1,4.6,14.3,19.5,108.2,-0.9099999999999999,98.19800000000001,0.15340000000000004,0.5208,0.5459999999999999,0.6649,1.8699999999999999,0.3,0.7219,0.5084000000000001,0.4992,8.3,32.6,40.9,22.5,7.4,5.0,14.5,19.8,115.9,-2.3500000000000005,101.95,0.14540000000000003,0.5559000000000001,0.5927,0.556,1.609,0.2431,0.7106,0.48109999999999997,0.4835,-16.0
0022400038,10.9,32.0,42.9,25.9,7.4,3.5,15.5,20.0,115.2,-3.2400000000000007,99.6,0.1705,0.5654999999999999,0.6016,0.6241000000000001,1.6019999999999999,0.31689999999999996,0.7268000000000001,0.5258999999999998,0.4817,9.636363636363637,34.09090909090909,43.72727272727273,29.181818181818183,7.090909090909091,7.181818181818182,13.909090909090908,16.363636363636363,112.27272727272727,0.863636363636364,99.31818181818181,0.1496363636363636,0.5511818181818182,0.5878181818181818,0.7317272727272729,2.182727272727273,0.2690000000000001,0.6945454545454546,0.4907272727272728,0.5214545454545454,-13.0
0022501002,10.7,36.5,47.2,27.9,7.1,4.7,15.8,18.4,115.4,-2.8400000000000003,102.953,0.1631,0.5509000000000001,0.5804,0.6574000000000001,1.704,0.2831,0.6928,0.49870000000000003,0.48600000000000004,10.0,29.4,39.4,25.4,8.6,4.4,11.4,20.4,112.3,-0.17999999999999988,98.2,0.12769999999999998,0.5426,0.5792999999999999,0.6065,2.178,0.2712,0.6889000000000001,0.47519999999999996,0.49540000000000006,-30.0
0022500074,12.0,31.88888888888889,43.888888888888886,27.77777777777778,8.666666666666666,4.555555555555555,12.555555555555555,22.77777777777778,122.55555555555556,7.7666666666666675,100.94444444444444,0.12833333333333333,0.5727777777777777,0.6034444444444446,0.6175555555555555,2.355555555555556,0.3188888888888889,0.6861111111111112,0.5033333333333334,0.5428888888888889,8.272727272727273,31.09090909090909,39.36363636363637,27.272727272727273,8.454545454545455,4.2727272727272725,14.0,20.727272727272727,112.81818181818181,-5.645454545454545,99.71272727272726,0.1410909090909091,0.5646363636363637,0.5850909090909091,0.6455454545454545,1.9799999999999998,0.23399999999999999,0.7072727272727273,0.46263636363636357,0.4569090909090909,9.0
0022501192,10.166666666666666,29.666666666666668,39.833333333333336,32.666666666666664,10.0,4.916666666666667,12.833333333333334,20.666666666666668,116.41666666666667,3.6833333333333336,99.29166666666667,0.1384166666666667,0.5760000000000001,0.598,0.7343333333333333,2.5549999999999997,0.30258333333333337,0.6968333333333332,0.49750000000000005,0.5415833333333333,7.181818181818182,26.727272727272727,33.90909090909091,23.90909090909091,9.454545454545455,4.0,13.181818181818182,22.181818181818183,104.9090909090909,-12.836363636363638,99.13636363636364,0.1430909090909091,0.5224545454545454,0.5628181818181818,0.6236363636363637,1.9063636363636363,0.2218181818181818,0.6805454545454546,0.4379090909090909,0.42618181818181816,35.0
0022400676,13.6,29.9,43.5,26.9,9.6,5.0,14.7,21.7,123.9,5.09,102.3,0.1492,0.5758000000000001,0.6035,0.5679000000000001,2.067,0.3456,0.6745,0.5086999999999999,0.5107,14.7,30.4,45.1,24.4,11.3,4.2,14.5,19.6,117.3,4.88,99.6,0.1548,0.5465000000000001,0.5747000000000001,0.5715,1.8040000000000003,0.37299999999999994,0.6875,0.5247,0.5151,1.0
0022300046,12.1,32.9,45.0,29.5,8.2,4.1,14.2,17.5,115.2,-3.13,100.926,0.149,0.5406000000000001,0.5702,0.6867,2.232,0.3126,0.7547,0.5273000000000001,0.49670000000000003,10.272727272727273,30.272727272727273,40.54545454545455,23.0,8.272727272727273,4.7272727272727275,11.181818181818182,20.727272727272727,106.9090909090909,-4.3545454545454545,96.33818181818182,0.1202727272727273,0.5149999999999999,0.5526363636363637,0.5912727272727273,2.163636363636364,0.25327272727272726,0.6831818181818181,0.46345454545454545,0.47054545454545454,13.0
0022300427,13.4,28.9,42.3,23.8,8.2,3.6,12.0,21.0,115.5,-4.700000000000001,99.15,0.1288,0.5281,0.5629000000000002,0.5696,1.9349999999999998,0.3274,0.6793,0.49319999999999997,0.45150000000000007,9.8,35.4,45.2,28.9,6.6,5.7,13.2,16.3,109.7,-11.879999999999999,103.65,0.1304,0.5115000000000001,0.5404000000000001,0.702,2.371,0.2445,0.7278,0.4809,0.4554,-13.0
0022501112,11.363636363636363,29.545454545454547,40.90909090909091,29.454545454545453,10.0,4.7272727272727275,14.545454545454545,20.0,116.81818181818181,-11.081818181818182,104.77272727272727,0.14609090909090908,0.5450909090909092,0.5770909090909092,0.6835454545454546,2.097272727272727,0.28427272727272723,0.6728181818181818,0.4717272727272727,0.45299999999999996,8.363636363636363,36.54545454545455,44.90909090909091,33.09090909090909,6.7272727272727275,3.272727272727273,11.818181818181818,20.454545454545453,127.18181818181819,10.990909090909092,101.69272727272727,0.11981818181818182,0.604181818181818,0.6385454545454545,0.7292727272727272,2.8145454545454545,0.2505454545454545,0.7314545454545454,0.5092727272727273,0.5503636363636363,-13.0
0022301185,11.833333333333334,32.916666666666664,44.75,26.083333333333332,7.5,4.833333333333333,11.666666666666666,19.083333333333332,108.16666666666667,0.36666666666666686,96.41666666666667,0.12316666666666669,0.5238333333333333,0.5525833333333334,0.6658333333333333,2.4,0.29025000000000006,0.7579166666666667,0.5079166666666667,0.5006666666666666,9.181818181818182,34.36363636363637,43.54545454545455,28.636363636363637,8.181818181818182,6.181818181818182,13.636363636363637,16.272727272727273,112.0,5.027272727272727,97.95454545454545,0.14709090909090908,0.5638181818181818,0.598,0.6987272727272728,2.0736363636363637,0.26036363636363635,0.7496363636363637,0.5123636363636365,0.5252727272727273,-1.0
0022300441,10.7,29.8,40.5,31.1,7.4,7.1,15.2,22.7,121.6,-3.1999999999999997,102.45,0.15189999999999998,0.5892999999999999,0.6166,0.6832,2.0789999999999997,0.2994,0.6902999999999999,0.4951,0.49030000000000007,10.636363636363637,32.72727272727273,43.36363636363637,24.363636363636363,6.363636363636363,4.0,12.636363636363637,20.636363636363637,121.45454545454545,-1.1272727272727272,100.9090909090909,0.1309090909090909,0.5640000000000001,0.6052727272727272,0.5481818181818182,1.896363636363636,0.30254545454545456,0.7043636363636364,0.507,0.49309090909090914,14.0
0022301040,9.3,33.5,42.8,29.7,7.4,5.5,11.0,16.9,115.3,6.710000000000001,96.024,0.12129999999999999,0.5749,0.603,0.6605,2.683,0.2678,0.7022,0.49990000000000007,0.5429,12.8,33.3,46.1,24.3,8.1,6.3,15.3,18.2,105.1,-6.01,96.872,0.16720000000000002,0.5039,0.5446,0.6611,1.562,0.32709999999999995,0.6967000000000001,0.5065000000000001,0.47050000000000003,25.0
0022501089,10.3,35.3,45.6,25.6,8.5,5.6,10.7,18.0,118.2,10.77,98.95,0.11340000000000001,0.5579999999999999,0.5949,0.5942999999999999,2.9400000000000004,0.27290000000000003,0.69,0.4911999999999999,0.5679000000000001,12.5,32.9,45.4,28.2,7.7,3.2,13.2,17.7,115.8,5.91,96.0,0.1492,0.5609000000000001,0.5997999999999999,0.6529,2.184,0.35140000000000005,0.725,0.5410000000000001,0.5314,11.0
0022400670,11.545454545454545,32.90909090909091,44.45454545454545,26.09090909090909,9.454545454545455,6.090909090909091,12.272727272727273,17.454545454545453,114.36363636363636,-4.1000000000000005,100.34909090909092,0.12745454545454546,0.5225454545454545,0.5576363636363636,0.6385454545454545,2.1263636363636365,0.28781818181818175,0.6584545454545455,0.4725454545454546,0.4785454545454545,10.363636363636363,33.63636363636363,44.0,26.0,7.909090909090909,5.2727272727272725,13.636363636363637,18.818181818181817,112.18181818181819,1.2818181818181822,98.22727272727273,0.1470909090909091,0.5453636363636364,0.5825454545454545,0.6374545454545455,1.8627272727272726,0.2957272727272727,0.6910000000000001,0.5045454545454546,0.5111818181818182,-1.0
0022400595,9.25,33.75,43.0,27.416666666666668,10.333333333333334,4.75,12.5,19.666666666666668,118.41666666666667,14.233333333333334,100.95833333333333,0.13208333333333336,0.56925,0.6010833333333333,0.6180833333333333,2.2183333333333333,0.25783333333333336,0.72225,0.4971666666666666,0.5715,11.272727272727273,31.454545454545453,42.72727272727273,25.09090909090909,7.818181818181818,3.5454545454545454,14.818181818181818,18.545454545454547,103.0909090909091,-12.600000000000001,96.61272727272727,0.16372727272727272,0.5013636363636365,0.5383636363636363,0.6742727272727272,1.6845454545454543,0.30627272727272725,0.7338181818181819,0.503909090909091,0.4320909090909091,26.0
0022500246,9.636363636363637,32.72727272727273,42.36363636363637,27.09090909090909,8.454545454545455,5.454545454545454,14.545454545454545,22.272727272727273,121.9090909090909,6.4818181818181815,101.5909090909091,0.14772727272727273,0.5850000000000001,0.6225454545454545,0.6231818181818182,1.8881818181818182,0.2898181818181818,0.6630909090909092,0.48799999999999993,0.538,10.333333333333334,35.333333333333336,45.666666666666664,25.25,8.833333333333334,6.666666666666667,15.916666666666666,21.416666666666668,113.25,-2.650000000000001,102.78833333333334,0.15733333333333335,0.5211666666666668,0.56075,0.6226666666666667,1.5966666666666667,0.27566666666666667,0.6905000000000001,0.48983333333333334,0.5010833333333333,24.0
0022300736,12.636363636363637,35.18181818181818,47.81818181818182,23.90909090909091,7.0,5.181818181818182,10.818181818181818,16.181818181818183,115.54545454545455,14.145454545454545,95.31818181818181,0.11990909090909091,0.5530909090909091,0.5882727272727273,0.5535454545454546,2.4272727272727272,0.31863636363636366,0.7491818181818182,0.5373636363636364,0.5604545454545454,8.4,31.7,40.1,25.8,5.4,3.3,13.3,19.9,116.4,-6.5699999999999985,100.3,0.1355,0.5771999999999999,0.6047,0.6119,2.055,0.22729999999999997,0.7430000000000001,0.4843,0.45780000000000004,-14.0
0022300584,11.0,29.6,40.6,23.9,5.7,4.8,12.7,17.9,103.4,-16.43,97.28299999999999,0.14279999999999998,0.505,0.5357000000000001,0.6306,1.937,0.2569,0.7222999999999999,0.4666,0.40090000000000003,9.272727272727273,33.27272727272727,42.54545454545455,28.363636363636363,8.0,5.636363636363637,11.545454545454545,18.272727272727273,114.45454545454545,-1.3363636363636362,101.68181818181819,0.12181818181818183,0.5293636363636364,0.5665454545454546,0.6739999999999999,2.6463636363636365,0.25781818181818184,0.6978181818181818,0.476,0.5024545454545455,4.0
0022401017,9.545454545454545,36.36363636363637,45.90909090909091,28.181818181818183,8.636363636363637,5.7272727272727275,10.727272727272727,17.454545454545453,125.81818181818181,12.590909090909092,102.0,0.11181818181818182,0.5853636363636364,0.6179999999999999,0.6083636363636363,2.7654545454545456,0.2650909090909091,0.741090909090909,0.514090909090909,0.5712727272727273,12.0,33.75,45.75,27.25,5.666666666666667,4.416666666666667,14.333333333333334,18.833333333333332,107.83333333333333,-7.766666666666667,98.625,0.149,0.51825,0.5495,0.6699166666666665,1.935833333333333,0.308,0.7103333333333333,0.5066666666666667,0.45625000000000004,35.0
0022400529,12.833333333333334,32.25,45.083333333333336,26.75,8.333333333333334,2.9166666666666665,12.666666666666666,17.166666666666668,118.41666666666667,7.808333333333334,99.15749999999998,0.13425,0.5588333333333333,0.5915833333333333,0.5935833333333332,2.2758333333333334,0.32183333333333336,0.7585000000000001,0.53725,0.538,9.090909090909092,34.09090909090909,43.18181818181818,26.727272727272727,10.636363636363637,5.181818181818182,11.454545454545455,18.363636363636363,114.63636363636364,10.363636363636363,100.18181818181819,0.12090909090909091,0.5505454545454544,0.5820909090909091,0.6118181818181818,2.597272727272727,0.24072727272727273,0.7133636363636364,0.48200000000000004,0.5613636363636364,-25.0
0022400224,10.545454545454545,34.90909090909091,45.45454545454545,26.454545454545453,7.636363636363637,6.454545454545454,16.09090909090909,16.181818181818183,107.18181818181819,-0.37272727272727246,97.95454545454545,0.17281818181818184,0.5416363636363635,0.5770909090909092,0.6712727272727272,1.6254545454545457,0.29254545454545455,0.7200909090909092,0.5167272727272727,0.5267272727272728,9.444444444444445,31.555555555555557,41.0,25.333333333333332,8.88888888888889,6.777777777777778,14.666666666666666,22.666666666666668,108.0,-12.888888888888888,103.05555555555556,0.15155555555555555,0.5021111111111112,0.5412222222222223,0.644,1.7122222222222223,0.2663333333333333,0.6527777777777778,0.4583333333333333,0.4388888888888889,9.0
0022501219,11.0,30.444444444444443,41.44444444444444,25.88888888888889,6.777777777777778,5.222222222222222,16.22222222222222,18.444444444444443,108.88888888888889,-2.9111111111111105,97.83333333333333,0.17566666666666667,0.5391111111111111,0.5791111111111111,0.6786666666666668,1.6011111111111112,0.3114444444444444,0.7154444444444444,0.5101111111111112,0.46377777777777784,8.0,30.7,38.7,27.2,8.2,4.2,14.2,20.9,111.5,-2.7,97.75,0.15560000000000002,0.5884000000000001,0.6128,0.6713,1.807,0.2543,0.6942,0.4784999999999999,0.49329999999999996,45.0
0022400345,10.5,34.4,44.9,26.5,7.0,6.5,10.4,17.7,118.5,8.870000000000001,97.571,0.1123,0.5659,0.5959999999999999,0.6349,2.626,0.2667,0.7351,0.49799999999999994,0.5414000000000001,12.636363636363637,35.09090909090909,47.72727272727273,30.545454545454547,9.0,7.0,16.272727272727273,20.90909090909091,121.18181818181819,7.499999999999999,105.26272727272726,0.16136363636363638,0.557,0.590090909090909,0.6815454545454546,1.9327272727272726,0.31518181818181823,0.7010909090909091,0.5150000000000001,0.5469999999999999,-6.0
0022300956,11.454545454545455,33.18181818181818,44.63636363636363,26.272727272727273,7.2727272727272725,3.272727272727273,11.090909090909092,17.545454545454547,112.0909090909091,-5.409090909090909,97.20636363636363,0.11845454545454545,0.5150909090909092,0.552909090909091,0.6343636363636364,2.3509090909090906,0.28254545454545454,0.702,0.48772727272727273,0.4760909090909091,9.727272727272727,32.72727272727273,42.45454545454545,24.818181818181817,6.636363636363637,4.454545454545454,12.818181818181818,17.272727272727273,110.27272727272727,-2.1818181818181817,96.5,0.1420909090909091,0.546,0.5809090909090909,0.600909090909091,1.979090909090909,0.28145454545454546,0.7069090909090908,0.49672727272727274,0.48581818181818187,-15.0
0022300043,12.090909090909092,31.0,43.09090909090909,24.727272727272727,9.909090909090908,6.2727272727272725,15.181818181818182,20.90909090909091,113.54545454545455,4.390909090909091,100.13636363636364,0.16318181818181818,0.526090909090909,0.5720000000000002,0.6121818181818182,1.5681818181818181,0.3250909090909091,0.7091818181818182,0.5135454545454544,0.5313636363636364,9.454545454545455,35.81818181818182,45.27272727272727,24.90909090909091,5.545454545454546,5.363636363636363,12.090909090909092,16.545454545454547,113.81818181818181,6.827272727272727,97.12181818181817,0.12990909090909092,0.5529999999999999,0.5859999999999999,0.6128181818181818,2.076363636363636,0.2607272727272727,0.728909090909091,0.5028181818181818,0.5324545454545455,17.0
0022300679,12.545454545454545,35.72727272727273,48.27272727272727,26.0,8.272727272727273,5.818181818181818,12.0,19.90909090909091,117.72727272727273,-1.8909090909090907,101.0809090909091,0.1182727272727273,0.52,0.5555454545454545,0.5833636363636364,2.2809090909090908,0.28254545454545454,0.732090909090909,0.5020909090909091,0.4924545454545454,10.6,33.0,43.6,28.2,7.7,4.2,11.6,17.8,119.8,1.5,99.75,0.12179999999999999,0.5694000000000001,0.6011,0.6431000000000001,2.518,0.28180000000000005,0.7371000000000001,0.5054,0.5045000000000001,-11.0
0022500569,10.0,29.7,39.7,24.5,8.9,3.6,15.1,19.2,109.8,-6.909999999999999,98.4,0.15739999999999998,0.553,0.5845999999999999,0.6106,1.659,0.29700000000000004,0.6957,0.4952,0.46950000000000003,8.727272727272727,34.0,42.72727272727273,32.0,10.0,4.181818181818182,12.818181818181818,19.363636363636363,117.54545454545455,2.481818181818182,104.5,0.1302727272727273,0.5573636363636364,0.5799090909090908,0.7293636363636365,2.6799999999999997,0.23572727272727276,0.7286363636363636,0.4776363636363636,0.5061818181818182,25.0
0022300651,10.3,30.1,40.4,25.2,5.8,4.6,12.5,21.0,119.5,-2.150000000000001,100.05,0.12669999999999998,0.5708,0.6028,0.5833,2.011,0.2656,0.6769000000000001,0.47119999999999995,0.47840000000000005,10.6,31.3,41.9,29.6,6.5,4.0,11.7,19.0,121.8,0.37000000000000055,99.979,0.121,0.5721999999999999,0.5955,0.645,2.559,0.29810000000000003,0.7186,0.5006,0.49770000000000003,-5.0
0022500660,13.0,35.09090909090909,48.09090909090909,23.545454545454547,7.0,4.909090909090909,11.0,16.90909090909091,114.0909090909091,5.254545454545456,95.23,0.12090909090909091,0.5357272727272728,0.5651818181818182,0.5509090909090909,2.271818181818182,0.334,0.7143636363636364,0.525,0.5107272727272728,11.6,32.8,44.4,23.6,8.7,4.1,15.0,15.6,115.3,4.1,100.2,0.15769999999999998,0.5447,0.5825,0.5719000000000001,1.5399999999999998,0.325,0.7020000000000001,0.5149,0.51,8.0
0022400794,11.11111111111111,35.22222222222222,46.333333333333336,32.0,7.555555555555555,4.777777777777778,11.444444444444445,18.555555555555557,126.33333333333333,13.133333333333335,99.22222222222223,0.12644444444444444,0.6078888888888889,0.6398888888888888,0.6542222222222223,2.8899999999999997,0.316,0.7164444444444444,0.536111111111111,0.567888888888889,11.3,33.9,45.2,23.1,6.5,3.8,12.7,16.0,100.1,-8.87,95.95,0.13699999999999998,0.4782,0.5179999999999999,0.631,1.922,0.2933,0.7192000000000001,0.4986,0.45299999999999996,14.0
0022400501,11.4,33.0,44.4,27.1,8.4,4.3,12.8,19.9,114.8,0.029999999999999964,101.55,0.1324,0.5338999999999999,0.5694,0.6336999999999999,2.147,0.27809999999999996,0.7558,0.5071000000000001,0.4929,7.3,33.2,40.5,25.1,8.8,3.7,14.1,17.3,108.2,-4.36,98.12,0.1541,0.545,0.587,0.6515,1.75,0.2202,0.7188999999999999,0.4782,0.48929999999999996,5.0
0022500322,10.9,33.6,44.5,26.4,8.6,4.3,13.4,18.9,118.6,1.7400000000000002,100.4,0.13720000000000002,0.5584,0.6002000000000001,0.6101000000000001,2.082,0.2949,0.6938000000000001,0.5012000000000001,0.5206999999999999,13.6,35.8,49.4,30.3,7.0,4.9,14.5,18.2,113.0,-1.7900000000000003,99.917,0.14420000000000002,0.5184,0.5545,0.7287,2.3129999999999997,0.3377,0.7395999999999999,0.5355,0.5054000000000001,7.0
0022301016,12.454545454545455,34.0,46.45454545454545,29.727272727272727,7.181818181818182,5.090909090909091,12.090909090909092,17.818181818181817,115.0909090909091,1.2818181818181822,99.5,0.12663636363636363,0.548,0.5686363636363636,0.6556363636363636,2.7136363636363634,0.3096363636363636,0.7146363636363636,0.5097272727272728,0.5007272727272727,10.1,33.8,43.9,27.6,7.7,6.3,11.1,20.0,116.2,2.839999999999999,100.253,0.11880000000000002,0.5464,0.5772999999999999,0.6144999999999999,2.448,0.2572,0.7173,0.4948,0.5245,-12.0
0022400884,12.125,30.125,42.25,30.25,9.5,5.0,14.0,20.875,121.125,-3.6624999999999996,102.245,0.14475,0.56125,0.5895,0.672375,2.12125,0.30625,0.69675,0.49474999999999997,0.48750000000000004,7.5,35.875,43.375,23.75,7.125,4.25,13.875,18.5,113.0,3.5250000000000004,101.9375,0.142625,0.5469999999999999,0.5891250000000001,0.594375,1.7799999999999998,0.212,0.71775,0.48262499999999997,0.512625,-6.0
0022400465,8.571428571428571,36.857142857142854,45.42857142857143,26.714285714285715,9.857142857142858,3.5714285714285716,13.857142857142858,18.571428571428573,110.14285714285714,1.2428571428571422,103.35714285714286,0.141,0.5375714285714286,0.5604285714285716,0.644,2.067142857142857,0.23014285714285715,0.7785714285714286,0.5011428571428571,0.5078571428571429,10.333333333333334,31.22222222222222,41.55555555555556,24.11111111111111,8.0,3.3333333333333335,16.0,19.22222222222222,102.44444444444444,-8.544444444444444,96.66666666666667,0.185,0.5045555555555556,0.5455555555555556,0.660888888888889,1.39,0.3157777777777777,0.7122222222222221,0.503,0.445,-3.0
0022300392,10.8,32.9,43.7,27.1,8.1,4.4,11.7,18.6,121.2,6.409999999999999,100.35,0.12450000000000001,0.5644,0.609,0.6224999999999999,2.2350000000000003,0.2896,0.7415,0.5161,0.5279,11.8,38.3,50.1,24.0,6.5,4.8,13.6,22.2,113.2,3.8400000000000007,99.828,0.1421,0.5142,0.5617,0.6071,1.799,0.3056,0.724,0.5215,0.5341,-2.0
0022401063,9.7,35.5,45.2,29.2,8.2,4.9,11.8,18.8,122.5,8.93,102.45,0.121,0.5733,0.6078,0.6425000000000001,2.523,0.25739999999999996,0.7135999999999999,0.4983000000000001,0.5441,9.833333333333334,32.583333333333336,42.416666666666664,24.916666666666668,7.333333333333333,3.0,13.166666666666666,20.25,111.33333333333333,-5.391666666666667,97.84083333333332,0.14425000000000002,0.5478333333333333,0.58025,0.6296666666666667,1.9324999999999999,0.2714166666666667,0.7127499999999999,0.49241666666666667,0.46525,2.0
0022300786,12.3,32.0,44.3,26.0,5.7,5.2,11.6,17.5,106.9,-4.659999999999999,95.45,0.1316,0.5161999999999999,0.5485,0.6402,2.2910000000000004,0.32989999999999997,0.7439,0.5257,0.4727,8.727272727272727,32.27272727272727,41.0,29.0,8.272727272727273,3.8181818181818183,13.272727272727273,19.90909090909091,120.18181818181819,-0.6,101.36363636363636,0.13336363636363635,0.5905454545454545,0.6125454545454546,0.6408181818181818,2.617272727272727,0.25463636363636366,0.756909090909091,0.5003636363636365,0.49372727272727274,-4.0
0022400914,11.75,31.0,42.75,29.375,8.625,4.625,12.875,19.75,119.25,-3.8499999999999996,102.5625,0.133875,0.559375,0.583125,0.648875,2.3125,0.29025,0.6955,0.484875,0.48087500000000005,7.25,31.25,38.5,30.875,8.125,5.625,12.5,17.5,120.375,7.5125,99.75,0.135875,0.60975,0.636625,0.69,2.4074999999999998,0.241875,0.6663749999999999,0.46875,0.5447500000000001,2.0
0022500666,11.916666666666666,29.083333333333332,41.0,24.0,11.083333333333334,5.666666666666667,14.0,19.583333333333332,113.58333333333333,-1.0666666666666655,98.76583333333333,0.14108333333333334,0.52975,0.5743333333333334,0.5785833333333332,1.8258333333333334,0.29591666666666666,0.6295000000000001,0.4656666666666666,0.4974999999999999,8.25,33.0,41.25,26.5,7.125,4.125,13.5,17.875,105.375,-9.225000000000001,97.5,0.14525,0.552125,0.575,0.68525,1.9525000000000001,0.21737499999999998,0.71575,0.470375,0.458,17.0
0022500583,8.6,36.1,44.7,23.9,6.3,4.8,13.8,14.7,110.6,-4.87,101.85,0.1419,0.5368,0.5649,0.5603,1.777,0.26230000000000003,0.7242,0.5016,0.4868,10.545454545454545,31.0,41.54545454545455,30.272727272727273,8.272727272727273,3.6363636363636362,15.090909090909092,19.363636363636363,117.63636363636364,-8.054545454545456,101.62909090909092,0.15127272727272725,0.5583636363636365,0.5951818181818181,0.6989090909090909,2.0445454545454544,0.27809090909090906,0.6717272727272727,0.47845454545454547,0.46609090909090906,22.0
0022300658,10.25,36.25,46.5,26.75,7.5,4.375,11.875,17.375,117.75,14.899999999999999,99.625,0.13037500000000002,0.572,0.6025,0.6225,2.0825,0.26275,0.76625,0.523375,0.57575,10.6,31.9,42.5,28.3,8.0,5.9,10.6,18.7,122.2,10.23,97.6,0.11739999999999999,0.5915999999999999,0.6217999999999999,0.6226,2.654,0.3068,0.7151,0.5121,0.5488000000000001,10.0
0022401099,10.181818181818182,35.27272727272727,45.45454545454545,30.272727272727273,7.818181818181818,4.545454545454546,13.0,17.363636363636363,121.9090909090909,5.2272727272727275,103.9090909090909,0.12954545454545457,0.5709090909090909,0.6002727272727273,0.6650909090909091,2.408181818181818,0.26281818181818184,0.7308181818181818,0.5039090909090909,0.525,15.181818181818182,37.0,52.18181818181818,28.818181818181817,7.7272727272727275,3.6363636363636362,14.090909090909092,19.636363636363637,110.9090909090909,1.9636363636363625,103.04545454545455,0.14309090909090907,0.498,0.5284545454545454,0.6991818181818182,2.2636363636363637,0.3281818181818182,0.7236363636363636,0.5238181818181818,0.5089090909090909,19.0
0022500375,10.666666666666666,33.111111111111114,43.77777777777778,27.77777777777778,8.11111111111111,4.111111111111111,11.666666666666666,20.22222222222222,121.44444444444444,-3.2111111111111112,101.85,0.12022222222222223,0.5426666666666667,0.5845555555555556,0.6088888888888888,2.3833333333333333,0.2838888888888889,0.6862222222222222,0.4905555555555556,0.4942222222222223,16.125,32.0,48.125,25.875,8.75,6.125,15.75,20.125,118.125,6.574999999999999,97.785,0.1705,0.5511250000000001,0.5887499999999999,0.5880000000000001,1.6325,0.418625,0.707875,0.5638750000000001,0.542125,5.0
0022300925,12.5,34.25,46.75,25.0,6.5,5.0,11.75,15.75,110.0,4.5875,96.3125,0.138125,0.523625,0.55525,0.6031249999999999,2.0250000000000004,0.33775,0.6900000000000001,0.51725,0.5225,11.625,36.75,48.375,26.75,7.25,6.0,13.375,18.0,116.0,12.0625,99.375,0.140375,0.5607500000000001,0.588625,0.61425,2.0324999999999998,0.291125,0.702375,0.50725,0.5535,-13.0
0022401127,8.9,36.3,45.2,26.0,8.6,5.7,11.7,17.4,119.5,16.2,97.8,0.1307,0.5916,0.6301,0.6054999999999999,2.2800000000000002,0.2618,0.7463,0.5265,0.5704999999999999,7.8,33.2,41.0,24.6,7.3,4.0,12.1,17.3,115.8,-2.7600000000000002,101.6,0.12719999999999998,0.5657,0.5972,0.5619,2.1550000000000002,0.22430000000000003,0.7335,0.4837000000000001,0.49539999999999995,23.0
0022500421,12.125,31.5,43.625,23.875,9.5,5.875,14.5,20.5,110.75,-9.1125,99.91749999999999,0.14875,0.510625,0.545125,0.5765,1.62625,0.31375,0.6583749999999999,0.482125,0.45925,16.333333333333332,33.0,49.333333333333336,25.555555555555557,10.555555555555555,6.111111111111111,13.777777777777779,23.0,116.0,8.911111111111111,99.83666666666666,0.14866666666666667,0.5101111111111111,0.5487777777777778,0.5987777777777779,1.8399999999999999,0.3981111111111111,0.702111111111111,0.5451111111111112,0.5424444444444444,-9.0
0022301228,10.3,32.4,42.7,26.4,7.2,7.4,13.3,20.1,117.5,4.300000000000001,96.25,0.14640000000000003,0.5493000000000001,0.6058,0.6521999999999999,1.9740000000000002,0.33399999999999996,0.6799999999999999,0.5139,0.5458000000000001,10.0,33.111111111111114,43.111111111111114,27.555555555555557,6.333333333333333,3.3333333333333335,12.666666666666666,20.22222222222222,118.66666666666667,-1.8000000000000003,101.66666666666667,0.1296666666666667,0.5564444444444445,0.593,0.6631111111111112,2.1500000000000004,0.2573333333333333,0.7252222222222223,0.4863333333333333,0.4736666666666667,-8.0
0022300559,13.666666666666666,33.0,46.666666666666664,25.555555555555557,8.0,5.0,13.222222222222221,18.22222222222222,118.44444444444444,-8.955555555555556,102.48666666666666,0.13544444444444445,0.5091111111111111,0.5538888888888889,0.6156666666666667,1.838888888888889,0.3084444444444444,0.7087777777777778,0.4948888888888889,0.44611111111111107,9.5,33.1,42.6,29.5,8.1,5.9,10.9,18.6,118.0,0.19000000000000022,101.45,0.11610000000000001,0.5439,0.5809,0.6853999999999999,2.901,0.2616,0.6923999999999999,0.47569999999999996,0.5111,10.0
0022500580,11.9,33.6,45.5,29.2,10.7,4.1,15.1,19.2,120.5,2.21,106.9,0.14980000000000002,0.5414000000000001,0.5747,0.6475,2.027,0.2985,0.7261,0.5035000000000001,0.5001,12.5,33.2,45.7,23.7,7.1,5.0,10.6,16.2,118.4,8.75,96.2,0.1182,0.5711999999999999,0.5952,0.5346,2.388,0.33640000000000003,0.7356,0.5365,0.5184,-5.0
0022300999,9.7,31.9,41.6,28.1,8.5,4.5,13.4,17.8,109.2,-11.77,101.995,0.13630000000000003,0.5222,0.5476,0.6765,2.1450000000000005,0.24250000000000002,0.6944,0.4597999999999999,0.44749999999999995,12.0,35.1,47.1,28.9,8.4,4.5,12.5,21.3,115.5,3.88,98.50500000000001,0.134,0.5367,0.5682,0.6621,2.309,0.3025,0.7761,0.5323000000000001,0.5069,-34.0
0022500426,10.25,31.375,41.625,23.0,7.625,5.25,11.625,21.125,105.125,-5.449999999999999,99.1875,0.12087500000000001,0.495625,0.5367500000000001,0.6142500000000001,2.05125,0.23975,0.684125,0.4515,0.460875,11.375,32.5,43.875,23.75,8.25,5.75,11.875,19.125,117.875,12.4375,96.25,0.13537500000000002,0.574125,0.6052500000000001,0.548125,1.895,0.330625,0.69075,0.513625,0.5558749999999999,-18.0
0022300681,11.333333333333334,32.083333333333336,43.416666666666664,31.25,7.666666666666667,6.0,13.0,16.75,117.33333333333333,-0.3333333333333333,101.08333333333333,0.13266666666666665,0.5505000000000001,0.5834166666666666,0.7123333333333334,2.7125000000000004,0.2965833333333333,0.6958333333333333,0.4938333333333333,0.5096666666666667,11.727272727272727,29.09090909090909,40.81818181818182,23.545454545454547,8.0,4.909090909090909,12.0,20.90909090909091,104.63636363636364,-4.245454545454546,94.63636363636364,0.13527272727272724,0.5179090909090909,0.5518181818181818,0.621,1.9372727272727273,0.3094545454545455,0.7178181818181818,0.4979090909090909,0.4790909090909091,-10.0
0022400614,11.3,33.1,44.4,25.3,8.5,6.0,14.1,18.0,108.7,-4.0,99.1,0.1473,0.5274,0.5607999999999999,0.6354,1.8050000000000002,0.2851,0.6898,0.4928,0.4888,12.0,33.833333333333336,45.833333333333336,24.083333333333332,5.666666666666667,5.0,14.666666666666666,17.916666666666668,111.66666666666667,1.4083333333333339,96.29166666666667,0.16,0.5627500000000002,0.5963333333333334,0.6133333333333334,1.7083333333333333,0.3141666666666667,0.6815833333333332,0.5083333333333333,0.5092500000000001,-1.0
0022500952,9.5,33.3,42.8,22.8,9.5,4.6,12.0,19.4,117.6,4.74,99.1,0.1286,0.5507000000000001,0.6016999999999999,0.5439999999999999,1.973,0.2886000000000001,0.7076999999999999,0.5073000000000001,0.5347999999999999,9.444444444444445,33.77777777777778,43.22222222222222,23.77777777777778,8.777777777777779,5.666666666666667,14.555555555555555,21.444444444444443,110.55555555555556,-3.011111111111111,100.5,0.15055555555555558,0.5458888888888889,0.5823333333333333,0.5955555555555555,1.6233333333333335,0.2704444444444445,0.7094444444444444,0.4972222222222222,0.4948888888888889,25.0
0022300563,8.3,32.1,40.4,30.7,7.0,5.6,11.1,20.0,124.4,0.8,101.55,0.11520000000000001,0.5967,0.6251,0.6637,3.001,0.2411,0.7013,0.4747,0.5043,11.181818181818182,36.45454545454545,47.63636363636363,26.545454545454547,6.2727272727272725,6.636363636363637,11.727272727272727,17.454545454545453,125.45454545454545,8.60909090909091,101.08636363636364,0.11863636363636365,0.566,0.6051818181818182,0.6047272727272728,2.3745454545454545,0.29090909090909084,0.7242727272727273,0.5133636363636364,0.5403636363636365,-9.0
0022301042,11.363636363636363,35.45454545454545,46.81818181818182,28.272727272727273,9.090909090909092,4.7272727272727275,12.818181818181818,20.454545454545453,115.36363636363636,7.481818181818183,98.74727272727273,0.13699999999999998,0.5406363636363636,0.5780909090909092,0.6566363636363636,2.2336363636363634,0.3014545454545454,0.771090909090909,0.5340909090909091,0.535,11.083333333333334,29.166666666666668,40.25,23.916666666666668,8.75,6.333333333333333,10.416666666666666,18.916666666666668,101.5,-2.908333333333333,94.16666666666667,0.12083333333333335,0.49983333333333335,0.5339166666666666,0.63625,2.224166666666667,0.26733333333333337,0.67975,0.46275,0.47141666666666665,12.0
0022400438,10.25,30.0,40.25,30.375,7.75,3.875,14.625,23.125,113.25,-9.5875,103.55,0.14300000000000002,0.5337500000000001,0.563625,0.71725,2.1012500000000003,0.25849999999999995,0.673125,0.46075000000000005,0.454375,11.625,34.625,46.25,28.75,9.5,5.0,15.75,16.75,117.125,-1.85,104.07,0.15800000000000003,0.5495,0.5882499999999999,0.69,1.8775,0.2645,0.7415,0.50825,0.49287499999999995,-29.0
0022301076,12.363636363636363,30.454545454545453,42.81818181818182,28.0,8.454545454545455,5.181818181818182,11.545454545454545,18.09090909090909,113.72727272727273,2.1363636363636367,95.30272727272727,0.1302727272727273,0.5571818181818182,0.58,0.6589090909090909,2.4527272727272726,0.316,0.7411818181818183,0.5134545454545454,0.49500000000000005,9.4,35.1,44.5,28.1,5.3,4.0,11.8,19.0,117.0,0.9299999999999994,97.821,0.1248,0.5718,0.5999000000000001,0.651,2.4490000000000003,0.24770000000000003,0.7417999999999999,0.4985999999999999,0.499,-9.0
0022300525,12.2,32.9,45.1,29.4,5.7,4.0,12.0,17.7,120.4,-0.2699999999999999,98.786,0.1294,0.5652,0.5976000000000001,0.6621,2.393,0.31450000000000006,0.7131,0.5141,0.5067999999999999,10.8,33.3,44.1,26.4,7.9,6.1,12.8,19.4,115.3,10.4,95.789,0.14,0.5728,0.6058000000000001,0.6166,2.0620000000000003,0.3154,0.7066,0.5208,0.5393,-36.0
0022500842,13.625,32.75,46.375,26.125,10.0,6.0,13.0,20.625,117.125,10.325,99.0,0.136625,0.5317500000000001,0.5700000000000001,0.595,2.01125,0.365,0.698375,0.532375,0.5502499999999999,12.222222222222221,33.22222222222222,45.44444444444444,26.333333333333332,9.555555555555555,4.222222222222222,14.333333333333334,15.88888888888889,114.44444444444444,8.366666666666667,98.61111111111111,0.1527777777777778,0.5535555555555555,0.5856666666666666,0.648,1.9088888888888889,0.32411111111111107,0.7064444444444445,0.5174444444444445,0.5453333333333333,8.0
0022400944,11.5,32.625,44.125,21.75,7.125,6.5,12.0,21.25,105.25,-1.7000000000000002,96.1875,0.139,0.50075,0.5451250000000001,0.5798749999999999,1.665,0.31074999999999997,0.7088749999999999,0.50625,0.502625,11.125,33.5,44.625,28.875,8.375,4.75,12.375,18.125,118.875,-2.7249999999999996,102.4625,0.13137500000000002,0.53025,0.568625,0.665375,2.3375,0.28237500000000004,0.70675,0.48912500000000003,0.48312499999999997,-2.0
0022500452,11.777777777777779,33.55555555555556,45.333333333333336,31.444444444444443,7.777777777777778,4.222222222222222,13.222222222222221,17.333333333333332,119.66666666666667,-2.3444444444444446,102.38888888888889,0.13333333333333333,0.5592222222222223,0.5871111111111111,0.7114444444444445,2.3444444444444446,0.3045555555555556,0.7054444444444443,0.508,0.5058888888888888,12.777777777777779,33.44444444444444,46.22222222222222,26.444444444444443,9.333333333333334,5.444444444444445,12.222222222222221,21.88888888888889,114.88888888888889,0.6111111111111113,101.20777777777778,0.12544444444444444,0.5194444444444445,0.5547777777777778,0.6484444444444445,2.1233333333333335,0.3045555555555556,0.6885555555555556,0.4926666666666667,0.5101111111111112,-35.0
0022301176,8.636363636363637,34.27272727272727,42.90909090909091,25.90909090909091,7.454545454545454,3.272727272727273,11.181818181818182,15.090909090909092,110.81818181818181,5.854545454545454,95.57818181818183,0.12772727272727272,0.5457272727272726,0.5855454545454545,0.6484545454545455,2.405454545454546,0.24645454545454548,0.7537272727272728,0.5056363636363638,0.5275454545454545,9.727272727272727,29.818181818181817,39.54545454545455,26.09090909090909,8.818181818181818,4.363636363636363,15.363636363636363,18.545454545454547,108.0909090909091,-14.7,100.77272727272727,0.15554545454545454,0.5169090909090909,0.5529090909090909,0.6444545454545454,1.7772727272727273,0.2751818181818182,0.6639999999999998,0.466909090909091,0.43763636363636366,22.0
0022501013,10.333333333333334,35.916666666666664,46.25,31.0,7.0,6.083333333333333,11.416666666666666,20.083333333333332,121.66666666666667,10.674999999999999,100.25,0.12241666666666666,0.5844999999999999,0.6141666666666666,0.7094166666666667,2.9533333333333336,0.2674166666666667,0.7368333333333333,0.5141666666666667,0.5533333333333333,12.3,28.8,41.1,25.3,8.4,4.3,11.7,19.9,114.2,2.2800000000000002,96.35,0.13499999999999998,0.5552000000000001,0.5875,0.6347,2.0170000000000003,0.328,0.6907,0.5014000000000001,0.5013,1.0
0022501226,9.0,30.333333333333332,39.333333333333336,22.88888888888889,9.444444444444445,3.2222222222222223,13.777777777777779,19.444444444444443,110.55555555555556,-5.2555555555555555,98.05555555555556,0.14855555555555555,0.5329999999999999,0.5815555555555556,0.5814444444444444,1.5988888888888888,0.2747777777777778,0.7044444444444445,0.4863333333333333,0.4742222222222222,11.0,37.25,48.25,29.875,7.375,5.5,15.875,20.875,118.25,2.8375,100.70875000000001,0.15762500000000002,0.5635000000000001,0.594125,0.6775,2.03,0.3115,0.742625,0.53525,0.534625,-18.0
0022400491,15.0,32.666666666666664,47.666666666666664,19.88888888888889,8.0,4.888888888888889,13.555555555555555,18.333333333333332,110.33333333333333,2.7222222222222228,98.22222222222223,0.14955555555555555,0.5098888888888888,0.5428888888888889,0.47555555555555556,1.4277777777777778,0.36,0.7188888888888889,0.5295555555555556,0.482,10.444444444444445,33.888888888888886,44.333333333333336,27.0,7.222222222222222,5.0,13.333333333333334,16.0,115.11111111111111,4.800000000000001,100.05555555555556,0.14466666666666667,0.5539999999999999,0.5938888888888889,0.6512222222222221,2.0811111111111114,0.2794444444444444,0.7185555555555556,0.5048888888888889,0.5342222222222223,4.0
0022300197,12.0,34.7,46.7,25.0,7.4,6.8,16.2,18.2,111.8,-0.1999999999999999,99.822,0.16599999999999998,0.5267,0.5732,0.6355999999999999,1.6019999999999999,0.30989999999999995,0.7303,0.5257000000000001,0.5065999999999999,9.5,37.5,47.0,24.9,8.0,6.0,15.1,19.2,111.9,8.32,100.053,0.1599,0.5552,0.5866,0.5985,1.5879999999999999,0.27199999999999996,0.7192999999999999,0.5104999999999998,0.5655,18.0
0022400732,12.416666666666666,32.5,44.916666666666664,23.75,7.583333333333333,5.333333333333333,13.833333333333334,19.666666666666668,111.33333333333333,6.883333333333332,97.315,0.15241666666666664,0.533,0.5736666666666667,0.6015833333333332,1.7075000000000002,0.32825,0.6910833333333333,0.5106666666666666,0.5326666666666667,11.2,32.3,43.5,28.4,6.9,4.2,11.9,16.8,117.2,-4.94,101.2,0.1255,0.5424,0.5782,0.6474,2.3939999999999997,0.29579999999999995,0.6813,0.4897,0.497,6.0
0022400341,9.7,33.9,43.6,23.0,7.3,4.1,15.3,20.8,103.2,-20.009999999999998,103.35,0.15369999999999998,0.48839999999999995,0.523,0.5959000000000001,1.557,0.253,0.7494,0.49139999999999995,0.39239999999999997,8.8,33.0,41.8,29.5,8.8,4.5,13.4,17.1,114.8,-0.7399999999999999,101.65,0.13899999999999998,0.5607,0.5871999999999999,0.6752,2.172,0.25460000000000005,0.6982999999999999,0.4851,0.5105999999999999,9.0
0022500965,11.416666666666666,34.583333333333336,46.0,24.0,6.166666666666667,4.25,15.083333333333334,16.833333333333332,109.08333333333333,-10.108333333333333,101.70833333333333,0.15275,0.514,0.5516666666666666,0.6049166666666667,1.6458333333333333,0.30033333333333334,0.719,0.5125833333333334,0.4504166666666667,11.0,31.727272727272727,42.72727272727273,26.272727272727273,7.363636363636363,5.454545454545454,11.909090909090908,18.727272727272727,112.81818181818181,3.5818181818181816,95.39636363636365,0.13009090909090906,0.5503636363636364,0.585909090909091,0.6607272727272727,2.1754545454545453,0.3074545454545455,0.684909090909091,0.4965454545454545,0.5266363636363637,-33.0
0022401159,7.8,33.3,41.1,24.3,7.7,3.9,13.1,17.5,113.2,-3.9800000000000004,100.85,0.1392,0.5576,0.5928000000000001,0.5767,2.0260000000000002,0.22999999999999998,0.7408,0.48929999999999996,0.48930000000000007,9.666666666666666,31.583333333333332,41.25,24.666666666666668,7.0,3.4166666666666665,13.75,18.833333333333332,115.91666666666667,-2.233333333333333,98.29166666666667,0.15000000000000002,0.5754166666666668,0.6134166666666667,0.6139166666666667,1.7874999999999999,0.27549999999999997,0.7075833333333333,0.4974166666666666,0.4833333333333334,-15.0
0022400862,14.25,36.625,50.875,23.125,5.625,4.875,13.75,18.625,108.75,0.9625,99.75,0.14387499999999998,0.496625,0.5245,0.5655,1.9525000000000001,0.35375,0.741125,0.544125,0.48662500000000003,12.285714285714286,36.57142857142857,48.857142857142854,28.857142857142858,7.285714285714286,4.571428571428571,16.285714285714285,18.0,122.85714285714286,6.228571428571428,100.49571428571429,0.17071428571428568,0.5791428571428572,0.6128571428571429,0.6345714285714286,1.7485714285714284,0.35014285714285714,0.7754285714285715,0.566857142857143,0.5268571428571429,-10.0
0022500015,10.4,33.7,44.1,32.9,8.5,5.7,14.5,18.8,121.5,5.88,102.75,0.14989999999999998,0.5860000000000001,0.6134,0.7253,2.232,0.274,0.699,0.49540000000000006,0.5324,8.416666666666666,33.583333333333336,42.0,25.166666666666668,9.666666666666666,7.5,11.25,19.0,120.5,10.15,101.36833333333334,0.11541666666666667,0.5584166666666667,0.6000833333333334,0.57275,2.2325,0.25699999999999995,0.6696666666666666,0.4759166666666667,0.56575,-32.0
0022401204,13.0,35.333333333333336,48.333333333333336,22.22222222222222,9.11111111111111,6.111111111111111,13.0,19.88888888888889,113.66666666666667,4.944444444444445,99.86111111111111,0.1331111111111111,0.5002222222222222,0.5448888888888889,0.5536666666666666,1.7411111111111113,0.3426666666666667,0.73,0.5311111111111111,0.5345555555555555,12.4,36.2,48.6,28.1,7.6,4.7,13.3,18.8,107.0,-1.5099999999999993,100.1,0.13940000000000002,0.5029000000000001,0.531,0.7095,2.142,0.29000000000000004,0.7676000000000001,0.5177,0.48450000000000004,1.0
0022400028,9.222222222222221,32.55555555555556,41.77777777777778,24.333333333333332,8.333333333333334,6.0,14.666666666666666,21.666666666666668,106.33333333333333,-17.96666666666667,102.66666666666667,0.14855555555555555,0.5072222222222222,0.5371111111111111,0.6077777777777779,1.7111111111111112,0.2568888888888889,0.6694444444444444,0.4621111111111111,0.4144444444444444,9.6,33.0,42.6,26.8,6.8,5.1,12.3,16.1,119.4,8.719999999999999,96.668,0.1268,0.5695,0.6063999999999999,0.65,2.313,0.2792,0.7078,0.495,0.5380999999999999,-12.0
0022401060,10.6,30.9,41.5,21.9,7.9,5.0,10.4,20.2,110.7,3.5799999999999996,96.3,0.12010000000000001,0.5254,0.5692999999999999,0.5523,1.9439999999999997,0.2854,0.6909,0.48480000000000006,0.5103,7.545454545454546,30.272727272727273,37.81818181818182,25.363636363636363,7.636363636363637,3.090909090909091,12.272727272727273,15.636363636363637,117.36363636363636,-7.845454545454545,101.86363636363636,0.12563636363636366,0.5690909090909091,0.6014545454545455,0.5748181818181819,2.169090909090909,0.222,0.7069090909090909,0.457909090909091,0.4623636363636363,-9.0
0022301150,12.090909090909092,30.272727272727273,42.36363636363637,24.545454545454547,8.636363636363637,4.363636363636363,10.818181818181818,20.272727272727273,119.72727272727273,0.5545454545454553,99.11636363636363,0.113,0.5362727272727272,0.5765454545454545,0.5827272727272728,2.286363636363637,0.3034545454545454,0.702,0.4894545454545454,0.49590909090909085,10.1,30.8,40.9,26.6,8.9,4.9,13.0,15.9,109.7,6.889999999999999,95.7,0.1472,0.5552,0.5871,0.6552,1.953,0.282,0.7498999999999999,0.5128000000000001,0.5341,12.0
0022500717,9.818181818181818,33.72727272727273,43.54545454545455,29.272727272727273,7.363636363636363,4.636363636363637,13.818181818181818,19.272727272727273,109.18181818181819,-6.781818181818182,101.0909090909091,0.14181818181818182,0.528,0.5571818181818181,0.7238181818181818,2.588181818181818,0.26072727272727275,0.7265454545454545,0.4881818181818182,0.4641818181818182,10.333333333333334,31.083333333333332,41.416666666666664,30.5,8.333333333333334,3.9166666666666665,15.583333333333334,20.333333333333332,114.91666666666667,-10.608333333333334,102.75,0.15983333333333333,0.5445833333333333,0.5838333333333333,0.7250833333333334,1.9324999999999999,0.2778333333333333,0.7001666666666667,0.4890000000000001,0.4581666666666668,-9.0
0022300656,10.727272727272727,30.272727272727273,41.0,21.90909090909091,6.545454545454546,5.181818181818182,12.636363636363637,19.181818181818183,107.54545454545455,-13.236363636363636,98.32272727272726,0.13963636363636361,0.5026363636363635,0.5407272727272727,0.5676363636363635,1.637272727272727,0.29090909090909095,0.7153636363636363,0.48763636363636365,0.40745454545454546,9.666666666666666,35.111111111111114,44.77777777777778,28.333333333333332,6.777777777777778,5.333333333333333,12.555555555555555,18.77777777777778,119.22222222222223,1.4000000000000001,98.20666666666666,0.13122222222222224,0.5722222222222223,0.6032222222222222,0.6297777777777777,2.281111111111111,0.28544444444444445,0.7711111111111111,0.5323333333333333,0.506,-8.0
0022301092,8.0,34.63636363636363,42.63636363636363,26.636363636363637,7.909090909090909,4.090909090909091,10.636363636363637,16.181818181818183,108.63636363636364,3.8818181818181823,95.68181818181819,0.11881818181818181,0.5522727272727272,0.5836363636363636,0.6519999999999999,2.485454545454546,0.23072727272727275,0.764,0.49827272727272726,0.5310000000000001,10.6,35.2,45.8,30.0,5.8,6.5,14.1,16.3,114.8,2.3,97.0,0.15259999999999999,0.5957,0.6162,0.6750999999999999,2.161,0.2888,0.7432000000000001,0.5301,0.5214,-13.0
0022400047,8.25,33.0,41.25,29.333333333333332,7.5,5.583333333333333,15.0,19.25,121.25,-4.391666666666667,104.03249999999998,0.14916666666666667,0.58875,0.6169166666666667,0.6562500000000001,1.9774999999999994,0.2426666666666667,0.6965833333333333,0.4776666666666667,0.4803333333333333,8.777777777777779,32.77777777777778,41.55555555555556,28.333333333333332,6.444444444444445,6.333333333333333,11.444444444444445,17.0,118.11111111111111,9.333333333333334,95.74222222222222,0.11855555555555555,0.5746666666666667,0.607888888888889,0.6918888888888889,2.6655555555555552,0.25511111111111107,0.7072222222222222,0.48255555555555546,0.5418888888888889,-9.0
0022500377,9.0,32.25,41.25,29.875,6.75,4.0,11.625,19.25,129.375,8.462499999999999,99.285,0.12275,0.6292500000000001,0.661375,0.64225,2.5949999999999998,0.275875,0.7133750000000001,0.506,0.542875,11.285714285714286,33.857142857142854,45.142857142857146,24.428571428571427,9.142857142857142,5.285714285714286,13.0,19.714285714285715,113.14285714285714,-0.28571428571428564,103.14285714285714,0.13142857142857142,0.507,0.5441428571428572,0.5830000000000001,1.8814285714285717,0.30399999999999994,0.7442857142857143,0.5138571428571428,0.49214285714285716,11.0
0022401039,12.0,33.27272727272727,45.27272727272727,26.636363636363637,9.090909090909092,5.818181818181818,13.909090909090908,18.09090909090909,110.18181818181819,-9.700000000000001,102.27272727272727,0.13927272727272727,0.5076363636363637,0.5418181818181819,0.6669090909090909,2.001818181818182,0.2809090909090909,0.6746363636363637,0.4724545454545455,0.4569090909090909,16.181818181818183,33.36363636363637,49.54545454545455,26.90909090909091,8.090909090909092,4.090909090909091,15.727272727272727,22.454545454545453,110.0,-2.5000000000000013,101.22727272727273,0.16318181818181818,0.49636363636363634,0.5363636363636363,0.6821818181818181,1.757272727272727,0.35854545454545456,0.6924545454545454,0.522909090909091,0.4809090909090909,-8.0
0022300814,12.125,33.25,45.375,27.25,6.375,3.75,14.5,22.0,114.625,-6.050000000000001,101.94375,0.145875,0.537625,0.5660000000000001,0.6271249999999999,1.90125,0.28325,0.777,0.5165,0.446125,9.625,30.375,40.0,26.0,7.625,4.25,14.125,19.25,112.75,2.9000000000000004,94.755,0.15325,0.582375,0.6114999999999999,0.6132500000000001,1.80375,0.315375,0.741375,0.528875,0.5138750000000001,-3.0
0022400381,8.75,37.375,46.125,30.25,8.0,5.25,13.25,18.875,120.875,4.4625,104.125,0.132875,0.5703750000000001,0.601,0.6942499999999999,2.2962499999999997,0.23562499999999997,0.7382500000000001,0.49587499999999995,0.5285,11.777777777777779,36.888888888888886,48.666666666666664,25.555555555555557,7.444444444444445,6.0,11.333333333333334,15.222222222222221,118.0,7.288888888888888,101.11111111111111,0.11855555555555555,0.5441111111111111,0.5734444444444444,0.609,2.576666666666666,0.2791111111111111,0.7592222222222222,0.5131111111111112,0.5287777777777778,-25.0
0022500290,12.909090909090908,31.09090909090909,44.0,26.727272727272727,11.090909090909092,4.0,15.454545454545455,22.727272727272727,119.72727272727273,10.436363636363637,99.68181818181819,0.16063636363636363,0.5742727272727273,0.6094545454545455,0.6253636363636363,1.9081818181818184,0.3562727272727272,0.6956363636363636,0.5274545454545454,0.5483636363636364,17.77777777777778,32.55555555555556,50.333333333333336,24.666666666666668,9.333333333333334,4.333333333333333,14.11111111111111,21.0,120.11111111111111,8.866666666666667,98.94999999999999,0.14955555555555555,0.5391111111111111,0.5738888888888889,0.5498888888888889,1.9222222222222223,0.40677777777777774,0.7063333333333334,0.5535555555555557,0.5325555555555556,-22.0
0022500675,12.363636363636363,30.181818181818183,42.54545454545455,30.272727272727273,7.636363636363637,4.909090909090909,11.363636363636363,20.272727272727273,112.45454545454545,1.5454545454545447,96.71909090909092,0.12045454545454547,0.5247272727272726,0.5611818181818181,0.7198181818181818,2.7627272727272727,0.31200000000000006,0.6987272727272728,0.49663636363636365,0.5197272727272728,14.6,33.6,48.2,25.7,7.9,4.4,13.2,19.6,109.8,4.19,96.35,0.1466,0.5372,0.5638,0.6254000000000001,1.975,0.35439999999999994,0.7336,0.5398,0.5267,-27.0
0022500291,11.454545454545455,31.0,42.45454545454545,26.818181818181817,10.818181818181818,4.7272727272727275,16.09090909090909,20.90909090909091,113.0909090909091,-0.7636363636363637,101.95454545454545,0.16481818181818184,0.5375454545454544,0.5809090909090909,0.6979090909090909,1.6736363636363636,0.2805454545454546,0.6611818181818182,0.46854545454545454,0.48836363636363633,12.454545454545455,32.18181818181818,44.63636363636363,29.818181818181817,8.090909090909092,3.272727272727273,16.454545454545453,23.454545454545453,117.18181818181819,-9.509090909090908,103.07818181818183,0.16254545454545455,0.5235454545454545,0.5681818181818182,0.7297272727272728,1.9118181818181819,0.32136363636363635,0.7152727272727273,0.5070000000000001,0.44981818181818184,17.0
0022300968,9.8,34.5,44.3,28.8,6.8,6.4,10.8,19.3,119.4,2.0099999999999993,101.303,0.11579999999999999,0.5535,0.5868,0.6295999999999999,2.602,0.2603,0.7314,0.5023000000000001,0.5184,10.454545454545455,29.818181818181817,40.27272727272727,25.454545454545453,7.090909090909091,4.181818181818182,12.454545454545455,18.272727272727273,106.0909090909091,1.9181818181818178,94.95454545454545,0.14272727272727279,0.5351818181818181,0.5632727272727273,0.6481818181818183,2.015454545454545,0.2880909090909091,0.7243636363636363,0.49545454545454554,0.49063636363636365,21.0
0022400738,12.181818181818182,33.54545454545455,45.72727272727273,24.818181818181817,8.909090909090908,5.0,13.636363636363637,19.90909090909091,114.0,-1.336363636363636,101.77272727272727,0.13972727272727273,0.5183636363636362,0.5587272727272727,0.5832727272727273,1.9427272727272729,0.30127272727272725,0.7244545454545455,0.512,0.49500000000000005,9.181818181818182,27.363636363636363,36.54545454545455,25.90909090909091,8.909090909090908,3.3636363636363638,9.727272727272727,18.727272727272727,114.45454545454545,-3.1363636363636362,97.77272727272727,0.10881818181818183,0.5566363636363636,0.5860000000000001,0.6118181818181818,2.612727272727273,0.25427272727272726,0.6830909090909091,0.4559090909090909,0.46918181818181814,13.0
0022300235,10.090909090909092,32.45454545454545,42.54545454545455,29.0,6.181818181818182,6.545454545454546,14.727272727272727,19.727272727272727,110.54545454545455,-13.472727272727274,101.61454545454545,0.14436363636363636,0.5281818181818182,0.5546363636363636,0.6853636363636363,2.151818181818182,0.2602727272727272,0.7294545454545454,0.48227272727272724,0.44136363636363635,10.88888888888889,33.55555555555556,44.44444444444444,23.77777777777778,10.11111111111111,3.5555555555555554,13.666666666666666,21.11111111111111,110.88888888888889,-1.4333333333333327,98.57444444444445,0.14366666666666666,0.5245555555555556,0.5643333333333334,0.5953333333333333,1.858888888888889,0.29533333333333334,0.7068888888888889,0.5006666666666667,0.5006666666666667,-7.0
0022400495,10.5,31.8,42.3,23.5,7.7,3.0,16.4,19.5,101.0,-8.53,96.85,0.18460000000000001,0.4976,0.54,0.6565000000000001,1.37,0.3075,0.7179999999999999,0.5009,0.44370000000000004,10.0,35.9,45.9,30.3,6.9,5.3,10.7,18.3,118.0,4.08,99.9,0.1153,0.5665000000000001,0.5967,0.6934,2.8440000000000003,0.2681,0.7575000000000001,0.5161999999999999,0.5275000000000001,-14.0
0022400377,11.88888888888889,30.22222222222222,42.111111111111114,22.11111111111111,9.88888888888889,7.444444444444445,16.11111111111111,21.333333333333332,104.77777777777777,-0.31111111111111117,96.64777777777778,0.17477777777777778,0.5205555555555557,0.5589999999999999,0.5842222222222222,1.336666666666667,0.33577777777777773,0.7423333333333333,0.5274444444444444,0.5024444444444445,10.333333333333334,34.0,44.333333333333336,27.88888888888889,8.88888888888889,2.888888888888889,12.777777777777779,16.0,115.33333333333333,5.488888888888889,98.24444444444445,0.13755555555555554,0.5511111111111111,0.5867777777777778,0.6712222222222223,2.1522222222222225,0.29066666666666663,0.7387777777777778,0.5100000000000001,0.5143333333333333,7.0
0022401031,12.3,31.2,43.5,29.9,9.1,6.7,13.1,19.2,122.2,3.6800000000000006,101.75,0.1358,0.5706,0.6001,0.6462999999999999,2.279,0.3144,0.7017,0.5053,0.5125,10.75,28.833333333333332,39.583333333333336,24.083333333333332,9.0,4.916666666666667,12.916666666666666,17.75,115.5,-9.583333333333334,100.14333333333333,0.13541666666666666,0.5519999999999999,0.5778333333333333,0.5661666666666666,1.8825,0.28583333333333333,0.6489166666666666,0.46508333333333335,0.44725,13.0
0022501190,10.9,30.3,41.2,27.6,7.8,3.1,12.1,17.9,116.1,6.779999999999999,93.3,0.13760000000000003,0.5892999999999999,0.6222000000000001,0.6323,2.3600000000000003,0.33740000000000003,0.7026999999999999,0.5267000000000002,0.5458999999999999,13.454545454545455,32.72727272727273,46.18181818181818,25.363636363636363,6.363636363636363,3.909090909090909,12.545454545454545,18.454545454545453,116.54545454545455,10.745454545454546,95.18181818181819,0.14572727272727273,0.5649090909090909,0.596909090909091,0.6041818181818182,1.9009090909090909,0.38081818181818183,0.7314545454545456,0.5539999999999999,0.5414545454545455,-14.0
0022400868,8.5,30.375,38.875,31.125,8.625,5.0,11.875,17.625,121.125,2.0375,100.69749999999999,0.126,0.5771250000000001,0.614875,0.707375,2.65375,0.25975000000000004,0.6845000000000001,0.475875,0.520875,10.875,31.625,42.5,27.625,9.0,4.25,13.875,17.0,115.625,-5.800000000000001,102.15,0.145875,0.517625,0.5591250000000001,0.6764999999999999,1.9012499999999999,0.286875,0.680375,0.47550000000000003,0.46175,15.0
0022300527,12.0,34.888888888888886,46.888888888888886,30.77777777777778,7.333333333333333,3.888888888888889,12.666666666666666,18.88888888888889,117.0,7.444444444444445,97.77777777777777,0.138,0.5675555555555556,0.5897777777777777,0.7054444444444444,2.498888888888889,0.33666666666666667,0.7704444444444445,0.5457777777777779,0.535888888888889,14.454545454545455,31.90909090909091,46.36363636363637,26.818181818181817,7.363636363636363,4.909090909090909,10.454545454545455,19.90909090909091,112.18181818181819,-7.809090909090909,98.44636363636363,0.1147272727272727,0.5009090909090909,0.5359999999999999,0.6625454545454545,2.4845454545454544,0.3275454545454546,0.7466363636363638,0.5164545454545455,0.45845454545454545,9.0
0022500819,10.125,33.875,44.0,25.5,6.125,4.125,13.125,17.5,115.0,3.2625000000000006,95.50625,0.14725,0.581125,0.601375,0.574125,1.8562500000000002,0.302,0.739125,0.5301250000000001,0.492375,11.5,30.666666666666668,42.166666666666664,27.0,10.0,6.5,13.333333333333334,19.0,113.83333333333333,4.833333333333333,100.66666666666667,0.14616666666666667,0.5383333333333333,0.5831666666666666,0.6566666666666666,1.9366666666666668,0.2993333333333333,0.6448333333333334,0.4768333333333334,0.5406666666666666,-28.0
0022300777,7.583333333333333,32.666666666666664,40.25,24.75,6.166666666666667,4.25,12.25,18.333333333333332,107.0,-12.416666666666666,99.0,0.13066666666666668,0.5319166666666667,0.5619166666666667,0.6144999999999999,2.0466666666666664,0.22166666666666668,0.7792500000000001,0.4865,0.42650000000000005,13.090909090909092,32.0,45.09090909090909,29.545454545454547,6.454545454545454,4.0,10.454545454545455,18.545454545454547,129.54545454545453,0.02727272727272766,103.8690909090909,0.10300000000000002,0.5600909090909091,0.6010909090909091,0.6412727272727273,2.8572727272727274,0.2979090909090909,0.7418181818181818,0.5078181818181818,0.5020000000000001,23.0
0022300820,11.75,30.375,42.125,28.875,9.5,4.0,15.25,21.125,113.25,-13.425,107.1875,0.14887499999999998,0.518125,0.5413749999999999,0.668625,1.8525,0.26487499999999997,0.7224999999999999,0.47100000000000003,0.41000000000000003,8.444444444444445,35.111111111111114,43.55555555555556,30.333333333333332,6.444444444444445,6.0,11.222222222222221,16.555555555555557,115.44444444444444,9.766666666666667,97.0,0.12644444444444447,0.5826666666666668,0.612,0.7046666666666667,2.708888888888889,0.25577777777777777,0.7227777777777777,0.5064444444444445,0.5663333333333334,-9.0
0022300763,12.909090909090908,32.27272727272727,45.18181818181818,28.272727272727273,6.2727272727272725,4.363636363636363,10.545454545454545,18.454545454545453,127.81818181818181,-0.6545454545454543,103.68727272727273,0.10318181818181818,0.5527272727272726,0.5938181818181818,0.6210909090909091,2.7509090909090905,0.29563636363636364,0.7370000000000001,0.5042727272727273,0.4967272727272727,10.88888888888889,32.111111111111114,43.0,24.555555555555557,7.555555555555555,7.222222222222222,12.0,18.444444444444443,115.88888888888889,-0.7666666666666665,96.62555555555555,0.12833333333333335,0.5574444444444445,0.5923333333333335,0.5664444444444445,2.308888888888889,0.2927777777777777,0.7386666666666666,0.5144444444444445,0.5034444444444445,-10.0
0022400778,14.5,33.5,48.0,26.4,9.8,4.9,10.3,21.0,125.7,15.039999999999997,101.2,0.11220000000000001,0.5589,0.5938000000000001,0.5670999999999999,2.475,0.3432,0.7159,0.5248,0.5691999999999999,10.7,35.7,46.4,26.3,5.2,3.7,13.4,15.5,104.8,-7.880000000000001,96.678,0.1441,0.5117999999999999,0.5448000000000001,0.6870999999999999,2.202,0.2639,0.7405,0.5025999999999999,0.46620000000000006,14.0
0022300266,12.6,36.3,48.9,25.5,6.9,5.8,13.7,19.3,113.7,2.58,97.256,0.1482,0.5511000000000001,0.5834999999999999,0.6266999999999999,1.8009999999999997,0.3081,0.7094,0.5161,0.5153999999999999,12.6,33.1,45.7,24.1,6.8,4.0,14.4,19.6,110.5,-11.190000000000001,99.131,0.14839999999999998,0.5314,0.5591999999999999,0.5746,1.7570000000000001,0.294,0.7293999999999998,0.5059,0.4481,-1.0
0022400500,11.1,32.4,43.5,24.9,6.9,4.3,15.0,17.2,107.5,-5.24,97.1,0.15829999999999997,0.5442,0.5729,0.6382000000000001,1.7399999999999998,0.296,0.7083999999999999,0.5012,0.47050000000000003,9.444444444444445,34.333333333333336,43.77777777777778,24.333333333333332,10.0,4.555555555555555,16.333333333333332,18.333333333333332,111.77777777777777,2.9222222222222225,100.88888888888889,0.1721111111111111,0.5564444444444444,0.5901111111111111,0.5855555555555555,1.4355555555555555,0.2693333333333333,0.7263333333333334,0.5109999999999999,0.5068888888888889,2.0
0022500213,12.1,34.2,46.3,26.7,6.5,5.2,16.8,21.4,118.2,-2.3900000000000015,102.25,0.173,0.5599999999999999,0.6032,0.6507000000000001,1.593,0.3319,0.7482,0.5403,0.49429999999999996,8.727272727272727,32.27272727272727,41.0,26.272727272727273,8.090909090909092,5.090909090909091,13.272727272727273,23.363636363636363,119.63636363636364,1.3090909090909089,102.27272727272727,0.1380909090909091,0.5896363636363635,0.6101818181818182,0.5954545454545455,2.0218181818181815,0.2557272727272727,0.6691818181818182,0.4686363636363637,0.49763636363636365,11.0
0022300528,9.5,34.6,44.1,27.9,5.3,5.3,12.3,21.1,122.5,0.5000000000000002,102.35,0.12000000000000002,0.5667,0.6067,0.6376000000000001,2.3729999999999998,0.2584,0.7228000000000001,0.4963000000000001,0.4986,12.363636363636363,37.09090909090909,49.45454545454545,28.363636363636363,6.090909090909091,6.818181818181818,11.818181818181818,17.636363636363637,129.27272727272728,14.654545454545454,99.95,0.12072727272727274,0.5880000000000001,0.6243636363636363,0.6230909090909091,2.497272727272727,0.3165454545454546,0.7323636363636363,0.533090909090909,0.566,33.0
0022400991,8.5,34.583333333333336,43.083333333333336,30.0,5.916666666666667,4.583333333333333,13.5,18.583333333333332,118.41666666666667,-2.325,97.80666666666667,0.14775000000000002,0.59875,0.6291666666666667,0.6926666666666667,2.1308333333333334,0.26658333333333334,0.7409166666666668,0.5178333333333333,0.5016666666666666,16.166666666666668,33.416666666666664,49.583333333333336,27.25,8.166666666666666,3.5833333333333335,15.0,21.666666666666668,112.66666666666667,2.1583333333333337,101.04833333333333,0.15858333333333333,0.5045833333333333,0.54275,0.6684999999999999,1.8025000000000004,0.35799999999999993,0.7058333333333332,0.5250833333333332,0.5015000000000001,40.0
0022400705,12.7,33.0,45.7,27.2,9.2,4.0,11.3,21.1,122.2,13.190000000000003,101.05,0.12329999999999999,0.5605,0.5959,0.6037,2.31,0.31450000000000006,0.7154,0.5133,0.5549,9.272727272727273,35.63636363636363,44.90909090909091,27.727272727272727,5.2727272727272725,5.090909090909091,11.454545454545455,19.545454545454547,120.63636363636364,2.4090909090909096,100.63636363636364,0.11781818181818182,0.5798181818181819,0.6084545454545455,0.6245454545454546,2.6254545454545455,0.24718181818181817,0.6954545454545454,0.4894545454545455,0.5195454545454545,29.0
0022400237,9.9,32.3,42.2,25.6,8.7,6.5,15.2,23.1,111.7,-11.44,104.4,0.153,0.5138,0.5519999999999999,0.6338999999999999,1.686,0.2732,0.6617,0.4654999999999999,0.43710000000000004,11.666666666666666,36.75,48.416666666666664,25.083333333333332,5.5,6.25,15.916666666666666,20.25,109.16666666666667,-0.5,97.83833333333332,0.16974999999999998,0.5324166666666666,0.5621666666666667,0.6098333333333333,1.5758333333333336,0.3194166666666666,0.7235,0.5268333333333334,0.49958333333333343,-20.0
0022300546,7.2727272727272725,33.36363636363637,40.63636363636363,31.454545454545453,7.090909090909091,6.636363636363637,11.090909090909092,20.636363636363637,127.63636363636364,12.218181818181819,101.22727272727273,0.12045454545454547,0.6331818181818182,0.6567272727272727,0.646090909090909,2.75,0.22790909090909087,0.6819999999999999,0.47881818181818175,0.5670909090909091,11.0,32.36363636363637,43.36363636363637,23.90909090909091,8.636363636363637,5.545454545454546,14.545454545454545,20.90909090909091,112.45454545454545,-2.10909090909091,98.66181818181818,0.15254545454545454,0.5327272727272727,0.5688181818181819,0.5965454545454546,1.5672727272727272,0.2887272727272727,0.7367272727272727,0.5062727272727273,0.4809090909090909,12.0
0022500747,10.666666666666666,30.333333333333332,41.0,24.75,6.5,3.3333333333333335,15.083333333333334,20.0,100.83333333333333,-17.983333333333334,94.7525,0.16233333333333336,0.50175,0.5393333333333332,0.6953333333333332,1.8091666666666668,0.2923333333333334,0.7333333333333333,0.4928333333333333,0.3925,13.272727272727273,29.636363636363637,42.90909090909091,25.545454545454547,9.727272727272727,5.363636363636363,14.363636363636363,20.09090909090909,111.45454545454545,-6.763636363636363,101.04545454545455,0.14581818181818182,0.5227272727272727,0.5528181818181819,0.620090909090909,1.767272727272727,0.31563636363636366,0.6799999999999999,0.48418181818181816,0.4553636363636364,14.0
0022500319,10.909090909090908,33.09090909090909,44.0,29.818181818181817,9.181818181818182,4.090909090909091,13.454545454545455,19.90909090909091,116.0,6.6000000000000005,99.2781818181818,0.14145454545454547,0.5518181818181819,0.5852727272727273,0.6837272727272729,2.2100000000000004,0.3176363636363636,0.7122727272727274,0.5204545454545455,0.5399090909090908,15.727272727272727,31.818181818181817,47.54545454545455,23.545454545454547,6.7272727272727275,5.181818181818182,15.272727272727273,20.727272727272727,115.54545454545455,-6.672727272727273,101.35727272727273,0.15754545454545454,0.5157272727272727,0.5565454545454546,0.582,1.54,0.36272727272727273,0.6873636363636363,0.5197272727272727,0.4539090909090909,3.0
0022500810,15.75,31.5,47.25,28.0,6.875,5.375,19.5,19.25,121.125,-3.075,103.0,0.19274999999999998,0.5718749999999999,0.5975,0.631625,1.45125,0.379875,0.715125,0.5418749999999999,0.473625,9.666666666666666,34.22222222222222,43.888888888888886,28.0,7.0,4.0,12.88888888888889,19.555555555555557,119.66666666666667,1.9777777777777779,97.54,0.13733333333333334,0.5702222222222223,0.6140000000000001,0.6808888888888889,2.1366666666666667,0.30977777777777776,0.724111111111111,0.5272222222222224,0.5258888888888889,-54.0
0022300275,9.727272727272727,35.81818181818182,45.54545454545455,25.545454545454547,5.545454545454546,5.545454545454546,12.363636363636363,16.454545454545453,113.54545454545455,8.80909090909091,96.48272727272727,0.13445454545454547,0.5633636363636364,0.5930909090909091,0.6163636363636363,2.0736363636363633,0.2680909090909091,0.7271818181818182,0.508090909090909,0.5431818181818181,12.909090909090908,31.181818181818183,44.09090909090909,26.0,7.909090909090909,5.636363636363637,11.727272727272727,21.181818181818183,120.72727272727273,5.636363636363637,98.43272727272728,0.12581818181818186,0.5361818181818182,0.5930909090909092,0.6255454545454545,2.5145454545454546,0.33,0.706,0.5143636363636364,0.5102727272727273,6.0
0022500256,15.0,30.818181818181817,45.81818181818182,22.818181818181817,6.7272727272727275,4.636363636363637,13.636363636363637,23.454545454545453,107.0,-15.581818181818182,102.45454545454545,0.13990909090909087,0.45354545454545453,0.5050909090909091,0.615909090909091,1.7554545454545456,0.3424545454545454,0.6911818181818181,0.4981818181818182,0.40736363636363637,12.181818181818182,32.81818181818182,45.0,24.90909090909091,6.818181818181818,5.454545454545454,16.272727272727273,18.818181818181817,112.27272727272727,-7.645454545454546,99.82545454545453,0.17172727272727273,0.5306363636363636,0.5759090909090908,0.6354545454545455,1.5018181818181822,0.34136363636363637,0.7637272727272727,0.5407272727272727,0.46545454545454545,9.0
0022300721,10.363636363636363,33.36363636363637,43.72727272727273,24.272727272727273,6.2727272727272725,3.090909090909091,11.454545454545455,16.90909090909091,102.54545454545455,-10.045454545454545,95.39818181818183,0.13036363636363635,0.4940909090909091,0.5375454545454545,0.6525454545454545,2.2745454545454553,0.2675454545454546,0.7312727272727273,0.49172727272727274,0.4547272727272727,11.0,28.90909090909091,39.90909090909091,24.272727272727273,8.0,4.090909090909091,12.0,20.09090909090909,108.18181818181819,1.4090909090909096,95.31818181818181,0.1332727272727273,0.5338181818181819,0.5723636363636363,0.6176363636363637,2.0063636363636363,0.299,0.7327272727272726,0.5058181818181818,0.511,26.0
0022300308,10.555555555555555,32.44444444444444,43.0,24.333333333333332,7.111111111111111,6.888888888888889,13.222222222222221,18.88888888888889,112.22222222222223,3.5222222222222226,96.27777777777777,0.14777777777777779,0.5372222222222223,0.5931111111111111,0.6304444444444444,1.801111111111111,0.3298888888888889,0.6945555555555556,0.519888888888889,0.5413333333333333,11.25,36.0,47.25,28.125,5.125,3.125,16.25,23.375,119.375,1.0374999999999999,100.7125,0.16575,0.563,0.6067499999999999,0.6990000000000001,1.9187500000000002,0.3085,0.7265,0.5291250000000001,0.507125,3.0
0022500967,13.1,30.9,44.0,24.8,8.9,7.0,16.0,18.6,108.4,-6.529999999999999,101.35,0.1639,0.5176999999999999,0.5484000000000001,0.6375,1.538,0.3163,0.6705,0.4849,0.4791999999999999,13.1,29.2,42.3,26.2,10.4,4.4,13.7,20.5,112.6,-7.109999999999999,100.65,0.1397,0.5165000000000001,0.5597,0.6594,2.043,0.3085,0.6688,0.4782,0.4563,10.0
0022400222,15.090909090909092,33.72727272727273,48.81818181818182,20.727272727272727,8.272727272727273,4.7272727272727275,12.181818181818182,21.636363636363637,111.36363636363636,5.336363636363636,98.17363636363635,0.13145454545454546,0.4959090909090909,0.5336363636363637,0.5042727272727272,1.7381818181818183,0.3620909090909091,0.7091818181818182,0.5271818181818181,0.5109999999999999,12.181818181818182,33.72727272727273,45.90909090909091,25.545454545454547,8.0,4.636363636363637,16.545454545454547,21.09090909090909,110.27272727272727,2.1818181818181817,97.80363636363636,0.1801818181818182,0.5527272727272727,0.5858181818181818,0.6393636363636364,1.5045454545454546,0.3122727272727273,0.7486363636363638,0.531090909090909,0.5092727272727273,8.0
0022500951,12.6,33.2,45.8,27.5,8.7,4.9,11.7,17.6,113.6,-9.17,103.05,0.1162,0.5035000000000001,0.5435000000000001,0.6307,3.122,0.29159999999999997,0.7178,0.49749999999999994,0.4716,14.636363636363637,33.0,47.63636363636363,26.818181818181817,8.545454545454545,4.818181818181818,13.363636363636363,19.636363636363637,115.72727272727273,11.109090909090911,95.5,0.147,0.5585454545454546,0.5898181818181819,0.6623636363636364,2.1199999999999997,0.35872727272727273,0.7226363636363636,0.5370909090909091,0.5380909090909092,-8.0
0022300915,7.375,33.25,40.625,28.625,6.0,5.5,12.5,14.5,118.25,-3.4625000000000004,100.1225,0.13049999999999998,0.592125,0.613375,0.623,2.41125,0.22562500000000002,0.704,0.476,0.49512500000000004,9.0,36.5,45.5,23.875,8.125,4.625,11.25,17.0,111.375,8.425,97.1875,0.122,0.55225,0.586875,0.595375,2.175,0.24612499999999998,0.75475,0.506375,0.5347500000000001,1.0
0022300055,10.1,33.3,43.4,26.4,7.4,4.8,14.3,18.1,113.4,-1.4,99.176,0.1488,0.5570999999999999,0.5915000000000001,0.6242,1.8330000000000002,0.2772,0.7015,0.49779999999999996,0.5208999999999999,14.0,30.2,44.2,24.8,9.1,5.1,14.8,19.2,124.0,-0.8400000000000001,102.65599999999999,0.14700000000000002,0.5592999999999999,0.5983,0.5695,1.721,0.3247,0.6666000000000001,0.4925,0.4835,23.0
0022300398,11.545454545454545,30.636363636363637,42.18181818181818,25.363636363636363,7.363636363636363,4.454545454545454,11.818181818181818,17.90909090909091,116.0,-1.8727272727272721,100.63636363636364,0.12436363636363636,0.539909090909091,0.5710000000000001,0.6006363636363635,2.1936363636363634,0.2849090909090909,0.6951818181818182,0.48227272727272724,0.4847272727272728,9.444444444444445,35.666666666666664,45.111111111111114,27.666666666666668,6.0,5.666666666666667,14.666666666666666,16.666666666666668,107.33333333333333,-10.788888888888888,102.61111111111111,0.14733333333333332,0.5131111111111112,0.5435555555555555,0.6902222222222222,1.9899999999999995,0.2518888888888889,0.7368888888888888,0.4913333333333333,0.45200000000000007,25.0
0022400879,11.666666666666666,33.77777777777778,45.44444444444444,30.11111111111111,9.444444444444445,6.111111111111111,10.777777777777779,20.333333333333332,127.88888888888889,11.044444444444444,101.18333333333334,0.1101111111111111,0.5854444444444445,0.616,0.642111111111111,2.788888888888889,0.28733333333333333,0.6937777777777777,0.4912222222222222,0.5513333333333335,13.5,36.75,50.25,22.75,6.25,4.5,14.625,17.875,108.5,0.8375000000000001,100.125,0.15237499999999998,0.504875,0.531625,0.5606249999999999,1.8025,0.335,0.7393749999999999,0.5338750000000001,0.488875,9.0
0022500292,8.818181818181818,31.181818181818183,40.0,26.636363636363637,7.636363636363637,2.8181818181818183,14.272727272727273,21.0,110.36363636363636,-15.518181818181818,103.22727272727273,0.1447272727272727,0.5270909090909092,0.5611818181818182,0.6540909090909092,2.0027272727272734,0.24327272727272725,0.6959090909090909,0.4632727272727273,0.4200909090909091,12.0,33.9,45.9,27.2,10.4,5.3,14.8,21.6,122.9,9.23,102.45,0.1527,0.5718,0.6087999999999999,0.6244,1.858,0.33540000000000003,0.6674,0.5085999999999999,0.5631999999999999,5.0
0022500433,12.333333333333334,32.333333333333336,44.666666666666664,26.22222222222222,7.333333333333333,5.333333333333333,12.666666666666666,21.22222222222222,110.88888888888889,-5.855555555555556,100.06888888888889,0.12977777777777777,0.507,0.5436666666666666,0.6483333333333333,2.0977777777777775,0.302,0.719,0.49877777777777776,0.46244444444444444,8.11111111111111,33.0,41.111111111111114,30.555555555555557,8.222222222222221,3.3333333333333335,12.222222222222221,18.77777777777778,127.44444444444444,6.966666666666666,101.07222222222222,0.12233333333333334,0.6044444444444445,0.6375555555555555,0.6606666666666666,2.454444444444444,0.2424444444444445,0.7168888888888889,0.4892222222222223,0.528,1.0
0022400920,10.333333333333334,34.666666666666664,45.0,30.88888888888889,9.88888888888889,6.111111111111111,11.11111111111111,20.0,129.11111111111111,11.88888888888889,103.40555555555555,0.11077777777777778,0.5887777777777778,0.6233333333333334,0.6555555555555554,2.7800000000000002,0.2558888888888889,0.7023333333333334,0.4897777777777778,0.5663333333333334,11.625,35.0,46.625,31.5,6.75,3.875,14.625,17.75,121.0,0.8999999999999997,100.7775,0.151125,0.5775000000000001,0.6018749999999999,0.6864999999999999,2.2800000000000002,0.32237499999999997,0.745125,0.5351250000000001,0.5062500000000001,24.0
0022300340,12.454545454545455,32.81818181818182,45.27272727272727,30.181818181818183,7.454545454545454,4.909090909090909,11.090909090909092,19.272727272727273,116.0,3.8454545454545452,98.45454545454545,0.11681818181818181,0.5413636363636364,0.5680909090909091,0.6775454545454545,3.1700000000000004,0.3195454545454545,0.7023636363636364,0.5072727272727273,0.5136363636363637,10.5,30.0,40.5,25.25,9.5,6.125,9.125,22.875,122.625,3.1999999999999997,102.7125,0.098,0.531875,0.57525,0.57175,2.8875,0.260625,0.6625000000000001,0.45625,0.50275,-1.0
0022400407,12.0,36.375,48.375,25.5,8.25,5.75,12.625,14.125,116.5,8.1375,101.5625,0.124875,0.536125,0.567125,0.602125,2.55375,0.285125,0.733625,0.50925,0.533625,10.333333333333334,31.333333333333332,41.666666666666664,22.333333333333332,9.777777777777779,3.111111111111111,14.11111111111111,18.444444444444443,107.55555555555556,0.35555555555555546,96.72222222222223,0.15144444444444444,0.5333333333333333,0.5675555555555555,0.569,1.5622222222222222,0.29888888888888887,0.7246666666666667,0.5058888888888888,0.49322222222222223,-4.0
0022500497,13.0,33.1,46.1,26.8,10.4,3.7,13.8,17.2,118.2,1.04,102.65,0.1436,0.5288999999999999,0.5675,0.6173,2.0220000000000002,0.3359,0.7456,0.5254,0.49899999999999994,13.3,32.3,45.6,23.9,8.6,5.5,13.1,20.3,118.6,-3.28,102.431,0.1318,0.5132,0.5603,0.5529999999999999,1.8099999999999998,0.3329,0.6371,0.48719999999999997,0.4843,19.0
0022501225,9.875,32.375,42.25,30.875,6.125,3.875,12.125,17.625,129.0,9.537500000000001,99.8125,0.12737500000000002,0.63325,0.661375,0.6595,2.6087499999999997,0.288875,0.7215,0.516375,0.5465,16.125,31.375,47.5,25.5,9.5,5.625,15.5,19.5,116.75,10.15,97.875,0.17262500000000003,0.55025,0.588625,0.5865,1.6099999999999999,0.41975,0.69,0.558,0.563625,3.0
0022300598,9.727272727272727,33.90909090909091,43.63636363636363,24.09090909090909,7.818181818181818,4.454545454545454,12.363636363636363,20.454545454545453,113.45454545454545,-5.018181818181819,99.91181818181818,0.12554545454545454,0.5297272727272728,0.5676363636363637,0.5828181818181818,1.9800000000000002,0.2605454545454546,0.7384545454545454,0.49536363636363634,0.47463636363636363,11.0,36.54545454545455,47.54545454545455,30.727272727272727,7.909090909090909,6.090909090909091,13.818181818181818,19.90909090909091,128.0909090909091,10.763636363636364,103.12636363636362,0.13881818181818184,0.5762727272727273,0.6222727272727272,0.678,2.27,0.3322727272727273,0.7387272727272728,0.5439090909090909,0.5597272727272729,1.0
0022300474,11.272727272727273,34.18181818181818,45.45454545454545,29.818181818181817,7.363636363636363,5.818181818181818,13.181818181818182,18.727272727272727,118.9090909090909,4.954545454545454,99.95454545454545,0.13709090909090912,0.5541818181818182,0.5928181818181818,0.6829090909090909,2.2454545454545456,0.32318181818181824,0.7090909090909091,0.5204545454545454,0.5307272727272727,10.4,30.9,41.3,24.4,5.7,4.5,14.3,23.1,114.3,-13.75,102.376,0.14479999999999998,0.5308,0.5723999999999999,0.5888000000000001,1.797,0.27330000000000004,0.7167,0.4880999999999999,0.42810000000000004,6.0
0022400682,10.4,34.3,44.7,30.9,8.2,4.5,13.9,22.2,113.3,5.8,99.35,0.1452,0.5628000000000001,0.5859,0.7121000000000001,2.2220000000000004,0.27849999999999997,0.7037,0.5000000000000001,0.5441,11.636363636363637,37.0,48.63636363636363,28.0,7.363636363636363,5.0,13.909090909090908,16.636363636363637,112.0909090909091,-5.036363636363636,101.9090909090909,0.1462727272727273,0.5331818181818181,0.5631818181818182,0.6685454545454546,1.9736363636363636,0.2830909090909091,0.7252727272727273,0.5094545454545455,0.4859090909090909,-16.0
0022500899,9.125,32.5,41.625,26.5,8.375,5.875,11.875,19.75,112.0,3.9624999999999995,96.15125,0.1245,0.538,0.578875,0.67625,2.3725,0.24,0.671875,0.46175,0.512375,9.5,33.125,42.625,23.0,6.75,2.75,15.125,16.75,109.375,-10.374999999999998,102.25,0.153625,0.52075,0.5587500000000001,0.5790000000000001,1.545,0.283125,0.73275,0.5105,0.44175000000000003,1.0
0022500346,17.555555555555557,32.77777777777778,50.333333333333336,24.444444444444443,9.666666666666666,5.111111111111111,12.666666666666666,20.444444444444443,119.22222222222223,12.42222222222222,97.94999999999999,0.13844444444444445,0.524,0.5654444444444444,0.5607777777777777,2.0,0.4067777777777778,0.6892222222222223,0.5456666666666667,0.5588888888888889,12.8,29.8,42.6,23.2,11.4,3.7,14.7,22.4,116.7,3.8000000000000007,99.7,0.15510000000000002,0.5574,0.5874999999999999,0.5324,1.9260000000000002,0.3423,0.6980999999999999,0.5147999999999999,0.5083,19.0
0022400521,10.272727272727273,32.36363636363637,42.63636363636363,22.818181818181817,7.545454545454546,6.7272727272727275,13.454545454545455,17.818181818181817,109.27272727272727,-0.6454545454545456,98.81818181818181,0.14381818181818182,0.5322727272727272,0.5670909090909091,0.5748181818181819,1.6809090909090907,0.2600909090909091,0.7113636363636363,0.48581818181818176,0.48900000000000005,11.5,32.7,44.2,25.0,7.7,4.8,15.4,17.9,112.4,-4.599999999999999,98.55,0.1628,0.5547000000000002,0.5811,0.5798,1.7,0.3229,0.6916,0.5084,0.48030000000000006,6.0
0022500958,9.909090909090908,35.36363636363637,45.27272727272727,30.636363636363637,7.090909090909091,6.909090909090909,12.363636363636363,19.636363636363637,121.54545454545455,12.990909090909092,101.0,0.1338181818181818,0.5896363636363635,0.6160909090909091,0.6960909090909091,2.5081818181818183,0.27445454545454545,0.7092727272727273,0.5081818181818182,0.5638181818181818,10.545454545454545,35.45454545454545,46.0,28.90909090909091,7.0,3.0,13.727272727272727,18.272727272727273,120.54545454545455,4.3999999999999995,101.96818181818183,0.1379090909090909,0.5618181818181818,0.6015454545454546,0.6785454545454546,2.204545454545454,0.27890909090909094,0.7698181818181818,0.5267272727272728,0.5145454545454545,-5.0
0022501189,9.727272727272727,32.72727272727273,42.45454545454545,30.545454545454547,6.090909090909091,4.181818181818182,12.090909090909092,18.272727272727273,122.54545454545455,-5.1,101.4090909090909,0.12454545454545456,0.5765454545454546,0.6103636363636363,0.6972727272727273,2.5563636363636366,0.287,0.7052727272727273,0.49390909090909096,0.48254545454545456,12.090909090909092,31.90909090909091,44.0,28.818181818181817,9.636363636363637,4.818181818181818,13.0,19.727272727272727,123.18181818181819,12.009090909090908,100.46545454545453,0.131,0.5753636363636364,0.603090909090909,0.6377272727272728,2.4663636363636368,0.32118181818181823,0.7105454545454545,0.5157272727272727,0.5492727272727272,26.0
0022401200,10.5,32.916666666666664,43.416666666666664,23.583333333333332,6.5,3.3333333333333335,11.666666666666666,19.25,111.25,-2.2166666666666663,96.45833333333333,0.12933333333333333,0.5456666666666666,0.5778333333333334,0.5732499999999999,2.0816666666666666,0.29716666666666663,0.7205,0.5049166666666667,0.48641666666666666,11.9,28.3,40.2,25.0,7.8,3.8,13.8,17.7,107.6,-15.59,97.25,0.1478,0.5347999999999999,0.5647,0.6199999999999999,1.841,0.2807,0.7036,0.4781000000000001,0.42140000000000005,11.0
0022300738,8.545454545454545,33.90909090909091,42.45454545454545,25.90909090909091,7.909090909090909,4.363636363636363,11.454545454545455,20.454545454545453,117.36363636363636,-2.4,102.72727272727273,0.11645454545454546,0.5522727272727272,0.5825454545454546,0.6097272727272727,2.2790909090909093,0.23127272727272724,0.7556363636363638,0.4892727272727273,0.4855454545454545,8.5,34.25,42.75,26.916666666666668,6.583333333333333,5.5,13.25,18.916666666666668,113.16666666666667,6.224999999999999,97.34083333333335,0.142,0.5705833333333333,0.5996666666666667,0.6503333333333333,2.1208333333333336,0.27974999999999994,0.763,0.5258333333333333,0.5403333333333333,-24.0
0022400293,13.2,36.4,49.6,29.7,8.5,8.9,16.5,19.3,123.1,11.469999999999999,104.98899999999999,0.168,0.5574999999999999,0.5945,0.666,1.7469999999999999,0.3528,0.7054,0.5353000000000001,0.5682,12.181818181818182,35.18181818181818,47.36363636363637,26.727272727272727,6.2727272727272725,5.636363636363637,14.636363636363637,19.636363636363637,111.72727272727273,0.05454545454545447,97.73727272727274,0.15045454545454542,0.5291818181818182,0.5584545454545454,0.6472727272727273,1.9381818181818178,0.3083636363636364,0.6848181818181819,0.4980909090909091,0.49990909090909097,20.0
0022300902,8.875,31.875,40.75,25.5,8.125,5.25,13.875,20.75,105.125,-7.8125,98.9375,0.145375,0.51725,0.5518749999999999,0.667125,1.90875,0.25025000000000003,0.6952499999999999,0.46387500000000004,0.4445,10.11111111111111,31.22222222222222,41.333333333333336,25.11111111111111,6.666666666666667,4.0,12.555555555555555,18.88888888888889,101.0,-6.388888888888889,95.33333333333333,0.14266666666666664,0.5096666666666666,0.5372222222222222,0.6713333333333333,2.051111111111111,0.277,0.7266666666666667,0.4897777777777777,0.4614444444444445,6.0
0022500590,13.545454545454545,31.727272727272727,45.27272727272727,29.272727272727273,8.181818181818182,4.909090909090909,10.181818181818182,21.09090909090909,115.18181818181819,1.4909090909090914,98.37727272727274,0.10536363636363637,0.5063636363636363,0.5459090909090909,0.6787272727272728,2.960909090909091,0.31909090909090904,0.6969090909090909,0.49954545454545457,0.515,8.909090909090908,29.727272727272727,38.63636363636363,22.90909090909091,8.909090909090908,5.818181818181818,11.363636363636363,17.363636363636363,114.9090909090909,8.80909090909091,94.77272727272727,0.1290909090909091,0.5707272727272729,0.6211818181818182,0.5829090909090909,2.48,0.273,0.644,0.47172727272727266,0.5433636363636364,-4.0
0022300317,10.2,32.6,42.8,24.6,7.2,6.9,13.3,19.2,112.9,3.35,97.0,0.1474,0.5371,0.5939,0.6385,1.8009999999999997,0.31930000000000003,0.6947000000000001,0.5155,0.5407,14.11111111111111,35.77777777777778,49.888888888888886,26.333333333333332,6.888888888888889,6.333333333333333,11.777777777777779,17.77777777777778,122.55555555555556,9.066666666666666,99.06222222222222,0.12288888888888888,0.5617777777777778,0.594111111111111,0.5894444444444445,2.1833333333333336,0.31688888888888883,0.692,0.5107777777777778,0.5553333333333332,-4.0
0022500830,12.125,31.25,43.375,21.625,9.5,6.125,15.375,17.5,104.625,-2.0999999999999996,94.625,0.17025,0.526,0.56475,0.5695,1.38625,0.34725,0.673,0.5147499999999999,0.49374999999999997,12.75,36.5,49.25,28.25,10.5,4.0,16.875,23.0,117.0,0.7000000000000003,105.5,0.166875,0.5425,0.5775,0.65175,1.8199999999999998,0.309125,0.735375,0.527625,0.50675,20.0
0022500424,11.875,33.125,45.0,26.75,7.375,5.125,13.125,20.75,111.625,-4.5125,100.39,0.1345,0.51325,0.548,0.655,2.0549999999999997,0.300125,0.736375,0.506625,0.46675,10.75,33.5,44.25,29.0,8.875,4.75,15.125,20.625,117.375,1.9,100.43125,0.15812500000000002,0.5586249999999999,0.58875,0.697875,2.43125,0.322,0.7041249999999999,0.5141249999999999,0.507875,-15.0
0022500661,9.5,34.4,43.9,31.2,6.9,6.0,11.4,16.6,116.5,3.54,97.9,0.12490000000000001,0.5771,0.6014,0.7129000000000001,2.75,0.2767,0.718,0.5036,0.5196,10.333333333333334,32.75,43.083333333333336,25.25,7.5,4.416666666666667,12.666666666666666,18.166666666666668,112.83333333333333,-0.833333333333334,98.45833333333333,0.13483333333333333,0.5485000000000001,0.5821666666666666,0.61525,1.9491666666666667,0.28974999999999995,0.7110833333333333,0.5025833333333333,0.49925000000000014,-10.6
0022500938,12.88888888888889,36.22222222222222,49.111111111111114,29.444444444444443,8.555555555555555,5.111111111111111,12.222222222222221,18.666666666666668,123.55555555555556,11.11111111111111,102.16666666666667,0.12455555555555556,0.5583333333333332,0.5953333333333332,0.6534444444444445,2.5500000000000003,0.3215555555555556,0.6917777777777778,0.5134444444444444,0.5619999999999999,10.2,30.2,40.4,24.5,8.2,5.2,14.5,20.9,113.1,-10.510000000000002,102.35,0.147,0.5460999999999999,0.5748,0.5780999999999998,1.7109999999999999,0.27490000000000003,0.6668999999999999,0.46580000000000005,0.4378,21.0
0022500427,11.125,32.625,43.75,30.625,8.625,4.0,13.875,16.875,121.25,-3.9625000000000012,103.3125,0.13924999999999998,0.568375,0.599,0.685875,2.2199999999999998,0.30075,0.71925,0.511625,0.49775,14.25,32.375,46.625,22.375,8.875,5.125,11.75,19.0,112.25,3.1750000000000003,99.375,0.12987500000000002,0.49475,0.549125,0.5868749999999999,1.955,0.334375,0.698375,0.50725,0.50625,7.0
0022301116,11.6,32.1,43.7,30.0,8.0,5.8,10.2,20.8,119.9,7.06,100.1,0.1089,0.5612,0.5822,0.6345,2.817,0.28759999999999997,0.6913,0.49050000000000005,0.53,9.272727272727273,32.18181818181818,41.45454545454545,26.90909090909091,8.727272727272727,6.090909090909091,12.818181818181818,18.272727272727273,115.45454545454545,0.19999999999999954,99.44454545454545,0.13236363636363638,0.5600909090909091,0.5943636363636364,0.6296363636363637,2.083636363636364,0.26700000000000007,0.7156363636363635,0.4949090909090909,0.5099090909090909,14.0
0022501132,11.909090909090908,36.27272727272727,48.18181818181818,25.181818181818183,6.2727272727272725,3.8181818181818183,11.727272727272727,18.272727272727273,116.72727272727273,10.318181818181818,96.27272727272727,0.13027272727272726,0.5580909090909092,0.598090909090909,0.6043636363636363,2.1836363636363636,0.3436363636363637,0.754909090909091,0.5547272727272727,0.5487272727272728,11.0,29.90909090909091,40.90909090909091,33.54545454545455,10.181818181818182,5.454545454545454,13.090909090909092,21.90909090909091,120.45454545454545,6.654545454545455,100.27272727272727,0.14018181818181819,0.5850000000000001,0.6104545454545454,0.7376363636363638,2.4890909090909092,0.3181818181818182,0.6985454545454545,0.5095454545454545,0.5608181818181818,14.0
0022301117,9.583333333333334,33.416666666666664,43.0,25.916666666666668,7.333333333333333,3.9166666666666665,14.75,20.666666666666668,109.41666666666667,-8.733333333333334,101.59083333333335,0.15233333333333332,0.5310833333333334,0.5572499999999999,0.6219166666666666,1.7333333333333334,0.25433333333333336,0.72025,0.48458333333333337,0.4506666666666667,11.272727272727273,31.181818181818183,42.45454545454545,23.272727272727273,6.818181818181818,3.8181818181818183,15.636363636363637,19.90909090909091,100.9090909090909,-13.281818181818181,97.72727272727273,0.16818181818181818,0.5084545454545454,0.5335454545454545,0.5845454545454546,1.5354545454545454,0.29636363636363633,0.7315454545454544,0.5026363636363635,0.42018181818181816,-6.0
0022401074,10.7,31.9,42.6,20.7,7.4,5.0,10.8,20.1,107.6,2.96,95.75,0.1259,0.5199,0.5612999999999999,0.5285,1.8089999999999997,0.27999999999999997,0.7101,0.4905000000000001,0.5010999999999999,10.333333333333334,30.666666666666668,41.0,26.333333333333332,7.166666666666667,3.3333333333333335,12.666666666666666,18.666666666666668,113.16666666666667,-6.591666666666666,96.84666666666668,0.13783333333333334,0.5607500000000002,0.5924999999999999,0.6337499999999999,2.1966666666666668,0.28791666666666665,0.7378333333333332,0.50425,0.47233333333333344,30.0
0022400746,14.8,32.1,46.9,29.6,9.0,5.3,14.3,20.2,126.8,10.57,102.5,0.1463,0.5777,0.6082,0.6146999999999999,2.2009999999999996,0.37070000000000003,0.6704000000000001,0.5225,0.5471,13.6,33.3,46.9,26.7,9.3,4.3,11.1,20.2,122.0,12.25,100.4,0.1203,0.5572999999999999,0.5913999999999999,0.5892,2.357,0.3274,0.7273000000000001,0.523,0.5518000000000001,-13.0
0022300436,11.444444444444445,33.0,44.44444444444444,26.444444444444443,6.666666666666667,5.333333333333333,14.11111111111111,18.444444444444443,113.66666666666667,-5.277777777777778,99.72222222222223,0.1462222222222222,0.5352222222222223,0.5770000000000001,0.6374444444444445,1.8577777777777778,0.3196666666666667,0.7367777777777778,0.5293333333333334,0.5004444444444445,8.8,28.5,37.3,24.5,6.6,4.7,13.4,18.2,104.9,-15.52,98.75,0.1433,0.5206999999999999,0.5526,0.6105,1.832,0.2504,0.699,0.4609000000000001,0.41950000000000004,14.0
0022500265,12.181818181818182,33.45454545454545,45.63636363636363,27.454545454545453,7.818181818181818,3.6363636363636362,14.727272727272727,20.363636363636363,107.18181818181819,-9.736363636363636,101.0909090909091,0.14845454545454545,0.49127272727272725,0.5343636363636364,0.7267272727272727,1.8872727272727274,0.2931818181818182,0.7193636363636364,0.49663636363636365,0.4519090909090909,9.090909090909092,30.90909090909091,40.0,26.818181818181817,8.090909090909092,2.3636363636363638,14.0,20.636363636363637,112.54545454545455,-13.481818181818182,103.5,0.1408181818181818,0.5297272727272728,0.5669090909090909,0.6542727272727272,1.9863636363636366,0.2498181818181818,0.7138181818181818,0.4734545454545454,0.4298181818181818,41.0
0022300623,11.0,34.81818181818182,45.81818181818182,23.09090909090909,7.909090909090909,5.0,12.090909090909092,20.09090909090909,110.81818181818181,-6.927272727272728,100.06818181818181,0.12009090909090907,0.5037272727272727,0.5416363636363637,0.5732727272727272,2.019090909090909,0.2528181818181818,0.7216363636363637,0.48127272727272724,0.45909090909090916,10.636363636363637,30.636363636363637,41.27272727272727,21.545454545454547,6.181818181818182,5.090909090909091,14.0,20.181818181818183,104.18181818181819,-17.78181818181818,99.6281818181818,0.15127272727272725,0.4917272727272728,0.5285454545454544,0.5806363636363636,1.4881818181818183,0.28463636363636363,0.7255454545454545,0.48590909090909096,0.3855454545454546,-6.0
0022500404,9.88888888888889,33.888888888888886,43.77777777777778,28.0,8.555555555555555,3.888888888888889,11.777777777777779,21.333333333333332,125.55555555555556,0.43333333333333257,103.31,0.1202222222222222,0.5584444444444444,0.6030000000000001,0.6007777777777777,2.398888888888889,0.2774444444444445,0.6737777777777778,0.4891111111111111,0.5214444444444445,9.375,34.125,43.5,27.375,6.25,6.75,13.375,19.25,120.5,1.1999999999999995,100.58500000000001,0.135375,0.5702499999999999,0.6040000000000001,0.59575,2.1312499999999996,0.26675000000000004,0.694625,0.49025,0.5135000000000001,6.0
0022500789,10.0,32.72727272727273,42.72727272727273,24.818181818181817,8.909090909090908,5.0,12.272727272727273,16.272727272727273,115.27272727272727,7.70909090909091,98.31818181818181,0.12845454545454546,0.5559090909090909,0.5951818181818183,0.6070000000000001,2.109090909090909,0.2735454545454546,0.6931818181818181,0.49090909090909096,0.5337272727272727,8.9,34.8,43.7,25.9,5.5,4.0,12.8,17.6,109.4,-6.590000000000001,95.955,0.14040000000000002,0.5549,0.5778,0.6241,1.9969999999999999,0.2724,0.7378,0.5117999999999999,0.45949999999999996,-17.0
0022500389,11.0,32.888888888888886,43.888888888888886,27.0,8.666666666666666,3.888888888888889,11.444444444444445,20.88888888888889,122.0,-2.3111111111111113,101.69888888888889,0.11722222222222224,0.5396666666666667,0.5846666666666667,0.5945555555555555,2.381111111111111,0.29388888888888887,0.6602222222222223,0.4846666666666667,0.5027777777777778,10.444444444444445,32.111111111111114,42.55555555555556,23.444444444444443,7.888888888888889,6.777777777777778,11.555555555555555,19.77777777777778,111.55555555555556,0.4444444444444444,98.66666666666667,0.12611111111111112,0.5378888888888889,0.5742222222222222,0.5793333333333333,2.0200000000000005,0.26511111111111113,0.6784444444444445,0.47411111111111115,0.5058888888888888,19.0
0022501018,14.090909090909092,32.0,46.09090909090909,23.90909090909091,8.181818181818182,4.909090909090909,15.545454545454545,19.454545454545453,109.18181818181819,-4.863636363636364,96.41909090909093,0.16772727272727272,0.5293636363636364,0.5611818181818182,0.5699090909090909,1.6036363636363637,0.37863636363636366,0.7154545454545455,0.5441818181818182,0.4935454545454547,13.222222222222221,34.333333333333336,47.55555555555556,31.11111111111111,9.666666666666666,4.777777777777778,12.777777777777779,18.77777777777778,125.55555555555556,17.37777777777778,102.38888888888889,0.13099999999999998,0.580888888888889,0.6106666666666666,0.6706666666666666,2.405555555555556,0.3388888888888889,0.7527777777777778,0.5435555555555556,0.5881111111111111,22.0
0022301085,10.363636363636363,35.09090909090909,45.45454545454545,29.363636363636363,7.181818181818182,6.181818181818182,14.727272727272727,16.818181818181817,110.81818181818181,-2.245454545454545,100.05636363636363,0.15045454545454542,0.5339090909090909,0.5675454545454546,0.7167272727272728,1.9954545454545454,0.26899999999999996,0.762,0.5104545454545455,0.4981818181818182,12.181818181818182,34.0,46.18181818181818,29.272727272727273,6.636363636363637,4.7272727272727275,11.454545454545455,18.727272727272727,113.72727272727273,3.972727272727272,97.54545454545455,0.12572727272727274,0.5539999999999999,0.5757272727272728,0.6486363636363637,2.7127272727272724,0.30827272727272725,0.7124545454545455,0.514090909090909,0.5082727272727272,-4.0
0022301186,10.727272727272727,33.63636363636363,44.36363636363637,28.181818181818183,7.545454545454546,6.0,10.181818181818182,13.909090909090908,116.0909090909091,9.52727272727273,94.75727272727272,0.11363636363636363,0.5741818181818182,0.5972727272727272,0.6404545454545455,2.7609090909090908,0.28781818181818175,0.7176363636363636,0.5080909090909091,0.5431818181818181,8.454545454545455,36.18181818181818,44.63636363636363,27.09090909090909,6.909090909090909,4.818181818181818,13.909090909090908,21.09090909090909,112.81818181818181,-3.636363636363636,102.32636363636365,0.141,0.5431818181818182,0.57,0.642090909090909,1.9418181818181814,0.23063636363636364,0.7232727272727272,0.4833636363636364,0.4743636363636364,10.0
0022400677,13.0,32.6,45.6,26.6,6.3,4.9,14.5,20.5,109.4,-8.510000000000002,99.108,0.1517,0.5158,0.5463,0.6579999999999999,1.8689999999999998,0.29389999999999994,0.6952,0.48949999999999994,0.4525,12.090909090909092,32.81818181818182,44.90909090909091,25.636363636363637,7.909090909090909,5.090909090909091,13.454545454545455,17.90909090909091,115.63636363636364,7.609090909090909,97.5909090909091,0.14636363636363636,0.5656363636363637,0.6046363636363636,0.6258181818181817,1.9254545454545455,0.307,0.6833636363636363,0.506,0.5412727272727272,-25.0
0022400316,9.6,33.6,43.2,27.3,6.8,5.6,10.7,17.0,120.4,8.139999999999999,97.771,0.11299999999999999,0.5767,0.6097,0.6574000000000001,2.6439999999999997,0.2607,0.7424000000000001,0.4953,0.5328,9.2,33.8,43.0,24.8,9.7,3.3,12.2,16.1,111.7,3.1399999999999997,97.148,0.136,0.5319999999999999,0.5711,0.6317,2.1390000000000002,0.2692,0.7163999999999999,0.4892,0.51,19.0
0022500069,9.909090909090908,31.09090909090909,41.0,32.54545454545455,9.363636363636363,5.909090909090909,14.0,20.0,117.45454545454545,3.4454545454545453,100.95454545454545,0.15018181818181817,0.5772727272727274,0.6046363636363636,0.7454545454545454,2.362727272727273,0.2785454545454545,0.6927272727272727,0.4901818181818181,0.522,12.818181818181818,33.09090909090909,45.90909090909091,27.454545454545453,8.454545454545455,6.181818181818182,12.363636363636363,21.09090909090909,120.54545454545455,5.5,101.79545454545455,0.12863636363636366,0.5470000000000002,0.5790000000000001,0.6368181818181817,2.2399999999999998,0.295,0.6997272727272729,0.4968181818181818,0.5161818181818182,7.0
0022400232,10.0,32.0,42.0,25.454545454545453,7.7272727272727275,4.7272727272727275,12.363636363636363,21.636363636363637,113.72727272727273,1.6818181818181819,99.40272727272728,0.12945454545454546,0.5549090909090909,0.5842727272727273,0.59,2.1054545454545455,0.2638181818181818,0.6832727272727273,0.4787272727272727,0.5126363636363636,10.25,33.666666666666664,43.916666666666664,27.583333333333332,7.583333333333333,6.5,15.0,16.166666666666668,110.33333333333333,0.7000000000000002,98.08333333333333,0.16141666666666668,0.5533333333333333,0.5870000000000001,0.6792500000000001,1.915,0.2901666666666667,0.7154166666666667,0.5106666666666667,0.5276666666666667,17.0
0022401225,12.1,31.0,43.1,28.2,8.6,4.6,12.7,20.6,118.0,5.880000000000001,99.05,0.12999999999999998,0.5516,0.5854999999999999,0.6426999999999999,2.4429999999999996,0.3114,0.7283999999999999,0.5136000000000001,0.5184000000000001,8.625,33.25,41.875,30.875,9.75,4.625,14.875,17.25,121.125,2.812500000000001,103.71875,0.148625,0.5822499999999999,0.61425,0.667,2.0775,0.272,0.7150000000000001,0.5062500000000001,0.5318750000000001,-1.0
0022300504,11.909090909090908,32.90909090909091,44.81818181818182,29.454545454545453,6.2727272727272725,4.090909090909091,12.545454545454545,18.272727272727273,120.72727272727273,1.7636363636363634,98.66909090909093,0.13336363636363635,0.5738181818181819,0.6057272727272728,0.6624545454545455,2.316363636363636,0.31672727272727275,0.7077272727272728,0.5154545454545455,0.5193636363636362,10.2,32.9,43.1,30.0,6.9,5.6,11.6,18.3,119.5,2.4,100.5,0.12279999999999999,0.5626,0.5975,0.675,2.7379999999999995,0.2742,0.7205,0.4965,0.5143000000000001,-15.0
0022500061,13.6,31.5,45.1,24.8,6.7,4.7,15.0,17.9,112.4,-7.460000000000001,98.458,0.1627,0.5203999999999999,0.5660000000000001,0.6275,1.6190000000000002,0.36970000000000003,0.7346,0.5408,0.4612,13.444444444444445,31.444444444444443,44.888888888888886,28.444444444444443,8.11111111111111,5.0,12.555555555555555,22.666666666666668,123.44444444444444,7.211111111111112,100.83333333333333,0.12733333333333333,0.5716666666666667,0.6005555555555556,0.6244444444444445,2.4177777777777774,0.3383333333333333,0.6881111111111111,0.5102222222222221,0.5324444444444444,-28.0
0022300349,11.9,33.0,44.9,25.1,8.2,3.5,13.8,19.6,111.1,3.0900000000000003,98.1,0.14800000000000002,0.5395999999999999,0.5679,0.5857,1.795,0.3129,0.7107,0.5132000000000001,0.5116,11.222222222222221,36.44444444444444,47.666666666666664,24.444444444444443,5.555555555555555,5.0,13.222222222222221,21.333333333333332,110.22222222222223,0.7777777777777776,98.33333333333333,0.13999999999999999,0.5196666666666667,0.5633333333333334,0.6314444444444445,1.921111111111111,0.3001111111111111,0.725111111111111,0.5176666666666666,0.5179999999999999,5.0
0022400892,11.88888888888889,33.22222222222222,45.111111111111114,22.555555555555557,8.222222222222221,4.666666666666667,16.22222222222222,17.0,96.22222222222223,-21.03333333333333,100.88888888888889,0.16633333333333333,0.4502222222222223,0.48577777777777775,0.6347777777777778,1.4666666666666666,0.27911111111111114,0.6933333333333332,0.47611111111111115,0.38055555555555554,11.222222222222221,33.111111111111114,44.333333333333336,27.333333333333332,9.11111111111111,4.222222222222222,10.88888888888889,19.666666666666668,116.22222222222223,2.588888888888889,100.96111111111111,0.11444444444444445,0.5217777777777778,0.5657777777777778,0.666888888888889,2.586666666666667,0.25888888888888884,0.7183333333333333,0.48066666666666663,0.5073333333333333,-15.0
0022301059,9.818181818181818,33.63636363636363,43.45454545454545,30.454545454545453,7.636363636363637,5.636363636363637,11.363636363636363,17.454545454545453,116.45454545454545,8.4,96.29454545454546,0.125,0.5787272727272728,0.6076363636363636,0.6724545454545455,2.6554545454545457,0.27936363636363637,0.6940909090909091,0.502090909090909,0.5527272727272727,10.181818181818182,36.18181818181818,46.36363636363637,29.727272727272727,6.363636363636363,6.0,13.454545454545455,16.727272727272727,116.81818181818181,4.545454545454546,97.47636363636364,0.14627272727272728,0.5945454545454546,0.616,0.6579999999999999,2.222727272727272,0.29009090909090907,0.7386363636363636,0.5311818181818182,0.5317272727272727,-7.0
0022300298,9.222222222222221,36.22222222222222,45.44444444444444,27.0,5.222222222222222,5.222222222222222,12.222222222222221,22.0,110.66666666666667,1.8888888888888888,96.88888888888889,0.13177777777777777,0.5444444444444445,0.5775555555555556,0.6657777777777778,2.328888888888889,0.2768888888888889,0.7314444444444445,0.5142222222222221,0.5236666666666667,11.25,32.875,44.125,28.875,6.5,5.875,15.75,20.125,110.0,-9.975000000000001,102.4375,0.15975,0.519125,0.554875,0.714,1.8249999999999997,0.283125,0.7033750000000001,0.487625,0.44987499999999997,11.0
0022400523,12.9,35.9,48.8,25.6,7.2,5.0,17.8,18.9,116.1,1.7700000000000002,101.0,0.1794,0.5555,0.5884,0.6158,1.488,0.3396,0.7338,0.541,0.5011,7.7272727272727275,34.27272727272727,42.0,25.272727272727273,8.363636363636363,4.0,13.636363636363637,16.545454545454547,108.18181818181819,-2.7363636363636368,97.18181818181819,0.15027272727272725,0.5427272727272728,0.581909090909091,0.652090909090909,1.8345454545454545,0.22327272727272726,0.7086363636363635,0.4777272727272727,0.4942727272727273,-5.0
0022501073,13.333333333333334,28.416666666666668,41.75,27.833333333333332,10.166666666666666,4.25,16.833333333333332,20.166666666666668,113.08333333333333,-4.991666666666666,98.99083333333333,0.17133333333333334,0.5374166666666667,0.5719166666666667,0.6766666666666667,1.8083333333333333,0.3400833333333333,0.6657500000000001,0.49574999999999997,0.4709999999999999,9.727272727272727,29.363636363636363,39.09090909090909,24.727272727272727,7.363636363636363,4.454545454545454,17.0,24.636363636363637,116.0,-12.327272727272726,103.19545454545455,0.1686363636363636,0.5656363636363636,0.5937272727272728,0.5923636363636363,1.4518181818181817,0.27081818181818185,0.6327272727272727,0.4533636363636363,0.41509090909090907,5.0
0022301230,9.636363636363637,35.0,44.63636363636363,26.90909090909091,8.181818181818182,4.818181818181818,14.545454545454545,16.272727272727273,111.36363636363636,0.16363636363636386,101.5,0.15209090909090908,0.5360909090909091,0.5734545454545456,0.6501818181818181,1.821818181818182,0.25845454545454544,0.7446363636363637,0.511909090909091,0.5185454545454545,11.363636363636363,32.72727272727273,44.09090909090909,28.454545454545453,9.272727272727273,4.181818181818182,12.454545454545455,20.272727272727273,118.0909090909091,6.881818181818181,99.04545454545455,0.1327272727272727,0.5619090909090909,0.6005454545454545,0.6523636363636363,2.2754545454545454,0.30200000000000005,0.729090909090909,0.5187272727272728,0.5405454545454546,44.0
0022400645,8.181818181818182,33.36363636363637,41.54545454545455,28.636363636363637,6.909090909090909,4.363636363636363,12.636363636363637,18.181818181818183,113.63636363636364,1.081818181818182,98.63636363636364,0.1309090909090909,0.5704545454545454,0.6042727272727273,0.6839090909090909,2.270909090909091,0.22936363636363633,0.6679090909090909,0.4723636363636363,0.5277272727272728,11.833333333333334,32.833333333333336,44.666666666666664,24.416666666666668,7.666666666666667,3.5833333333333335,15.083333333333334,19.333333333333332,104.75,-17.500000000000004,101.58333333333333,0.15724999999999997,0.49383333333333335,0.52775,0.6489166666666667,1.590833333333333,0.28400000000000003,0.69075,0.47375000000000006,0.40125000000000005,10.0
0022400435,9.875,34.75,44.625,25.125,9.25,6.625,14.5,18.25,110.875,2.025,100.775,0.154875,0.535375,0.5736249999999999,0.6245,1.7875,0.248125,0.7286250000000001,0.49400000000000005,0.52,10.25,34.625,44.875,27.125,7.75,5.0,11.625,18.75,116.0,3.5749999999999993,101.125,0.1175,0.540875,0.5766249999999999,0.629375,2.4524999999999997,0.25,0.7308749999999999,0.48949999999999994,0.507125,10.0
0022300318,11.9,33.2,45.1,25.6,7.1,6.1,16.8,18.3,104.2,-13.930000000000001,99.209,0.18070000000000003,0.49729999999999996,0.5349,0.6757000000000001,1.536,0.3188,0.7227,0.5129999999999999,0.4333,11.875,31.125,43.0,25.75,6.875,3.75,13.375,17.0,118.25,1.9625000000000004,97.625,0.14287500000000003,0.573125,0.60575,0.5931249999999999,1.945,0.339625,0.678,0.51175,0.52,4.0
0022501206,7.8,31.1,38.9,27.4,8.4,3.9,14.1,20.4,111.3,-5.19,97.976,0.1517,0.5784,0.603,0.6771,1.846,0.2453,0.7029,0.47519999999999996,0.4788,12.222222222222221,29.666666666666668,41.888888888888886,25.333333333333332,8.666666666666666,5.777777777777778,11.11111111111111,21.444444444444443,123.11111111111111,10.3,95.88888888888889,0.12566666666666668,0.6067777777777779,0.6324444444444446,0.5546666666666666,2.4555555555555557,0.3185555555555555,0.6614444444444445,0.49511111111111117,0.5356666666666666,15.0
0022500851,9.5,29.625,39.125,26.625,9.0,4.125,15.125,20.875,105.75,-9.575,100.0,0.15662500000000001,0.52075,0.5527500000000001,0.700625,1.8312499999999998,0.28049999999999997,0.6932499999999999,0.47600000000000003,0.4395,12.11111111111111,37.0,49.111111111111114,31.666666666666668,8.11111111111111,7.444444444444445,12.777777777777779,17.77777777777778,126.11111111111111,15.444444444444445,104.27777777777777,0.13644444444444448,0.5781111111111111,0.6046666666666667,0.6736666666666666,2.3033333333333332,0.3217777777777778,0.7197777777777777,0.5323333333333333,0.5725555555555556,-16.0
0022400671,12.0,33.142857142857146,45.142857142857146,28.285714285714285,8.0,7.0,14.571428571428571,14.285714285714286,114.71428571428571,-8.342857142857143,100.92857142857143,0.15114285714285716,0.5527142857142857,0.5821428571428571,0.6627142857142857,2.007142857142857,0.2978571428571429,0.695,0.49814285714285716,0.4665714285714285,9.3,35.3,44.6,23.6,9.8,5.1,13.3,17.4,113.0,9.709999999999999,98.491,0.144,0.5441,0.5862,0.5645,1.7719999999999998,0.2757,0.7422,0.5192,0.564,-12.0
0022400602,12.909090909090908,31.90909090909091,44.81818181818182,24.90909090909091,7.636363636363637,3.272727272727273,11.727272727272727,16.272727272727273,115.27272727272727,0.5181818181818181,97.8,0.12981818181818183,0.5451818181818182,0.5825454545454547,0.5784545454545456,2.0536363636363637,0.3228181818181818,0.7344545454545454,0.5239090909090911,0.5086363636363637,12.666666666666666,32.0,44.666666666666664,28.88888888888889,11.11111111111111,5.777777777777778,12.88888888888889,18.11111111111111,117.0,-1.5555555555555547,103.63000000000001,0.13022222222222224,0.5268888888888889,0.5576666666666666,0.6722222222222222,2.278888888888889,0.27699999999999997,0.6957777777777778,0.4706666666666666,0.4874444444444445,9.0
0022500746,12.272727272727273,30.90909090909091,43.18181818181818,25.727272727272727,6.181818181818182,4.7272727272727275,15.090909090909092,20.272727272727273,111.45454545454545,-8.781818181818183,98.5909090909091,0.16045454545454543,0.5352727272727272,0.5758181818181819,0.6224545454545454,1.6554545454545455,0.33209090909090916,0.6912727272727273,0.514090909090909,0.46281818181818185,9.8,33.1,42.9,23.7,7.9,3.4,16.0,17.0,112.4,0.28,97.21900000000001,0.16570000000000001,0.564,0.603,0.5782,1.611,0.2931,0.7185,0.5172,0.5086999999999999,-3.0
0022400644,12.454545454545455,31.818181818181817,44.27272727272727,28.0,8.454545454545455,4.545454545454546,14.0,19.0,108.45454545454545,-5.927272727272728,96.81818181818181,0.152,0.5367272727272727,0.5575454545454547,0.7000000000000001,2.0,0.3195454545454546,0.7188181818181817,0.508,0.46645454545454546,9.0,32.333333333333336,41.333333333333336,26.444444444444443,6.444444444444445,5.666666666666667,11.555555555555555,15.0,109.11111111111111,1.1888888888888884,95.11111111111111,0.1318888888888889,0.554888888888889,0.588,0.6552222222222223,2.3777777777777778,0.2644444444444444,0.698,0.4876666666666667,0.5182222222222221,-10.0
0022300040,12.4,34.0,46.4,25.7,8.1,4.7,12.1,19.0,120.9,8.290000000000001,100.3,0.12869999999999998,0.5380999999999999,0.5904,0.5889,2.312,0.3243,0.7296,0.5272,0.5301,9.9,34.0,43.9,24.1,7.6,5.1,14.5,19.6,111.3,1.8700000000000003,99.0,0.15169999999999997,0.553,0.5917,0.5952999999999999,1.675,0.2669,0.6901,0.49269999999999997,0.5341,-3.0
0022401213,9.666666666666666,32.44444444444444,42.111111111111114,32.666666666666664,8.222222222222221,4.888888888888889,14.222222222222221,17.666666666666668,121.77777777777777,2.833333333333334,102.86111111111111,0.14555555555555555,0.5906666666666667,0.6157777777777778,0.6994444444444445,2.203333333333333,0.2816666666666666,0.6993333333333333,0.5013333333333334,0.5251111111111112,10.333333333333334,32.333333333333336,42.666666666666664,23.77777777777778,11.0,3.888888888888889,13.88888888888889,18.11111111111111,108.33333333333333,3.0444444444444443,97.90777777777778,0.15111111111111108,0.5354444444444444,0.5660000000000001,0.5775555555555556,1.738888888888889,0.28188888888888886,0.7197777777777777,0.49799999999999994,0.49822222222222223,22.0
0022300826,12.833333333333334,28.166666666666668,41.0,24.333333333333332,7.666666666666667,3.6666666666666665,14.333333333333334,21.0,103.5,-14.383333333333333,94.75833333333333,0.15666666666666668,0.49133333333333334,0.5328333333333334,0.6363333333333333,1.6833333333333333,0.32966666666666666,0.6706666666666666,0.4903333333333333,0.41333333333333333,8.88888888888889,33.666666666666664,42.55555555555556,24.555555555555557,7.444444444444445,3.3333333333333335,12.88888888888889,17.11111111111111,107.22222222222223,-3.188888888888888,99.5,0.13977777777777778,0.5312222222222222,0.5631111111111111,0.6147777777777779,1.927777777777778,0.23811111111111113,0.7478888888888888,0.4913333333333333,0.46799999999999997,-13.0
0022401193,13.3,34.3,47.6,25.7,8.0,5.0,12.1,16.1,119.9,5.6499999999999995,100.1,0.12899999999999998,0.5575,0.5816000000000001,0.5680000000000001,2.2649999999999997,0.3418,0.7358,0.5311,0.521,10.5,36.6,47.1,31.6,6.8,5.9,13.3,16.9,120.1,2.9799999999999995,99.434,0.1356,0.5741999999999999,0.6039,0.7021,2.585,0.2973,0.7308999999999999,0.5269,0.5391000000000001,-15.0
0022300503,10.4,33.0,43.4,25.9,8.1,5.6,14.0,18.0,115.3,3.3200000000000003,98.55,0.14889999999999998,0.5665,0.604,0.6115999999999999,1.9080000000000001,0.3094,0.7367999999999999,0.5287999999999999,0.5316000000000001,8.090909090909092,34.18181818181818,42.27272727272727,25.272727272727273,7.0,6.181818181818182,14.363636363636363,18.454545454545453,110.54545454545455,-5.481818181818182,100.80818181818181,0.14718181818181816,0.5325454545454545,0.5705454545454546,0.6540909090909092,1.831818181818182,0.24754545454545457,0.73,0.48727272727272725,0.47818181818181815,-6.0
0022500495,11.7,32.0,43.7,27.2,8.0,4.9,12.1,23.2,113.4,-6.4799999999999995,100.412,0.12050000000000001,0.515,0.5539,0.6556000000000001,2.528,0.292,0.6932999999999999,0.48200000000000004,0.4694,9.3,30.5,39.8,24.6,7.1,4.1,13.9,23.0,108.0,-12.26,101.9,0.13610000000000003,0.5185000000000001,0.5544,0.6234,1.8989999999999998,0.227,0.6779,0.4471,0.43450000000000005,8.0
0022300462,8.0,32.9,40.9,28.8,7.3,7.6,10.6,19.6,124.6,11.68,102.15,0.11370000000000002,0.5961000000000001,0.631,0.619,2.6770000000000005,0.22269999999999998,0.7151,0.48339999999999994,0.5572999999999999,12.636363636363637,35.54545454545455,48.18181818181818,27.636363636363637,7.0,7.090909090909091,11.090909090909092,16.272727272727273,127.36363636363636,14.18181818181818,98.19272727272727,0.11572727272727272,0.5870909090909091,0.6196363636363635,0.596,2.584545454545455,0.3179090909090909,0.7100909090909091,0.5207272727272727,0.5687272727272727,4.0
0022401196,11.8,33.5,45.3,28.7,7.6,4.3,15.3,19.9,107.7,-11.79,99.75,0.1629,0.5332999999999999,0.5604000000000001,0.7041000000000001,1.7930000000000004,0.302,0.7333,0.5133000000000001,0.45879999999999993,8.818181818181818,34.63636363636363,43.45454545454545,28.272727272727273,9.545454545454545,5.363636363636363,10.636363636363637,18.818181818181817,123.72727272727273,10.736363636363636,102.5,0.1088181818181818,0.5748181818181818,0.605909090909091,0.6194545454545455,2.6690909090909094,0.2547272727272727,0.7186363636363636,0.49254545454545456,0.5479999999999999,-15.0
0022301149,10.6,33.8,44.4,25.8,8.0,4.5,11.8,17.8,109.4,-2.8,96.4,0.1265,0.5363,0.5727,0.6214000000000001,2.427,0.277,0.7112,0.5008,0.51,12.0,29.818181818181817,41.81818181818182,27.545454545454547,8.272727272727273,3.727272727272727,10.909090909090908,18.363636363636363,115.63636363636364,7.627272727272726,94.76818181818182,0.12618181818181817,0.5608181818181819,0.5877272727272728,0.6443636363636362,2.400909090909091,0.32190909090909087,0.7155454545454546,0.509090909090909,0.5124545454545456,-11.0
0022300615,11.11111111111111,32.111111111111114,43.22222222222222,26.333333333333332,8.11111111111111,5.0,11.555555555555555,19.88888888888889,109.0,-4.5,97.14333333333333,0.13,0.5175555555555555,0.548888888888889,0.6674444444444444,2.18,0.27799999999999997,0.7163333333333334,0.4868888888888889,0.47122222222222226,12.727272727272727,37.36363636363637,50.09090909090909,25.181818181818183,7.0,5.181818181818182,14.727272727272727,19.363636363636363,114.63636363636364,13.454545454545455,97.63636363636364,0.16318181818181818,0.5517272727272727,0.59,0.615090909090909,1.6345454545454545,0.3483636363636364,0.7720909090909092,0.566,0.555,-5.0
0022501058,10.363636363636363,33.81818181818182,44.18181818181818,24.454545454545453,8.090909090909092,5.090909090909091,15.454545454545455,21.0,114.27272727272727,-0.06363636363636366,101.0909090909091,0.16118181818181818,0.5526363636363635,0.5954545454545456,0.595090909090909,1.5654545454545454,0.3098181818181818,0.6783636363636364,0.5053636363636363,0.5053636363636363,12.909090909090908,32.18181818181818,45.09090909090909,25.90909090909091,8.272727272727273,4.818181818181818,16.09090909090909,19.0,111.27272727272727,-3.1818181818181825,97.55545454545454,0.1709090909090909,0.5466363636363636,0.5747272727272728,0.6072727272727273,1.6554545454545455,0.34654545454545455,0.7272727272727273,0.5350909090909091,0.49727272727272726,2.0
0022300335,8.666666666666666,27.77777777777778,36.44444444444444,26.444444444444443,7.0,4.888888888888889,13.555555555555555,20.11111111111111,110.88888888888889,-8.277777777777779,97.88888888888889,0.14100000000000001,0.564111111111111,0.593,0.6321111111111111,2.1566666666666663,0.23888888888888887,0.6477777777777778,0.4444444444444444,0.45811111111111114,12.777777777777779,33.22222222222222,46.0,27.666666666666668,9.666666666666666,5.666666666666667,12.11111111111111,21.22222222222222,128.11111111111111,16.08888888888889,101.83333333333333,0.12699999999999997,0.5707777777777778,0.6205555555555556,0.6263333333333333,2.373333333333333,0.3244444444444444,0.73,0.526,0.5733333333333334,-53.0
0022300562,14.444444444444445,32.111111111111114,46.55555555555556,24.88888888888889,7.333333333333333,4.333333333333333,11.11111111111111,20.333333333333332,110.11111111111111,-9.244444444444444,98.82333333333332,0.12044444444444445,0.4924444444444444,0.5284444444444445,0.627,2.282222222222222,0.32077777777777783,0.7465555555555555,0.5128888888888888,0.44988888888888895,9.5,33.7,43.2,25.8,7.1,3.9,12.4,18.7,109.6,0.8400000000000001,97.95,0.1353,0.5257000000000001,0.5694,0.6676,2.063,0.2763,0.724,0.5006999999999999,0.5113000000000001,-1.0
0022300231,10.0,34.77777777777778,44.77777777777778,27.11111111111111,6.777777777777778,3.6666666666666665,12.11111111111111,21.88888888888889,112.88888888888889,8.588888888888889,97.05555555555556,0.12844444444444444,0.5578888888888889,0.5878888888888888,0.6527777777777778,2.272222222222222,0.2727777777777778,0.7487777777777778,0.5131111111111111,0.544,12.0,29.666666666666668,41.666666666666664,25.333333333333332,7.777777777777778,6.222222222222222,13.11111111111111,22.11111111111111,109.88888888888889,-4.033333333333333,98.81777777777778,0.13866666666666666,0.5025555555555555,0.5346666666666667,0.6364444444444444,1.9155555555555555,0.3231111111111111,0.6838888888888888,0.49,0.46066666666666667,20.0
0022400364,10.444444444444445,35.55555555555556,46.0,30.11111111111111,7.222222222222222,4.555555555555555,15.777777777777779,20.11111111111111,112.66666666666667,-3.111111111111111,102.43333333333334,0.16044444444444445,0.5493333333333335,0.5757777777777778,0.7053333333333334,1.9088888888888889,0.2803333333333333,0.7464444444444444,0.5165555555555557,0.4915555555555555,7.625,29.125,36.75,25.0,9.125,4.0,14.375,23.25,106.625,-10.75,99.125,0.16812499999999997,0.534875,0.573375,0.661375,1.575,0.235875,0.725875,0.465125,0.42662500000000003,-7.0
0022400462,12.125,34.0,46.125,26.0,7.5,3.75,12.25,20.25,109.875,-5.1375,101.0625,0.126125,0.503375,0.540875,0.632375,2.1375,0.274375,0.7673749999999999,0.5055,0.46662499999999996,9.75,30.125,39.875,21.75,11.0,4.375,13.0,19.625,112.875,2.0500000000000003,97.625,0.137,0.545625,0.590375,0.5543750000000001,1.9649999999999999,0.2845,0.69525,0.48662500000000003,0.50925,6.0
0022301154,9.818181818181818,30.454545454545453,40.27272727272727,23.90909090909091,6.0,4.363636363636363,15.454545454545455,17.09090909090909,106.72727272727273,-13.827272727272726,98.72727272727273,0.16136363636363635,0.5161818181818182,0.5626363636363636,0.6285454545454545,1.5899999999999999,0.27572727272727277,0.6947272727272727,0.47954545454545455,0.428,11.0,36.5,47.5,30.2,6.7,5.1,12.6,18.4,114.7,8.629999999999999,97.55,0.1366,0.5643,0.5952,0.7009000000000001,2.382,0.30310000000000004,0.7471,0.5363,0.5391,-16.0
0022401157,9.666666666666666,30.916666666666668,40.583333333333336,22.416666666666668,7.333333333333333,4.833333333333333,13.416666666666666,17.083333333333332,104.91666666666667,-15.341666666666667,99.29166666666667,0.13916666666666666,0.5149166666666667,0.5451666666666667,0.5780833333333333,1.765,0.2484166666666667,0.6490833333333333,0.4475833333333334,0.42450000000000004,10.727272727272727,29.09090909090909,39.81818181818182,24.636363636363637,8.363636363636363,5.090909090909091,13.0,16.545454545454547,106.72727272727273,-14.536363636363633,98.27272727272727,0.1450909090909091,0.5225454545454545,0.5521818181818182,0.6221818181818182,1.9390909090909092,0.2848181818181818,0.6773636363636363,0.4747272727272728,0.4274545454545455,-19.0
0022301220,8.6,30.4,39.0,27.1,6.7,2.5,10.7,20.3,116.8,3.7600000000000002,97.0,0.1179,0.5638,0.6049000000000001,0.6482,2.725,0.2695,0.7539,0.5039,0.5050000000000001,10.2,33.8,44.0,27.4,8.0,4.7,14.6,17.9,112.1,1.64,99.276,0.1528,0.5556,0.5839,0.6315999999999999,1.8370000000000002,0.27149999999999996,0.7100000000000001,0.5,0.5241,-12.0
0022500594,9.083333333333334,32.916666666666664,42.0,30.583333333333332,10.166666666666666,3.9166666666666665,12.833333333333334,19.25,115.58333333333333,-0.8166666666666665,103.95833333333333,0.131,0.5488333333333333,0.5734166666666667,0.7129166666666666,2.705,0.23766666666666666,0.7195,0.47291666666666665,0.4911666666666666,13.0,33.18181818181818,46.18181818181818,23.545454545454547,6.909090909090909,5.0,10.818181818181818,16.727272727272727,118.45454545454545,8.536363636363637,96.22727272727273,0.11972727272727272,0.5667272727272729,0.594090909090909,0.5348181818181817,2.3245454545454542,0.3442727272727273,0.7316363636363638,0.5384545454545454,0.5184545454545454,-26.0
0022401054,11.5,30.166666666666668,41.666666666666664,26.833333333333332,7.5,4.166666666666667,11.916666666666666,19.916666666666668,107.75,-5.741666666666667,95.26416666666667,0.13283333333333333,0.5356666666666667,0.5603333333333332,0.6720833333333335,2.2708333333333335,0.3005833333333333,0.6828333333333334,0.48258333333333336,0.45974999999999994,16.636363636363637,34.72727272727273,51.36363636363637,27.454545454545453,8.363636363636363,4.2727272727272725,15.545454545454545,21.545454545454547,110.72727272727273,-2.118181818181819,102.45454545454545,0.15872727272727272,0.49172727272727274,0.5307272727272726,0.6901818181818181,1.8354545454545452,0.35709090909090907,0.6930000000000001,0.5239090909090909,0.48536363636363633,-30.0
0022500962,9.636363636363637,30.181818181818183,39.81818181818182,28.545454545454547,7.454545454545454,3.8181818181818183,15.0,19.272727272727273,112.18181818181819,-14.318181818181818,103.68181818181819,0.15054545454545457,0.5276363636363637,0.5653636363636363,0.7067272727272728,2.049090909090909,0.27090909090909093,0.7162727272727273,0.47718181818181815,0.4248181818181818,11.333333333333334,33.916666666666664,45.25,29.25,8.666666666666666,3.75,13.416666666666666,20.5,113.41666666666667,7.075,98.04166666666667,0.14741666666666667,0.55825,0.5871666666666666,0.6799166666666667,2.1533333333333338,0.3156666666666667,0.7410833333333334,0.5310833333333335,0.5370833333333334,-9.0
0022500250,11.5,28.0,39.5,24.3,6.5,4.3,13.9,20.3,108.8,-11.49,97.1,0.153,0.5142,0.5601,0.6584000000000001,1.7740000000000002,0.3102,0.6418000000000001,0.4698999999999999,0.42910000000000004,14.727272727272727,31.545454545454547,46.27272727272727,26.09090909090909,8.181818181818182,5.090909090909091,9.818181818181818,22.727272727272727,115.36363636363636,7.845454545454547,96.22727272727273,0.10854545454545454,0.5334545454545454,0.5587272727272727,0.6024545454545455,2.677272727272727,0.35354545454545455,0.6855454545454545,0.5099999999999999,0.5239090909090909,-14.0
0022400278,12.833333333333334,35.916666666666664,48.75,26.166666666666668,6.25,5.5,14.666666666666666,20.583333333333332,112.33333333333333,2.0416666666666665,97.88416666666667,0.15400000000000003,0.52975,0.5597500000000001,0.62425,1.8675,0.3239166666666667,0.7153333333333333,0.5185833333333333,0.5058333333333334,13.4,32.2,45.6,26.2,7.5,4.0,14.8,20.7,108.3,-5.5200000000000005,97.854,0.1579,0.5115000000000001,0.5435000000000001,0.6463,1.887,0.3537,0.6756,0.512,0.46499999999999997,2.0
0022501074,14.181818181818182,33.72727272727273,47.90909090909091,28.0,8.727272727272727,6.7272727272727275,16.90909090909091,19.272727272727273,116.63636363636364,8.554545454545456,101.68181818181819,0.17472727272727273,0.5519090909090909,0.5865454545454545,0.6829999999999999,1.665454545454545,0.3456363636363637,0.7070909090909091,0.5268181818181819,0.5462727272727272,11.833333333333334,32.5,44.333333333333336,27.833333333333332,6.916666666666667,4.916666666666667,14.0,18.0,116.75,-10.191666666666666,102.02499999999999,0.14225000000000002,0.5379166666666667,0.5744166666666667,0.649,2.3516666666666666,0.2885,0.70425,0.492,0.45349999999999996,-7.0
0022400280,13.636363636363637,32.27272727272727,45.90909090909091,30.0,10.363636363636363,5.181818181818182,15.636363636363637,17.181818181818183,114.36363636363636,-4.4818181818181815,104.36363636363636,0.15400000000000003,0.521909090909091,0.5535454545454545,0.7002727272727273,2.063636363636363,0.3339090909090909,0.7121818181818184,0.513,0.4870909090909091,11.25,34.25,45.5,25.666666666666668,7.833333333333333,5.166666666666667,13.583333333333334,19.833333333333332,118.41666666666667,7.1499999999999995,100.41333333333334,0.13941666666666666,0.5594166666666666,0.5939999999999999,0.5771666666666666,1.928333333333333,0.2974166666666666,0.71225,0.5131666666666667,0.5397500000000001,-10.0
0022501012,12.818181818181818,33.72727272727273,46.54545454545455,27.181818181818183,8.909090909090908,6.818181818181818,14.909090909090908,19.727272727272727,120.81818181818181,5.5636363636363635,101.22727272727273,0.15318181818181817,0.551,0.5968181818181818,0.6358181818181818,1.8345454545454543,0.36281818181818176,0.6859090909090909,0.530909090909091,0.5334545454545454,10.083333333333334,30.0,40.083333333333336,24.166666666666668,10.666666666666666,4.916666666666667,11.666666666666666,18.583333333333332,119.58333333333333,4.625,99.33333333333333,0.12316666666666666,0.5651666666666667,0.6075,0.5564166666666667,2.288333333333333,0.29849999999999993,0.6678333333333333,0.48675,0.5286666666666666,6.0
0022400447,12.125,33.25,45.375,24.75,7.25,4.75,13.625,20.0,112.375,-6.2749999999999995,99.125,0.14450000000000002,0.53325,0.566125,0.5865,1.85375,0.3025,0.722875,0.5061249999999999,0.456125,10.0,32.875,42.875,22.375,10.5,4.625,12.5,18.125,110.75,0.1875,98.375,0.13187500000000002,0.52925,0.571,0.568875,2.02875,0.272125,0.73875,0.500625,0.50075,-22.0
0022400635,11.090909090909092,33.18181818181818,44.27272727272727,25.727272727272727,8.181818181818182,5.0,14.0,18.727272727272727,111.18181818181819,-2.0999999999999996,99.4090909090909,0.1471818181818182,0.5302727272727273,0.5689090909090908,0.6411818181818182,1.813636363636364,0.29772727272727273,0.7034545454545454,0.5047272727272727,0.49245454545454537,11.727272727272727,32.90909090909091,44.63636363636363,24.0,7.454545454545454,6.363636363636363,12.272727272727273,15.636363636363637,109.72727272727273,3.8090909090909095,95.46181818181817,0.1280909090909091,0.5292727272727272,0.5628181818181819,0.605909090909091,2.0945454545454543,0.2985454545454545,0.6950000000000001,0.49527272727272725,0.5222727272727273,-15.0
0022301001,12.090909090909092,34.0,46.09090909090909,29.363636363636363,7.7272727272727275,5.181818181818182,13.181818181818182,17.272727272727273,113.81818181818181,0.16363636363636386,100.36363636363636,0.1362727272727273,0.5422727272727272,0.5645454545454546,0.6637272727272727,2.341818181818182,0.30818181818181817,0.7234545454545455,0.5121818181818182,0.49627272727272725,12.454545454545455,32.09090909090909,44.54545454545455,23.181818181818183,8.727272727272727,7.090909090909091,16.636363636363637,18.727272727272727,102.63636363636364,-7.827272727272728,96.45727272727272,0.181,0.4936363636363636,0.5361818181818182,0.6494545454545455,1.3872727272727272,0.3308181818181819,0.7074545454545454,0.5096363636363637,0.4567272727272727,21.0
0022500500,12.8,29.9,42.7,24.6,9.3,5.5,15.0,21.0,109.3,-12.720000000000002,99.284,0.1535,0.5038,0.5458999999999999,0.6131,1.7719999999999998,0.3094,0.6499999999999999,0.47400000000000003,0.4417,9.333333333333334,33.333333333333336,42.666666666666664,24.0,7.888888888888889,3.5555555555555554,14.777777777777779,19.22222222222222,108.0,-4.655555555555555,97.94444444444444,0.15577777777777777,0.5407777777777778,0.5753333333333334,0.6147777777777778,1.7422222222222221,0.2787777777777778,0.7077777777777778,0.49755555555555564,0.4778888888888889,-17.0
0022500641,8.181818181818182,33.54545454545455,41.72727272727273,25.0,9.363636363636363,6.909090909090909,10.363636363636363,19.0,119.18181818181819,10.02727272727273,100.40181818181819,0.10718181818181818,0.5630909090909091,0.6003636363636363,0.5722727272727273,2.4054545454545453,0.2297272727272727,0.6717272727272727,0.4639090909090909,0.5592727272727273,9.090909090909092,33.27272727272727,42.36363636363637,29.363636363636363,7.818181818181818,4.636363636363637,14.363636363636363,20.727272727272727,109.54545454545455,-6.045454545454546,101.72727272727273,0.1507272727272727,0.5358181818181819,0.5648181818181819,0.7184545454545455,2.264545454545454,0.24663636363636368,0.7300909090909091,0.4866363636363636,0.4707272727272727,-3.0
0022400767,9.272727272727273,33.0,42.27272727272727,26.90909090909091,6.454545454545454,5.2727272727272725,13.363636363636363,17.818181818181817,113.54545454545455,-3.472727272727272,98.05363636363637,0.14236363636363636,0.5568181818181819,0.5937272727272727,0.6585454545454545,2.182727272727273,0.24672727272727268,0.6990909090909092,0.4824545454545453,0.48763636363636365,14.8,32.0,46.8,27.8,8.8,6.2,14.9,20.4,124.0,6.609999999999999,102.35,0.15050000000000002,0.5631000000000002,0.5976000000000001,0.6021000000000001,1.9300000000000004,0.3663,0.6558,0.5151,0.5337999999999999,-7.0
0022500784,12.4,32.1,44.5,25.7,9.2,5.9,11.4,19.1,113.5,1.5599999999999998,98.80499999999999,0.11910000000000001,0.5206000000000001,0.5599000000000001,0.6307,2.3779999999999997,0.29669999999999996,0.6601,0.4766,0.5082,13.833333333333334,36.583333333333336,50.416666666666664,29.0,9.666666666666666,3.5,13.25,18.333333333333332,120.33333333333333,6.108333333333333,105.5,0.13083333333333333,0.5259999999999999,0.5650000000000001,0.6699166666666668,2.2383333333333333,0.29816666666666664,0.7240833333333333,0.5078333333333335,0.5330833333333334,-12.0
0022400397,9.444444444444445,35.666666666666664,45.111111111111114,28.666666666666668,8.666666666666666,5.333333333333333,14.222222222222221,15.222222222222221,113.88888888888889,12.211111111111112,97.93333333333334,0.1541111111111111,0.5777777777777777,0.6068888888888889,0.6907777777777778,2.046666666666667,0.2703333333333333,0.7055555555555555,0.5046666666666666,0.5737777777777777,10.333333333333334,33.22222222222222,43.55555555555556,28.666666666666668,7.333333333333333,4.555555555555555,15.777777777777779,22.444444444444443,109.77777777777777,-6.522222222222222,102.54444444444444,0.15699999999999997,0.5294444444444445,0.5586666666666668,0.6998888888888888,1.8611111111111112,0.2728888888888889,0.7163333333333333,0.4928888888888889,0.46611111111111114,14.0
0022500871,11.25,37.125,48.375,30.125,8.125,3.375,14.25,19.5,123.375,9.575,102.64375,0.14375,0.563625,0.6005,0.689625,2.08875,0.31799999999999995,0.75375,0.5407500000000001,0.544875,10.142857142857142,32.714285714285715,42.857142857142854,25.428571428571427,9.714285714285714,6.571428571428571,16.571428571428573,20.428571428571427,116.42857142857143,2.471428571428571,102.78571428571429,0.16714285714285712,0.5707142857142857,0.5994285714285714,0.5895714285714285,1.5514285714285716,0.27414285714285713,0.6847142857142857,0.4900000000000001,0.5231428571428571,-9.0
0022400591,12.1,31.0,43.1,24.3,7.5,4.6,16.3,17.1,108.6,-7.730000000000001,98.2,0.17370000000000002,0.5375,0.5672999999999999,0.5988999999999999,1.4849999999999999,0.3237,0.6735,0.496,0.458,14.7,29.2,43.9,21.9,10.3,4.1,12.0,19.1,115.6,3.28,97.05,0.1361,0.538,0.5645,0.49959999999999993,1.8359999999999999,0.3801,0.6966,0.5254,0.4966000000000001,-22.0
0022501180,12.0,37.63636363636363,49.63636363636363,31.181818181818183,7.909090909090909,5.454545454545454,12.454545454545455,17.545454545454547,123.27272727272727,15.2,99.89181818181818,0.13454545454545455,0.5697272727272727,0.6039090909090908,0.6801818181818181,2.3645454545454543,0.3351818181818182,0.7725454545454546,0.5614545454545454,0.5772727272727273,11.1,32.0,43.1,25.3,8.4,4.6,11.7,19.6,116.1,-7.6800000000000015,103.38,0.1182,0.5059,0.5528000000000001,0.6164,2.5759999999999996,0.2545,0.7078999999999999,0.46740000000000004,0.45719999999999994,19.0
0022401181,10.9,30.4,41.3,25.0,8.1,3.2,14.5,19.3,108.6,-21.060000000000002,100.046,0.1504,0.5165,0.5504,0.6416999999999999,1.7939999999999998,0.2713,0.6565,0.45899999999999996,0.3958,9.272727272727273,33.81818181818182,43.09090909090909,27.181818181818183,9.363636363636363,5.636363636363637,10.363636363636363,18.454545454545453,123.36363636363636,10.936363636363636,101.5,0.1088181818181818,0.5753636363636363,0.6067272727272728,0.6017272727272727,2.5890909090909093,0.27772727272727277,0.734090909090909,0.5079090909090909,0.5449090909090909,-34.0
0022300314,9.625,38.75,48.375,25.0,5.125,5.375,12.5,20.875,108.625,4.5375,97.625,0.1345,0.52575,0.56325,0.6408750000000001,2.09625,0.28225,0.736625,0.52225,0.5362500000000001,9.555555555555555,31.666666666666668,41.22222222222222,22.88888888888889,7.222222222222222,6.666666666666667,13.222222222222221,19.88888888888889,103.44444444444444,-6.777777777777779,97.44444444444444,0.1468888888888889,0.5127777777777778,0.5471111111111111,0.5938888888888889,1.6577777777777778,0.26855555555555555,0.6976666666666668,0.482,0.45788888888888896,13.0
0022401116,13.454545454545455,35.27272727272727,48.72727272727273,29.636363636363637,8.090909090909092,3.727272727272727,14.454545454545455,19.818181818181817,110.81818181818181,-1.1727272727272735,103.45454545454545,0.14527272727272728,0.5060909090909091,0.5366363636363635,0.7164545454545455,2.266363636363636,0.307,0.7256363636363637,0.5112727272727272,0.4954545454545455,16.8,29.6,46.4,24.5,9.4,4.6,14.7,15.9,112.7,0.13000000000000014,97.678,0.1566,0.526,0.5532999999999999,0.5994,1.7600000000000002,0.38050000000000006,0.6695000000000001,0.5115000000000001,0.4896999999999999,-9.0
0022300471,8.2,31.7,39.9,26.3,8.6,5.4,16.2,19.8,113.7,3.3200000000000003,99.5,0.17109999999999997,0.5796,0.6179,0.6416000000000001,1.6510000000000002,0.2534,0.7447999999999999,0.5066999999999999,0.5189999999999999,10.8,34.4,45.2,26.9,8.7,5.3,12.8,19.2,120.8,13.190000000000001,98.889,0.1379,0.5756,0.6108,0.6054999999999999,2.088,0.30429999999999996,0.7338,0.5247999999999999,0.5534,-11.0
0022500039,14.8,31.4,46.2,27.8,8.5,3.9,13.4,20.7,120.6,7.340000000000001,100.05,0.14179999999999998,0.5506,0.5872,0.6451,2.044,0.34409999999999996,0.7398,0.5275000000000001,0.5132,8.909090909090908,35.27272727272727,44.18181818181818,30.818181818181817,9.636363636363637,3.909090909090909,14.727272727272727,21.09090909090909,125.0909090909091,3.9181818181818184,106.29545454545455,0.13963636363636364,0.5692727272727273,0.6066363636363636,0.678909090909091,2.196363636363636,0.24363636363636365,0.6653636363636364,0.47054545454545454,0.5339090909090909,8.0
0022400805,12.75,34.125,46.875,26.25,6.75,4.875,13.375,17.375,117.875,-6.55,100.55875,0.138625,0.53075,0.5671250000000001,0.603,1.98875,0.33175,0.736625,0.5277499999999999,0.474,12.875,31.875,44.75,28.625,10.0,4.125,11.75,20.5,114.75,1.0125000000000002,101.5,0.12012500000000001,0.5065000000000001,0.548125,0.71825,2.4524999999999997,0.31475,0.732375,0.505625,0.508625,-24.0
0022300739,7.818181818181818,35.36363636363637,43.18181818181818,28.0,7.363636363636363,5.181818181818182,14.181818181818182,16.90909090909091,122.18181818181819,7.936363636363637,100.5,0.14972727272727274,0.6208181818181818,0.6429999999999999,0.5909090909090909,2.1772727272727272,0.2564545454545455,0.7069999999999999,0.5086363636363637,0.5509999999999999,12.5,34.1,46.6,30.2,4.8,6.0,14.0,18.3,122.4,-4.18,100.422,0.1438,0.5631,0.6017,0.672,2.187,0.32839999999999997,0.7287999999999999,0.5287,0.4885,14.0
0022300813,7.75,34.0,41.75,30.875,7.0,7.25,9.625,13.875,121.125,5.525,100.4375,0.09937499999999999,0.575625,0.612375,0.6985,3.4775,0.22649999999999998,0.677875,0.475125,0.548875,10.75,33.625,44.375,30.0,7.375,6.375,13.375,14.0,108.625,-8.7,101.125,0.13987499999999997,0.5115000000000001,0.54175,0.716,2.2775,0.28300000000000003,0.74225,0.501,0.46837500000000004,5.0
0022400810,12.0,31.125,43.125,24.875,8.5,5.125,14.125,20.375,113.25,-1.3500000000000005,100.285,0.14450000000000002,0.5217499999999999,0.562125,0.6155,1.7875,0.307125,0.721625,0.499,0.48262499999999997,10.9,33.6,44.5,24.1,6.9,3.3,12.0,16.2,103.3,-7.92,97.05,0.128,0.4894,0.5278999999999999,0.6318,2.096,0.2836,0.7041,0.4878,0.46390000000000003,53.0
0022300638,11.3,31.9,43.2,28.0,8.8,5.7,14.4,18.1,110.9,-0.4800000000000001,99.15,0.15399999999999997,0.539,0.5732,0.7224000000000002,1.9139999999999997,0.28359999999999996,0.7034,0.4891,0.4912000000000001,12.1,31.0,43.1,23.1,7.8,4.8,12.8,20.6,104.2,-5.0200000000000005,94.89500000000001,0.1416,0.5177,0.5488,0.6136999999999999,1.7740000000000002,0.3052,0.7109000000000001,0.5002,0.4784999999999999,1.0
0022400471,15.125,33.875,49.0,21.25,8.25,5.0,13.875,18.0,113.375,6.1875,99.5625,0.148125,0.5211250000000001,0.553125,0.49987499999999996,1.52625,0.358125,0.7295,0.5351250000000001,0.506,12.0,35.6,47.6,26.1,8.5,5.3,11.3,15.0,118.3,13.690000000000001,98.3,0.11579999999999999,0.5685,0.5909000000000002,0.5948000000000001,2.998,0.2939,0.7209999999999999,0.5098,0.5574,-23.0
0022300433,13.0,31.4,44.4,27.4,7.7,3.5,12.6,19.6,113.7,0.9799999999999995,95.978,0.1366,0.5418,0.5686,0.6562,2.1280000000000006,0.3399,0.7135,0.5171,0.499,11.2,35.6,46.8,28.1,5.6,5.7,12.1,20.9,131.2,9.309999999999999,103.526,0.12079999999999999,0.5846,0.6251,0.6064999999999999,2.4539999999999997,0.3025,0.7045999999999999,0.5147,0.5393999999999999,-8.0
0022501103,10.0,32.18181818181818,42.18181818181818,26.0,9.272727272727273,5.181818181818182,11.909090909090908,18.545454545454547,121.36363636363636,8.154545454545454,98.73818181818181,0.1290909090909091,0.5858181818181819,0.6202727272727272,0.5887272727272728,2.1463636363636365,0.3030909090909091,0.6905454545454546,0.5071818181818182,0.5459090909090909,10.181818181818182,34.27272727272727,44.45454545454545,28.727272727272727,6.636363636363637,4.363636363636363,11.181818181818182,20.09090909090909,123.0909090909091,5.681818181818182,99.0909090909091,0.1197272727272727,0.5861818181818182,0.6207272727272728,0.6492727272727272,2.568181818181818,0.2817272727272727,0.722909090909091,0.5080909090909091,0.5262727272727272,14.0
0022500229,12.0,33.63636363636363,45.63636363636363,26.545454545454547,6.909090909090909,4.818181818181818,16.181818181818183,20.454545454545453,117.36363636363636,-4.21818181818182,100.91636363636363,0.16872727272727273,0.5499999999999999,0.5957272727272727,0.6536363636363636,1.6418181818181816,0.3382727272727272,0.7617272727272728,0.5429090909090909,0.485090909090909,10.0,36.63636363636363,46.63636363636363,25.90909090909091,11.181818181818182,5.545454545454546,11.636363636363637,20.09090909090909,120.63636363636364,17.727272727272727,100.95454545454545,0.12081818181818184,0.5611818181818182,0.6032727272727272,0.5965454545454545,2.373636363636364,0.2696363636363637,0.7371818181818182,0.5141818181818182,0.5964545454545456,-13.0
0022400617,11.6,32.2,43.8,27.5,7.3,4.8,16.5,21.0,104.9,-12.73,97.75,0.182,0.5391,0.5650000000000001,0.6824999999999999,1.586,0.32839999999999997,0.7172,0.5221,0.4487,6.75,31.166666666666668,37.916666666666664,25.5,7.083333333333333,4.083333333333333,11.416666666666666,17.166666666666668,115.83333333333333,0.46666666666666673,96.83333333333333,0.12191666666666666,0.58825,0.6238333333333335,0.6159166666666666,2.3033333333333332,0.20791666666666667,0.6807500000000001,0.4589999999999999,0.5059166666666667,-4.0
0022400367,8.75,36.375,45.125,26.25,10.75,5.5,15.125,15.625,103.75,9.587499999999999,98.125,0.165625,0.531625,0.5658749999999999,0.706375,1.6637499999999998,0.2505,0.71975,0.495625,0.57675,8.11111111111111,34.55555555555556,42.666666666666664,26.11111111111111,8.11111111111111,5.666666666666667,13.777777777777779,16.11111111111111,111.22222222222223,6.777777777777779,97.15555555555555,0.15344444444444444,0.5647777777777778,0.5995555555555555,0.6512222222222221,1.9533333333333331,0.262,0.6922222222222222,0.49233333333333346,0.5498888888888889,-26.0
0022300365,11.0,29.11111111111111,40.111111111111114,31.555555555555557,7.777777777777778,6.333333333333333,12.0,22.666666666666668,126.88888888888889,-3.977777777777779,104.83333333333333,0.11911111111111111,0.575,0.6032222222222222,0.6487777777777777,2.7911111111111113,0.29533333333333334,0.6816666666666666,0.4822222222222222,0.48777777777777775,9.1,27.3,36.4,24.4,6.8,4.7,12.7,18.8,106.2,-13.460000000000003,97.15,0.13620000000000002,0.5353000000000001,0.5666,0.5992,2.0439999999999996,0.24760000000000004,0.65,0.4422,0.4332,31.0
0022400403,11.625,31.5,43.125,26.875,9.375,4.625,13.625,17.375,105.875,-7.112500000000001,99.1875,0.15275,0.512875,0.538875,0.6793750000000001,2.0175,0.29425,0.7186250000000001,0.49525,0.46,6.666666666666667,34.44444444444444,41.111111111111114,28.77777777777778,8.333333333333334,6.111111111111111,14.0,19.0,116.11111111111111,3.744444444444443,102.05555555555556,0.14122222222222225,0.5793333333333333,0.6140000000000001,0.6723333333333332,2.197777777777778,0.19899999999999998,0.7213333333333334,0.47244444444444444,0.531,-6.0
0022301009,8.181818181818182,34.36363636363637,42.54545454545455,30.181818181818183,7.818181818181818,5.7272727272727275,11.636363636363637,16.90909090909091,115.45454545454545,8.045454545454545,96.79454545454546,0.12536363636363634,0.5865454545454546,0.6117272727272728,0.6643636363636364,2.6363636363636362,0.2459090909090909,0.7156363636363636,0.49954545454545457,0.548,13.222222222222221,34.888888888888886,48.111111111111114,24.11111111111111,7.555555555555555,5.333333333333333,12.666666666666666,16.11111111111111,100.55555555555556,7.255555555555556,92.55555555555556,0.15855555555555556,0.5067777777777778,0.5367777777777778,0.6423333333333334,1.7544444444444443,0.3303333333333333,0.7087777777777778,0.526,0.5403333333333333,13.0
0022400391,13.25,31.375,44.625,24.75,7.875,4.25,15.0,21.375,104.375,-11.05,97.3125,0.164125,0.51275,0.546125,0.64275,1.78875,0.32325000000000004,0.7188749999999999,0.509625,0.43762500000000004,13.25,34.125,47.375,21.125,7.25,5.0,14.0,19.125,109.25,1.4250000000000003,98.02125000000001,0.146875,0.51075,0.549375,0.52925,1.62625,0.34650000000000003,0.7215,0.531625,0.49175,-13.0
0022500448,13.625,36.0,49.625,25.375,6.375,6.25,11.875,21.875,116.75,-1.3500000000000005,100.8125,0.12025,0.5269999999999999,0.56175,0.5903750000000001,2.37125,0.3345,0.677375,0.511625,0.491,12.75,30.375,43.125,26.0,10.625,4.25,15.375,22.0,112.0,-0.5625,99.625,0.16,0.538875,0.57375,0.628875,1.7325,0.32375,0.653,0.48599999999999993,0.508375,-14.0
0022300776,7.6,33.1,40.7,30.2,8.7,6.0,11.4,15.2,123.9,-0.11999999999999975,102.21000000000001,0.1115,0.5786,0.6107,0.6632999999999999,2.9989999999999997,0.22249999999999998,0.7025,0.4718,0.5156000000000001,10.2,34.1,44.3,26.2,4.7,4.1,13.6,18.9,116.2,-1.2199999999999995,99.405,0.14179999999999998,0.5605,0.5939,0.6091,1.9609999999999999,0.27790000000000004,0.7609,0.5214,0.4861,14.0
0022400598,13.1,34.9,48.0,29.6,8.2,4.5,11.8,18.8,122.0,6.3,100.85,0.1217,0.5468,0.5808000000000001,0.6489999999999999,2.566,0.3144,0.7638999999999999,0.5309,0.531,11.666666666666666,32.25,43.916666666666664,26.5,7.333333333333333,4.0,15.166666666666666,19.583333333333332,111.58333333333333,-12.725000000000001,101.49083333333334,0.1570833333333333,0.5305,0.5588333333333334,0.6425833333333334,1.7058333333333329,0.2871666666666666,0.6816666666666666,0.47775000000000006,0.42900000000000005,23.0
0022401022,15.181818181818182,33.63636363636363,48.81818181818182,23.181818181818183,7.7272727272727275,4.454545454545454,15.727272727272727,17.818181818181817,113.9090909090909,2.054545454545455,99.28363636363635,0.16381818181818183,0.5282727272727272,0.559,0.5620909090909091,1.5654545454545454,0.35545454545454547,0.69,0.5166363636363637,0.48863636363636365,11.333333333333334,33.583333333333336,44.916666666666664,29.75,7.833333333333333,5.166666666666667,13.416666666666666,18.083333333333332,119.0,-2.816666666666667,100.76833333333333,0.13683333333333333,0.56675,0.5939166666666666,0.6608333333333333,2.3216666666666663,0.30416666666666664,0.7208333333333332,0.5137499999999999,0.4945,19.0
0022500464,11.0,29.666666666666668,40.666666666666664,24.88888888888889,6.444444444444445,4.222222222222222,12.88888888888889,22.77777777777778,106.88888888888889,-13.633333333333333,100.27777777777777,0.1281111111111111,0.5068888888888889,0.5411111111111111,0.6351111111111112,2.1622222222222223,0.2611111111111111,0.6744444444444444,0.4536666666666666,0.42733333333333334,12.333333333333334,32.0,44.333333333333336,27.333333333333332,7.333333333333333,5.111111111111111,11.88888888888889,22.77777777777778,113.88888888888889,-5.388888888888889,99.7911111111111,0.12088888888888889,0.5185555555555555,0.5573333333333333,0.6595555555555556,2.557777777777778,0.2956666666666667,0.6842222222222223,0.48277777777777786,0.4714444444444445,-2.0
0022301135,7.2,29.2,36.4,25.1,6.1,3.3,12.5,15.7,102.0,-14.16,93.95,0.1422,0.5449000000000002,0.5753,0.6559,2.091,0.23020000000000002,0.6947,0.46099999999999997,0.4465,9.363636363636363,32.54545454545455,41.90909090909091,26.545454545454547,8.545454545454545,6.0,13.0,17.636363636363637,114.18181818181819,-1.6727272727272726,99.62636363636362,0.13390909090909092,0.5527272727272727,0.5875454545454545,0.625,2.0336363636363632,0.2629090909090909,0.7267272727272727,0.49763636363636365,0.5027272727272728,-3.0
0022500564,12.0,33.4,45.4,28.2,11.1,4.0,15.6,18.8,116.9,-0.7100000000000002,106.05,0.15700000000000003,0.5273,0.5622999999999999,0.6436999999999999,1.8939999999999997,0.2981,0.7289000000000001,0.5022,0.4828,14.363636363636363,32.72727272727273,47.09090909090909,26.181818181818183,8.818181818181818,4.2727272727272725,13.181818181818182,20.454545454545453,115.72727272727273,9.872727272727273,98.77272727272727,0.14509090909090908,0.5462727272727274,0.5770909090909091,0.6192727272727273,1.8754545454545457,0.34927272727272723,0.689,0.5178181818181818,0.5494545454545455,5.8
0022301140,10.4,34.9,45.3,30.7,7.2,6.8,14.8,15.9,111.3,-2.3299999999999996,100.562,0.1476,0.5315000000000001,0.5624,0.7399,2.2129999999999996,0.2685,0.7508000000000001,0.5035999999999999,0.49460000000000004,10.916666666666666,31.5,42.416666666666664,25.5,8.0,7.666666666666667,12.416666666666666,19.083333333333332,109.16666666666667,3.016666666666667,95.79166666666667,0.13558333333333333,0.5477500000000001,0.5812499999999999,0.6380833333333333,2.1374999999999997,0.2804166666666666,0.6843333333333333,0.4859166666666667,0.5063333333333334,-7.0
0022300974,10.444444444444445,31.666666666666668,42.111111111111114,26.11111111111111,6.888888888888889,5.555555555555555,12.666666666666666,17.444444444444443,116.44444444444444,-5.877777777777776,100.22222222222223,0.13233333333333333,0.5467777777777777,0.584111111111111,0.6171111111111112,2.022222222222222,0.2914444444444444,0.7294444444444445,0.5046666666666666,0.46822222222222226,10.909090909090908,35.0,45.90909090909091,25.818181818181817,7.636363636363637,6.909090909090909,11.909090909090908,18.272727272727273,109.36363636363636,1.7090909090909088,96.88272727272728,0.13036363636363638,0.5222727272727273,0.5566363636363637,0.6406363636363636,2.0245454545454544,0.2917272727272728,0.7199090909090909,0.5068181818181817,0.5240909090909092,-19.0
0022300634,12.272727272727273,33.0,45.27272727272727,23.818181818181817,7.2727272727272725,4.818181818181818,13.727272727272727,17.636363636363637,110.0,-10.836363636363636,101.35272727272728,0.14445454545454545,0.4961818181818182,0.5368181818181819,0.6053636363636364,1.7072727272727273,0.27872727272727277,0.7109090909090908,0.4783636363636364,0.4397272727272728,10.777777777777779,30.0,40.77777777777778,24.88888888888889,6.111111111111111,4.555555555555555,12.444444444444445,20.555555555555557,116.33333333333333,-3.055555555555555,99.33333333333333,0.1271111111111111,0.5551111111111111,0.5867777777777778,0.5871111111111111,1.9955555555555557,0.27222222222222225,0.6741111111111111,0.4686666666666667,0.4746666666666667,-5.0
0022500474,12.88888888888889,30.555555555555557,43.44444444444444,24.22222222222222,9.88888888888889,6.0,15.11111111111111,21.11111111111111,110.0,-13.166666666666666,99.75999999999999,0.15433333333333332,0.5041111111111111,0.5451111111111112,0.5970000000000001,1.6511111111111112,0.31477777777777777,0.649888888888889,0.47688888888888886,0.44533333333333336,11.125,32.875,44.0,21.5,8.0,5.125,12.375,19.125,115.875,5.275,98.25,0.13737500000000002,0.556,0.590375,0.513625,1.7225000000000001,0.32,0.697625,0.510375,0.52425,-14.0
0022400434,11.125,32.25,43.375,24.25,6.75,4.75,13.125,20.375,109.0,-11.787499999999998,99.25,0.14075000000000001,0.5211250000000001,0.551375,0.590875,1.87375,0.282125,0.7115,0.48575,0.422875,10.125,33.75,43.875,24.25,8.875,5.25,14.0,15.0,113.625,2.9875,98.17875000000001,0.15025,0.5562499999999999,0.59375,0.6014999999999999,1.685,0.27649999999999997,0.70075,0.49275,0.51075,4.0
0022300797,11.0,34.0,45.0,24.0,7.142857142857143,5.857142857142857,11.571428571428571,19.714285714285715,118.28571428571429,1.342857142857143,96.73285714285714,0.12057142857142857,0.5617142857142857,0.598,0.5449999999999999,2.3242857142857143,0.2937142857142857,0.732,0.521,0.5131428571428571,9.857142857142858,38.285714285714285,48.142857142857146,29.714285714285715,6.285714285714286,6.428571428571429,11.714285714285714,16.428571428571427,122.57142857142857,15.671428571428574,99.71428571428571,0.12642857142857142,0.5987142857142856,0.6251428571428571,0.6494285714285715,2.41,0.27514285714285713,0.7574285714285713,0.5355714285714287,0.5747142857142856,-17.0
0022301209,12.9,29.1,42.0,24.4,9.8,4.4,12.6,18.7,125.7,-2.4299999999999997,102.95599999999999,0.12469999999999999,0.5555,0.5943999999999999,0.5443,1.954,0.3113,0.6679,0.4793,0.47050000000000003,13.222222222222221,35.333333333333336,48.55555555555556,26.333333333333332,7.0,5.666666666666667,12.777777777777779,18.666666666666668,120.55555555555556,6.277777777777779,96.67333333333333,0.13755555555555554,0.5774444444444445,0.6064444444444445,0.6078888888888889,2.0288888888888885,0.33088888888888884,0.7067777777777778,0.5265555555555557,0.5354444444444444,-1.0
0022300453,12.454545454545455,33.90909090909091,46.36363636363637,23.363636363636363,8.545454545454545,4.181818181818182,12.545454545454545,22.181818181818183,115.81818181818181,0.7272727272727267,99.70727272727272,0.13136363636363638,0.519090909090909,0.5651818181818181,0.5654545454545454,1.8536363636363637,0.3277272727272727,0.6944545454545454,0.5082727272727273,0.5165454545454545,10.0,30.6,40.6,24.3,6.5,4.5,14.0,22.8,115.3,-12.19,102.426,0.14189999999999997,0.5365,0.5782,0.5791000000000002,1.8199999999999998,0.26480000000000004,0.7009000000000001,0.47830000000000006,0.4368,23.0
0022300484,11.181818181818182,33.09090909090909,44.27272727272727,23.363636363636363,7.909090909090909,5.090909090909091,11.545454545454545,18.363636363636363,109.54545454545455,0.23636363636363641,97.04545454545455,0.12572727272727272,0.5278181818181819,0.5631818181818181,0.5710909090909091,2.2718181818181815,0.301,0.7144545454545456,0.5079090909090909,0.49863636363636366,9.1,29.5,38.6,23.6,6.2,5.4,12.0,17.4,103.5,-17.12,98.6,0.1303,0.5046,0.5341999999999999,0.5931,2.09,0.25120000000000003,0.7175999999999999,0.46319999999999995,0.4154999999999999,13.0
0022300871,9.375,36.875,46.25,24.875,7.75,6.75,11.75,16.625,121.625,3.5125,103.125,0.1185,0.5783750000000001,0.601,0.5297499999999999,2.2975,0.252,0.73075,0.4961249999999999,0.523375,10.25,31.625,41.875,25.875,6.5,4.5,11.0,20.75,108.0,-5.2250000000000005,96.625,0.117375,0.52175,0.5483750000000001,0.620875,2.5,0.286875,0.73675,0.494625,0.452125,-4.0
0022501213,12.555555555555555,37.111111111111114,49.666666666666664,30.555555555555557,7.888888888888889,5.222222222222222,15.11111111111111,19.444444444444443,117.66666666666667,8.344444444444443,99.13000000000001,0.1542222222222222,0.5537777777777779,0.5875555555555556,0.6963333333333332,2.2544444444444443,0.34388888888888886,0.7583333333333333,0.5563333333333333,0.5612222222222223,10.777777777777779,31.0,41.77777777777778,29.444444444444443,7.555555555555555,3.2222222222222223,15.333333333333334,21.555555555555557,114.77777777777777,-12.455555555555556,103.11111111111111,0.1517777777777778,0.5395555555555556,0.5794444444444444,0.7201111111111111,1.9933333333333332,0.2823333333333334,0.7075555555555555,0.4896666666666667,0.45333333333333337,-4.0
0022400600,15.4,29.9,45.3,22.5,10.9,4.2,11.9,19.3,116.9,5.159999999999999,98.0,0.1345,0.5346,0.5618000000000001,0.5095000000000001,1.8790000000000002,0.3885,0.7081000000000001,0.5346000000000001,0.5055,11.4,34.3,45.7,24.9,8.1,4.9,14.3,21.1,112.5,4.31,98.85,0.158,0.5485,0.5762000000000002,0.5923,1.67,0.3223,0.7323,0.5294000000000001,0.5096999999999999,-11.0
0022501083,8.363636363636363,30.09090909090909,38.45454545454545,30.636363636363637,6.636363636363637,4.2727272727272725,13.727272727272727,20.272727272727273,114.72727272727273,-10.281818181818181,99.5,0.14645454545454548,0.5716363636363636,0.6027272727272727,0.7251818181818181,2.251818181818182,0.2510909090909091,0.643,0.4514545454545455,0.4649090909090909,10.8,32.2,43.0,28.6,8.3,3.8,12.0,20.5,121.3,-3.0599999999999996,103.9,0.12090000000000001,0.5374000000000001,0.5876,0.6858000000000001,2.3379999999999996,0.29019999999999996,0.7176,0.49429999999999996,0.49689999999999995,17.0
0022500357,12.5,32.0,44.5,27.1,8.0,4.6,12.4,20.3,120.5,9.529999999999998,97.6,0.1332,0.5776,0.61,0.6188,2.249,0.3383,0.7026999999999999,0.5252,0.5606,11.8,32.1,43.9,27.0,9.8,5.0,11.3,20.1,122.4,7.7,102.60499999999999,0.11439999999999999,0.5367999999999999,0.5817,0.6054999999999999,2.433,0.3159,0.7379,0.5174000000000001,0.5396000000000001,6.0
0022400422,14.0,34.625,48.625,22.125,7.5,6.25,14.125,17.375,110.75,5.975,98.89625000000001,0.147875,0.519125,0.5543750000000001,0.539375,1.655,0.34462499999999996,0.71775,0.530375,0.516625,10.25,34.375,44.625,26.0,9.5,4.75,14.375,15.375,104.375,-1.375,98.375,0.154375,0.5165,0.5462499999999999,0.67525,1.77125,0.281625,0.7166250000000001,0.494875,0.5058750000000001,-1.0
0022501098,10.272727272727273,31.363636363636363,41.63636363636363,25.181818181818183,9.545454545454545,5.0,11.727272727272727,19.0,120.45454545454545,7.954545454545456,98.41999999999999,0.12881818181818183,0.578909090909091,0.6147272727272727,0.5807272727272728,2.100909090909091,0.30336363636363634,0.6793636363636364,0.4969999999999999,0.5391818181818182,8.833333333333334,29.833333333333332,38.666666666666664,24.583333333333332,7.083333333333333,4.416666666666667,16.166666666666668,25.166666666666668,114.83333333333333,-13.649999999999999,104.0125,0.1595,0.5546666666666668,0.5837499999999999,0.5820833333333333,1.5374999999999999,0.2505,0.6514166666666666,0.4496666666666667,0.4071666666666667,19.0
0022401205,10.777777777777779,35.44444444444444,46.22222222222222,25.444444444444443,7.777777777777778,6.888888888888889,10.555555555555555,17.11111111111111,117.77777777777777,8.71111111111111,100.05555555555556,0.11266666666666666,0.5504444444444443,0.582,0.6176666666666667,2.4966666666666666,0.26633333333333337,0.755,0.5032222222222222,0.5411111111111111,10.333333333333334,31.22222222222222,41.55555555555556,25.666666666666668,7.555555555555555,4.888888888888889,17.333333333333332,19.666666666666668,111.88888888888889,-5.3999999999999995,98.89444444444445,0.17822222222222223,0.5609999999999999,0.5936666666666666,0.6391111111111112,1.4433333333333334,0.3011111111111111,0.7113333333333333,0.5071111111111111,0.47411111111111115,24.0
0022400539,12.833333333333334,31.083333333333332,43.916666666666664,25.0,8.083333333333334,3.0,12.25,17.416666666666668,115.75,3.75,99.11583333333333,0.13191666666666668,0.5410833333333332,0.578,0.5690833333333334,2.1841666666666666,0.31808333333333333,0.7475833333333334,0.5264166666666666,0.52,8.8,37.3,46.1,26.3,9.1,3.9,13.2,17.3,113.0,5.8,101.2,0.1372,0.5566,0.5778000000000001,0.6147,2.044,0.2495,0.7544,0.5057,0.5253,34.0
0022300970,10.4,36.6,47.0,26.1,6.5,5.7,12.5,16.7,112.4,7.2700000000000005,97.75,0.1332,0.5569,0.5887,0.6254,2.137,0.26149999999999995,0.7312000000000001,0.5073,0.5361,14.583333333333334,30.666666666666668,45.25,24.25,8.5,4.0,15.416666666666666,20.166666666666668,107.0,-4.4416666666666655,96.18833333333333,0.16316666666666665,0.5105833333333333,0.5441666666666667,0.5982500000000001,1.5933333333333335,0.3455,0.7021666666666667,0.5129166666666667,0.4653333333333333,19.0
0022400460,15.5,33.625,49.125,22.125,7.375,5.5,14.375,17.5,111.0,4.800000000000001,98.75,0.153375,0.51825,0.548875,0.527875,1.5525,0.35850000000000004,0.70175,0.526875,0.505125,8.777777777777779,32.888888888888886,41.666666666666664,23.333333333333332,8.333333333333334,6.333333333333333,13.777777777777779,16.11111111111111,111.77777777777777,0.5222222222222217,98.54777777777778,0.148,0.5492222222222223,0.5864444444444445,0.583888888888889,1.6433333333333335,0.2513333333333334,0.68,0.4713333333333333,0.4995555555555556,11.0
0022300696,11.083333333333334,31.916666666666668,43.0,30.25,7.833333333333333,6.416666666666667,14.0,17.166666666666668,114.66666666666667,-3.2083333333333326,101.33333333333333,0.14391666666666666,0.5452500000000001,0.5773333333333334,0.7066666666666667,2.2175,0.28958333333333336,0.6984166666666667,0.4908333333333333,0.4973333333333334,10.5,34.0,44.5,26.5,6.9,4.1,12.1,18.1,116.7,-1.0899999999999999,99.4,0.1274,0.5585,0.5916,0.6234,2.307,0.2826,0.7585,0.5179,0.49499999999999994,-1.0
0022300338,10.555555555555555,36.22222222222222,46.77777777777778,26.0,6.0,6.444444444444445,14.0,19.22222222222222,112.77777777777777,6.866666666666665,98.83333333333333,0.151,0.5438888888888889,0.5876666666666667,0.6506666666666666,1.8122222222222222,0.30633333333333335,0.7255555555555556,0.526,0.556111111111111,11.11111111111111,29.88888888888889,41.0,30.11111111111111,7.888888888888889,6.444444444444445,12.444444444444445,23.666666666666668,128.0,2.8666666666666667,104.88888888888889,0.12200000000000001,0.5716666666666668,0.6022222222222223,0.624,2.663333333333333,0.30777777777777776,0.6835555555555555,0.49033333333333334,0.5063333333333334,18.0
0022500758,13.090909090909092,29.454545454545453,42.54545454545455,25.09090909090909,9.454545454545455,5.909090909090909,14.727272727272727,20.0,111.27272727272727,-6.8909090909090915,100.77272727272727,0.1507272727272727,0.5216363636363638,0.5559090909090909,0.6167272727272728,1.68,0.3216363636363636,0.6770909090909091,0.48763636363636365,0.4531818181818182,14.666666666666666,35.916666666666664,50.583333333333336,29.166666666666668,8.75,3.4166666666666665,12.666666666666666,18.166666666666668,119.58333333333333,2.2666666666666657,105.375,0.12508333333333332,0.5121666666666665,0.5520833333333334,0.6765833333333333,2.6750000000000003,0.3124166666666666,0.73975,0.5144166666666666,0.5136666666666667,-31.0
0022400270,8.9,30.2,39.1,27.1,7.4,4.6,11.3,16.1,118.1,2.829999999999999,98.25,0.11839999999999999,0.5678,0.6038,0.6466999999999998,2.568,0.2692,0.6408,0.46399999999999997,0.5236999999999999,12.1,33.2,45.3,30.9,9.1,4.8,14.4,19.1,117.3,2.2299999999999995,102.3,0.1486,0.5559,0.5864,0.7186,2.15,0.3101,0.7054,0.5137,0.5205,-25.0
0022400458,12.444444444444445,33.77777777777778,46.22222222222222,27.555555555555557,8.777777777777779,3.4444444444444446,13.222222222222221,17.444444444444443,118.11111111111111,11.011111111111111,98.87666666666667,0.14388888888888887,0.5606666666666666,0.5941111111111111,0.6282222222222222,2.337777777777778,0.3158888888888889,0.7343333333333333,0.5286666666666666,0.5613333333333334,11.375,33.375,44.75,26.0,6.625,5.0,18.5,18.75,116.125,-6.975,100.75,0.18575,0.579125,0.611625,0.63975,1.47125,0.30774999999999997,0.71425,0.5157499999999999,0.46787500000000004,16.0
0022400520,14.6,36.6,51.2,30.6,9.3,5.6,17.7,19.5,125.7,6.94,106.8,0.17129999999999998,0.5569,0.5917999999999999,0.6872999999999999,1.6940000000000002,0.3559,0.7355,0.5445,0.5309999999999999,15.3,32.5,47.8,21.2,8.3,4.7,12.2,17.9,115.1,6.459999999999999,97.7,0.13489999999999996,0.5305,0.5621,0.48179999999999995,1.8059999999999998,0.37139999999999995,0.7066000000000001,0.5327,0.5112,-4.0
0022500811,13.375,28.875,42.25,25.25,9.0,3.125,11.625,19.625,109.0,-7.4750000000000005,97.1875,0.13187500000000002,0.5351250000000001,0.554125,0.61925,2.1900000000000004,0.3015,0.6461250000000001,0.46325,0.44525000000000003,6.75,31.0,37.75,27.125,11.375,5.0,12.125,20.375,115.0,3.999999999999999,100.75,0.129,0.551875,0.598125,0.69375,2.20875,0.216625,0.70625,0.4615,0.522625,3.0
0022500403,11.777777777777779,31.11111111111111,42.888888888888886,23.11111111111111,8.333333333333334,5.222222222222222,12.0,19.333333333333332,120.0,11.644444444444444,95.55555555555556,0.13988888888888887,0.5913333333333334,0.6218888888888889,0.5252222222222221,1.8333333333333333,0.33788888888888885,0.6693333333333334,0.5082222222222222,0.5428888888888888,11.0,30.375,41.375,23.5,7.625,5.875,11.875,21.625,111.375,-6.425,99.6875,0.12125,0.522875,0.56475,0.59575,2.08,0.26249999999999996,0.67525,0.461,0.468,8.0
0022300954,11.7,33.3,45.0,29.5,8.4,4.0,11.9,19.6,118.3,2.9299999999999997,98.53299999999999,0.1254,0.5631,0.5867,0.6391,2.534,0.30710000000000004,0.7615,0.5292999999999999,0.5046,7.7,34.2,41.9,28.5,5.9,5.5,12.4,14.4,118.9,-0.9899999999999999,100.048,0.1306,0.5938,0.6159,0.6216999999999999,2.6069999999999998,0.2292,0.7123999999999999,0.48369999999999996,0.5053,13.0
0022401053,10.833333333333334,28.0,38.833333333333336,23.166666666666668,9.416666666666666,5.25,13.083333333333334,17.75,114.66666666666667,-10.808333333333332,100.10166666666667,0.13825,0.53875,0.57125,0.5578333333333333,1.7258333333333333,0.292,0.6571666666666666,0.46749999999999997,0.43616666666666665,12.181818181818182,33.54545454545455,45.72727272727273,26.818181818181817,9.090909090909092,6.636363636363637,14.272727272727273,18.272727272727273,111.45454545454545,-8.9,103.0909090909091,0.14163636363636364,0.511,0.5445454545454546,0.6647272727272728,1.9763636363636359,0.28845454545454546,0.6585454545454547,0.4722727272727273,0.46318181818181814,-5.0
0022301068,8.909090909090908,33.54545454545455,42.45454545454545,23.272727272727273,7.454545454545454,3.090909090909091,9.181818181818182,14.727272727272727,101.36363636363636,-1.9000000000000006,93.9090909090909,0.10918181818181819,0.5088181818181818,0.5385454545454545,0.6091818181818182,2.379090909090909,0.24418181818181817,0.7758181818181819,0.4981818181818182,0.48427272727272735,12.25,30.5,42.75,24.083333333333332,6.916666666666667,4.416666666666667,15.416666666666666,18.833333333333332,106.33333333333333,-9.716666666666667,96.99583333333334,0.16283333333333333,0.5258333333333334,0.5556666666666666,0.5912499999999999,1.5916666666666666,0.3127499999999999,0.6904166666666667,0.49874999999999997,0.44625000000000004,60.0
0022401170,10.7,35.5,46.2,25.9,8.2,3.8,12.9,20.1,114.9,-1.3699999999999999,101.35,0.13210000000000002,0.5376000000000001,0.572,0.6208000000000001,2.107,0.2711,0.7373999999999999,0.5006999999999999,0.4894,12.222222222222221,33.22222222222222,45.44444444444444,27.88888888888889,6.777777777777778,5.0,13.666666666666666,19.22222222222222,117.88888888888889,7.677777777777779,96.20444444444445,0.14611111111111114,0.5727777777777778,0.6015555555555555,0.6378888888888888,1.9922222222222221,0.3297777777777778,0.7263333333333333,0.5269999999999999,0.5348888888888889,-16.0
0022400457,8.625,34.875,43.5,22.375,8.875,3.25,14.625,17.625,107.75,0.23749999999999982,98.4625,0.1575,0.5318750000000001,0.574125,0.5952500000000001,1.54,0.23862499999999998,0.733625,0.49074999999999996,0.501125,12.5,30.125,42.625,26.75,10.625,5.125,15.625,21.125,112.0,-9.7125,101.70375,0.15875,0.517,0.551625,0.64375,1.6875,0.31275000000000003,0.672875,0.48250000000000004,0.446,11.0
0022501193,11.363636363636363,31.0,42.36363636363637,25.363636363636363,8.272727272727273,4.7272727272727275,11.272727272727273,19.545454545454547,116.45454545454545,-8.600000000000001,103.02727272727272,0.1139090909090909,0.5086363636363637,0.5538181818181818,0.6129090909090908,2.679090909090909,0.2561818181818182,0.6976363636363636,0.46236363636363637,0.4524545454545454,10.272727272727273,35.27272727272727,45.54545454545455,26.818181818181817,7.818181818181818,4.909090909090909,15.818181818181818,20.545454545454547,118.45454545454545,-9.018181818181818,106.86363636363636,0.15254545454545457,0.5355454545454545,0.5732727272727274,0.6320909090909091,1.739090909090909,0.28681818181818186,0.7010000000000001,0.49499999999999994,0.45963636363636373,21.0
0022500045,13.2,27.5,40.7,23.0,8.4,2.6,13.5,19.5,107.5,-13.439999999999998,98.25,0.14730000000000001,0.5047000000000001,0.5448999999999999,0.6022,1.6580000000000001,0.30510000000000004,0.6618,0.4685,0.4175,9.727272727272727,30.727272727272727,40.45454545454545,25.90909090909091,9.272727272727273,3.4545454545454546,15.545454545454545,20.363636363636363,116.54545454545455,-0.3727272727272722,100.63636363636364,0.16345454545454546,0.5669090909090909,0.6114545454545455,0.6247272727272727,1.6799999999999997,0.3098181818181818,0.6945454545454545,0.508,0.507909090909091,-14.0
0022401188,9.727272727272727,32.27272727272727,42.0,26.363636363636363,7.454545454545454,3.272727272727273,14.545454545454545,20.90909090909091,103.27272727272727,-13.781818181818183,99.77272727272727,0.15518181818181817,0.5106363636363637,0.5427272727272726,0.7099090909090909,1.8863636363636365,0.24881818181818183,0.742909090909091,0.4783636363636364,0.4168181818181818,10.666666666666666,30.5,41.166666666666664,29.0,9.083333333333334,3.9166666666666665,12.5,17.166666666666668,113.08333333333333,4.608333333333333,96.15666666666668,0.1445,0.561,0.589,0.6729166666666666,2.1825,0.3104166666666667,0.7147500000000001,0.5135833333333334,0.5379999999999999,-8.0
0022501125,9.166666666666666,25.916666666666668,35.083333333333336,25.0,10.0,3.9166666666666665,14.0,20.083333333333332,110.83333333333333,-15.0,101.16666666666667,0.1435,0.5263333333333334,0.5649166666666666,0.6355833333333333,1.8933333333333333,0.2620833333333334,0.5931666666666667,0.41958333333333336,0.4143333333333333,10.181818181818182,30.09090909090909,40.27272727272727,33.0,9.818181818181818,5.181818181818182,12.727272727272727,22.454545454545453,119.9090909090909,4.490909090909091,99.72727272727273,0.13727272727272727,0.5885454545454546,0.6119090909090908,0.722909090909091,2.5018181818181815,0.3071818181818182,0.7070909090909091,0.509,0.5410909090909091,-32.0
0022400753,15.833333333333334,30.166666666666668,46.0,23.333333333333332,8.583333333333334,4.5,13.333333333333334,20.333333333333332,110.83333333333333,-1.5416666666666667,97.33333333333333,0.14741666666666667,0.5084166666666667,0.5406666666666666,0.57125,1.8150000000000002,0.38608333333333333,0.6675,0.52075,0.47741666666666666,9.5,32.4,41.9,29.8,8.7,5.0,13.3,22.4,111.9,1.65,99.4,0.1371,0.5457000000000001,0.5780000000000001,0.716,2.347,0.262,0.6779,0.4747,0.5206,7.0
0022500414,10.666666666666666,34.111111111111114,44.77777777777778,25.555555555555557,7.444444444444445,5.555555555555555,12.555555555555555,16.555555555555557,112.77777777777777,-4.722222222222222,101.44444444444444,0.127,0.5238888888888888,0.5565555555555556,0.6154444444444445,2.1144444444444446,0.28288888888888886,0.7413333333333333,0.5037777777777778,0.48077777777777775,11.11111111111111,30.0,41.111111111111114,28.666666666666668,7.888888888888889,4.777777777777778,15.444444444444445,21.11111111111111,103.88888888888889,-7.688888888888889,97.22222222222223,0.16477777777777777,0.522888888888889,0.5448888888888889,0.7154444444444443,1.8322222222222224,0.31666666666666665,0.6881111111111111,0.4926666666666667,0.45944444444444443,-21.0
0022400370,13.125,31.625,44.75,28.875,7.375,6.125,14.25,16.625,111.125,-9.9125,100.1875,0.14625,0.517625,0.5542499999999999,0.7281249999999999,1.99375,0.30799999999999994,0.7242500000000001,0.501,0.45775,13.666666666666666,36.666666666666664,50.333333333333336,30.444444444444443,9.0,5.0,14.666666666666666,19.444444444444443,117.44444444444444,3.4555555555555557,103.46666666666667,0.15266666666666664,0.5284444444444445,0.5647777777777778,0.6982222222222222,1.9866666666666666,0.333111111111111,0.7351111111111112,0.5336666666666667,0.5295555555555554,7.0
0022500676,14.11111111111111,34.22222222222222,48.333333333333336,28.555555555555557,7.0,6.333333333333333,16.22222222222222,18.88888888888889,112.0,-2.0444444444444443,100.44444444444444,0.1668888888888889,0.5205555555555557,0.5553333333333332,0.6974444444444443,1.7622222222222224,0.34933333333333333,0.6623333333333332,0.5096666666666667,0.48944444444444446,13.636363636363637,35.27272727272727,48.90909090909091,28.0,6.454545454545454,4.0,15.181818181818182,19.181818181818183,117.0909090909091,12.30909090909091,96.68181818181819,0.16454545454545455,0.5700000000000001,0.600909090909091,0.6556363636363637,1.8581818181818184,0.3777272727272727,0.7311818181818182,0.562,0.5575454545454547,-15.0
0022500259,10.0,34.4,44.4,28.7,9.2,5.2,14.8,22.3,123.3,10.0,102.25,0.1495,0.5908,0.6253,0.6507000000000001,1.9730000000000003,0.2978,0.6801999999999999,0.5012,0.5648,10.8,31.9,42.7,25.3,6.4,5.8,17.3,23.8,111.8,-18.7,102.108,0.16949999999999998,0.5313000000000001,0.5624999999999999,0.6144000000000001,1.476,0.27490000000000003,0.6494,0.46069999999999994,0.39730000000000004,11.0
0022501224,11.0,32.888888888888886,43.888888888888886,29.77777777777778,7.111111111111111,3.3333333333333335,13.777777777777779,21.333333333333332,116.77777777777777,-8.488888888888889,103.38888888888889,0.13555555555555557,0.5352222222222224,0.5727777777777777,0.7088888888888889,2.1566666666666663,0.2787777777777778,0.7037777777777778,0.4875555555555555,0.46888888888888897,9.375,31.25,40.625,27.625,8.25,4.625,11.625,18.25,117.0,1.0624999999999996,99.8125,0.123,0.5635,0.59175,0.6185,2.4,0.27112499999999995,0.71525,0.487,0.5021249999999999,7.0
0022300663,11.727272727272727,31.545454545454547,43.27272727272727,27.0,8.545454545454545,6.090909090909091,13.909090909090908,18.363636363636363,109.0,-2.2545454545454544,98.0909090909091,0.1489090909090909,0.5266363636363637,0.5606363636363637,0.7012727272727273,1.9163636363636365,0.2960909090909091,0.7003636363636364,0.4908181818181818,0.4833636363636364,10.1,31.5,41.6,28.8,6.5,4.9,11.6,18.7,120.3,0.39000000000000057,99.579,0.1206,0.5702999999999999,0.5966,0.6405,2.5189999999999997,0.28140000000000004,0.7127,0.4948,0.502,-9.0
0022401034,15.727272727272727,33.27272727272727,49.0,23.09090909090909,7.818181818181818,4.636363636363637,15.454545454545455,17.636363636363637,114.54545454545455,2.0363636363636357,98.87454545454544,0.15990909090909092,0.5235454545454545,0.5571818181818182,0.5574545454545454,1.597272727272727,0.3653636363636364,0.6913636363636363,0.5202727272727272,0.4881818181818182,12.6,32.3,44.9,25.7,8.1,5.5,10.8,15.6,114.1,10.0,93.9,0.1216,0.5625,0.5945,0.6287,2.3729999999999998,0.30860000000000004,0.7053,0.5085,0.5486,-13.0
0022500017,11.11111111111111,33.55555555555556,44.666666666666664,26.22222222222222,12.0,8.11111111111111,16.666666666666668,20.666666666666668,111.44444444444444,10.888888888888891,99.88888888888889,0.17388888888888887,0.5474444444444444,0.583,0.6392222222222222,1.6644444444444444,0.3144444444444444,0.7173333333333333,0.5245555555555556,0.5674444444444444,12.909090909090908,34.36363636363637,47.27272727272727,23.636363636363637,7.0,5.454545454545454,11.181818181818182,16.272727272727273,117.72727272727273,9.081818181818184,96.45454545454545,0.12199999999999998,0.5611818181818182,0.5887272727272728,0.5379090909090908,2.3000000000000003,0.3407272727272727,0.7345454545454545,0.5394545454545455,0.5205454545454545,1.0
0022400776,12.727272727272727,31.0,43.72727272727273,26.636363636363637,8.545454545454545,5.818181818181818,13.181818181818182,17.454545454545453,118.0909090909091,9.281818181818183,98.36363636363636,0.14018181818181816,0.5578181818181819,0.5981818181818181,0.629,2.0472727272727274,0.32363636363636356,0.7016363636363637,0.5152727272727271,0.5407272727272727,9.181818181818182,34.09090909090909,43.27272727272727,26.90909090909091,6.0,4.363636363636363,11.818181818181818,18.454545454545453,116.36363636363636,-4.090909090909091,100.95454545454545,0.12009090909090908,0.5586363636363637,0.5873636363636364,0.633,2.4063636363636367,0.23572727272727273,0.6892727272727271,0.47127272727272723,0.4784545454545455,-2.0
0022301203,8.636363636363637,36.81818181818182,45.45454545454545,27.454545454545453,7.545454545454546,5.545454545454546,15.363636363636363,15.727272727272727,113.9090909090909,2.4181818181818184,101.5,0.16054545454545455,0.5632727272727273,0.5973636363636364,0.6507272727272727,1.747272727272727,0.26299999999999996,0.743181818181818,0.5201818181818182,0.536,10.0,31.5,41.5,27.0,6.5,7.3,12.2,20.1,120.5,6.840000000000001,95.65,0.13390000000000002,0.562,0.6173,0.6454,2.204,0.3267,0.679,0.5097,0.5478,3.0
0022400948,8.545454545454545,33.63636363636363,42.18181818181818,27.272727272727273,7.181818181818182,3.4545454545454546,12.363636363636363,16.272727272727273,110.45454545454545,1.0636363636363633,95.94999999999999,0.1380909090909091,0.554,0.5889090909090909,0.6684545454545455,2.1336363636363633,0.24972727272727271,0.7467272727272728,0.5010909090909091,0.5041818181818182,9.454545454545455,30.545454545454547,40.0,25.818181818181817,9.181818181818182,5.0,11.727272727272727,19.727272727272727,110.9090909090909,-3.1454545454545455,96.28727272727271,0.12763636363636363,0.5457272727272726,0.5794545454545454,0.6308181818181818,2.212727272727273,0.2633636363636364,0.7076363636363636,0.4801818181818182,0.482,-15.0
0022301090,9.5,31.3,40.8,25.9,8.2,5.1,13.3,16.4,108.3,7.5600000000000005,96.35,0.1538,0.5584,0.5879999999999999,0.6436,1.777,0.26199999999999996,0.748,0.5084,0.5319,10.909090909090908,30.454545454545453,41.36363636363637,23.272727272727273,6.545454545454546,4.2727272727272725,16.09090909090909,19.181818181818183,102.0909090909091,-15.200000000000001,97.5,0.17036363636363636,0.5165454545454545,0.5449999999999999,0.5852727272727273,1.5063636363636363,0.2949090909090909,0.7026363636363636,0.49345454545454537,0.42209090909090907,1.0
0022300494,8.363636363636363,31.545454545454547,39.90909090909091,26.636363636363637,7.7272727272727275,6.181818181818182,12.090909090909092,18.90909090909091,114.54545454545455,-9.772727272727273,102.68181818181819,0.12318181818181818,0.5464545454545454,0.572,0.6153636363636364,2.3745454545454545,0.224,0.647818181818182,0.4385454545454545,0.4547272727272728,10.916666666666666,33.833333333333336,44.75,23.833333333333332,6.916666666666667,4.5,12.916666666666666,20.5,120.5,3.3083333333333336,100.20833333333333,0.13591666666666669,0.5571666666666666,0.6009999999999999,0.5475833333333333,1.8066666666666666,0.3119166666666666,0.7404999999999999,0.527,0.5077499999999999,-16.0
0022500472,14.88888888888889,31.22222222222222,46.111111111111114,28.444444444444443,11.555555555555555,6.444444444444445,13.666666666666666,23.77777777777778,120.22222222222223,9.222222222222221,100.44777777777777,0.1443333333333333,0.5474444444444444,0.5786666666666667,0.6216666666666666,2.0122222222222224,0.3814444444444444,0.6773333333333333,0.5298888888888889,0.5488888888888889,13.0,33.875,46.875,27.0,10.375,3.625,12.75,16.375,118.625,1.9874999999999998,102.375,0.132625,0.5289999999999999,0.566625,0.616625,2.1937499999999996,0.32825,0.745125,0.523,0.506875,-6.0
0022400849,10.625,36.375,47.0,26.75,8.375,5.0,14.25,19.0,116.5,7.1625,102.0,0.14800000000000002,0.559375,0.5974999999999999,0.6441250000000001,1.9124999999999999,0.274125,0.719125,0.510375,0.546,14.666666666666666,33.77777777777778,48.44444444444444,24.333333333333332,6.666666666666667,5.111111111111111,12.222222222222221,18.88888888888889,117.88888888888889,2.8666666666666663,100.40555555555555,0.12333333333333335,0.5114444444444444,0.5596666666666666,0.5895555555555556,2.01,0.3318888888888889,0.7314444444444445,0.5238888888888888,0.5085555555555555,9.0
0022300907,12.5,35.5,48.0,31.5,7.5,5.4,14.3,16.6,115.9,2.9300000000000006,101.65,0.14450000000000002,0.5494,0.5694,0.7132,2.3419999999999996,0.3113,0.7279000000000001,0.5174,0.518,11.875,33.875,45.75,26.25,7.5,3.0,10.75,17.5,110.875,-2.875,96.4675,0.11887500000000001,0.509,0.5487500000000001,0.6363749999999999,2.43125,0.307625,0.72675,0.510625,0.48950000000000005,-3.0
0022301161,8.181818181818182,33.90909090909091,42.09090909090909,25.636363636363637,7.818181818181818,3.3636363636363638,10.454545454545455,15.454545454545455,112.18181818181819,8.299999999999999,95.39636363636365,0.11800000000000001,0.5500909090909091,0.5906363636363636,0.6332727272727273,2.510909090909091,0.23436363636363639,0.7518181818181818,0.4981818181818182,0.5364545454545454,8.545454545454545,37.45454545454545,46.0,28.181818181818183,7.454545454545454,6.090909090909091,12.454545454545455,17.727272727272727,118.0909090909091,12.272727272727273,100.3990909090909,0.125,0.5781818181818182,0.6033636363636364,0.6504545454545455,2.500909090909091,0.22236363636363637,0.7626363636363636,0.5054545454545455,0.5573636363636364,-19.0
0022500867,12.571428571428571,33.714285714285715,46.285714285714285,28.571428571428573,12.142857142857142,3.857142857142857,17.857142857142858,21.857142857142858,115.57142857142857,-3.628571428571429,106.71428571428571,0.169,0.5354285714285714,0.5712857142857143,0.6694285714285714,1.6685714285714286,0.2958571428571429,0.7212857142857142,0.5078571428571429,0.4895714285714286,10.571428571428571,32.714285714285715,43.285714285714285,27.142857142857142,8.285714285714286,6.142857142857143,14.857142857142858,20.571428571428573,119.42857142857143,3.3000000000000003,102.00857142857141,0.148,0.5732857142857143,0.6067142857142857,0.6167142857142858,1.8114285714285716,0.29328571428571426,0.6405714285714286,0.48071428571428576,0.53,-10.0
0022300709,7.909090909090909,33.36363636363637,41.27272727272727,27.181818181818183,6.818181818181818,5.0,13.454545454545455,18.727272727272727,112.0909090909091,5.79090909090909,96.72727272727273,0.14709090909090908,0.5854545454545454,0.612,0.660909090909091,2.1327272727272724,0.26945454545454545,0.7703636363636366,0.5269090909090909,0.5373636363636364,11.909090909090908,35.18181818181818,47.09090909090909,25.90909090909091,8.545454545454545,5.454545454545454,11.636363636363637,20.545454545454547,118.0,-0.21818181818181806,101.30545454545455,0.11618181818181818,0.5289090909090909,0.5646363636363637,0.5808181818181819,2.408181818181818,0.2705454545454546,0.7308181818181818,0.4986363636363636,0.5017272727272728,21.0
0022400584,10.818181818181818,37.72727272727273,48.54545454545455,30.09090909090909,7.818181818181818,4.818181818181818,14.181818181818182,17.272727272727273,118.27272727272727,-0.8000000000000003,103.89,0.1419090909090909,0.5576363636363635,0.5796363636363637,0.6642727272727272,2.16,0.268,0.7165454545454546,0.5005454545454545,0.49854545454545457,12.0,37.875,49.875,24.375,8.125,4.75,15.875,17.75,107.0,-2.8375,100.97375,0.163625,0.496625,0.535375,0.635625,1.4762499999999998,0.27875,0.75475,0.516,0.485375,-2.0
0022301058,11.0,32.7,43.7,24.6,5.1,4.6,13.3,16.6,110.1,-13.87,97.85,0.1407,0.5267000000000002,0.5675,0.6053,1.874,0.2918,0.7437,0.5133,0.44279999999999997,10.727272727272727,34.72727272727273,45.45454545454545,28.363636363636363,6.909090909090909,6.636363636363637,14.181818181818182,16.363636363636363,109.18181818181819,-4.554545454545456,100.06090909090909,0.14763636363636362,0.5211818181818183,0.5569999999999999,0.6983636363636363,2.026363636363637,0.2741818181818182,0.750090909090909,0.5056363636363638,0.4829999999999999,-7.0
0022400898,11.222222222222221,30.666666666666668,41.888888888888886,26.333333333333332,11.666666666666666,3.888888888888889,12.555555555555555,20.555555555555557,112.11111111111111,-3.4333333333333336,97.75666666666666,0.13744444444444442,0.529,0.5691111111111112,0.6461111111111112,2.085555555555556,0.30277777777777776,0.7235555555555556,0.501,0.490888888888889,10.555555555555555,35.77777777777778,46.333333333333336,30.666666666666668,10.555555555555555,6.888888888888889,15.11111111111111,21.0,124.88888888888889,15.077777777777776,104.11111111111111,0.15811111111111112,0.5915555555555555,0.6236666666666667,0.665,1.9688888888888887,0.3097777777777778,0.7135555555555555,0.5263333333333333,0.6043333333333334,8.0
0022300825,14.571428571428571,34.285714285714285,48.857142857142854,28.428571428571427,6.428571428571429,5.285714285714286,16.142857142857142,19.428571428571427,119.28571428571429,-6.1571428571428575,101.5,0.16042857142857142,0.5425714285714286,0.5835714285714285,0.6652857142857143,1.7799999999999998,0.37228571428571433,0.7551428571428571,0.5565714285714285,0.4757142857142857,10.5,32.875,43.375,29.75,7.75,6.0,12.875,13.75,109.25,-8.8875,101.75,0.134125,0.509625,0.54325,0.719125,2.33,0.260875,0.74175,0.48775,0.46637500000000004,19.0
0022400656,13.0,34.0,47.0,26.181818181818183,7.363636363636363,5.363636363636363,13.454545454545455,17.90909090909091,114.81818181818181,6.509090909090909,97.0,0.1451818181818182,0.5594545454545455,0.5932727272727273,0.6368181818181818,1.9709090909090912,0.3289090909090909,0.6777272727272726,0.5122727272727272,0.5400909090909091,12.777777777777779,32.0,44.77777777777778,27.77777777777778,10.666666666666666,5.333333333333333,14.555555555555555,18.88888888888889,113.0,-2.633333333333333,102.68555555555557,0.1507777777777778,0.5155555555555555,0.5505555555555556,0.6771111111111111,1.9944444444444447,0.29977777777777775,0.7214444444444446,0.4925555555555555,0.47611111111111115,8.0
0022400334,13.181818181818182,36.18181818181818,49.36363636363637,31.0,9.818181818181818,5.818181818181818,16.09090909090909,18.09090909090909,117.0909090909091,2.0545454545454547,105.72727272727273,0.16399999999999998,0.5283636363636363,0.5660909090909091,0.7187272727272727,1.929090909090909,0.3302727272727272,0.7205454545454546,0.5243636363636365,0.5298181818181819,9.545454545454545,30.272727272727273,39.81818181818182,25.545454545454547,7.909090909090909,4.090909090909091,12.727272727272727,14.363636363636363,105.27272727272727,-9.063636363636363,96.77272727272727,0.1339090909090909,0.5289090909090909,0.5602727272727273,0.650909090909091,2.1936363636363634,0.2496363636363636,0.6978181818181818,0.4696363636363637,0.46718181818181814,2.0
0022401073,11.583333333333334,31.916666666666668,43.5,30.666666666666668,7.583333333333333,5.083333333333333,12.916666666666666,18.833333333333332,119.5,-4.125,99.47666666666667,0.13408333333333336,0.5716666666666667,0.5989166666666667,0.6767500000000001,2.549166666666667,0.3254166666666667,0.7014166666666667,0.5149166666666667,0.48833333333333334,9.833333333333334,34.166666666666664,44.0,24.75,6.25,4.0,17.583333333333332,18.833333333333332,108.5,-12.941666666666668,102.45833333333333,0.17783333333333332,0.5308333333333334,0.5605833333333333,0.6306666666666667,1.4291666666666665,0.27358333333333335,0.6836666666666665,0.4856666666666667,0.42816666666666664,36.0
0022500232,10.272727272727273,32.09090909090909,42.36363636363637,27.181818181818183,8.0,5.090909090909091,14.454545454545455,22.272727272727273,121.72727272727273,5.481818181818181,100.77272727272727,0.14781818181818182,0.5865454545454546,0.622090909090909,0.6253636363636363,1.9090909090909087,0.30827272727272725,0.6660909090909091,0.49545454545454537,0.5338181818181819,12.1,35.7,47.8,29.2,8.1,3.6,12.8,19.8,123.9,15.220000000000002,101.1,0.1385,0.5722999999999999,0.6182000000000001,0.6498,2.2820000000000005,0.3377,0.7276,0.5429,0.5926000000000001,-11.0
0022500012,12.875,31.0,43.875,22.875,7.0,5.125,12.75,21.375,114.25,-7.35,98.0,0.131875,0.5353749999999999,0.576125,0.5622499999999999,2.075,0.307625,0.6793750000000001,0.48962500000000003,0.45875,15.0,32.77777777777778,47.77777777777778,26.22222222222222,7.666666666666667,6.111111111111111,17.0,19.77777777777778,118.0,1.511111111111111,95.74777777777778,0.18255555555555555,0.5703333333333334,0.6003333333333333,0.5847777777777777,1.4944444444444445,0.4007777777777778,0.7072222222222222,0.5582222222222222,0.5282222222222223,-23.0
0022400760,9.363636363636363,34.90909090909091,44.27272727272727,28.09090909090909,5.7272727272727275,4.2727272727272725,10.545454545454545,17.636363636363637,117.45454545454545,-1.4636363636363632,100.27272727272727,0.10936363636363637,0.5594545454545454,0.5877272727272728,0.6554545454545454,2.727272727272727,0.23945454545454548,0.7007272727272728,0.4772727272727272,0.49572727272727274,12.0,31.545454545454547,43.54545454545455,30.181818181818183,7.454545454545454,3.727272727272727,12.363636363636363,20.90909090909091,113.81818181818181,-2.190909090909091,99.68181818181819,0.1298181818181818,0.5273636363636364,0.5589090909090909,0.7568181818181817,2.440909090909091,0.3118181818181819,0.746,0.5105454545454546,0.4758181818181819,-14.0
0022300219,8.1,29.6,37.7,27.6,8.8,4.6,15.0,20.8,113.6,-8.52,103.4,0.1467,0.5519000000000001,0.5797999999999999,0.6409,1.8980000000000001,0.22279999999999997,0.6507,0.43479999999999996,0.4563,7.75,33.666666666666664,41.416666666666664,24.25,7.083333333333333,5.416666666666667,13.583333333333334,19.75,119.25,2.3666666666666663,101.70833333333333,0.13708333333333336,0.5755,0.6104166666666667,0.5737500000000001,1.9316666666666666,0.23033333333333336,0.6915833333333333,0.47400000000000003,0.5053333333333333,-13.0
0022300279,11.3,31.8,43.1,26.6,6.4,6.7,12.4,20.6,119.6,5.45,95.25,0.1356,0.5581,0.6096000000000001,0.6372000000000001,2.1670000000000003,0.3362,0.6807,0.5134000000000001,0.5342,12.4,31.4,43.8,28.9,5.9,4.0,12.1,20.1,112.5,-0.44999999999999973,97.1,0.1298,0.5425,0.5692999999999999,0.6721999999999999,2.8049999999999997,0.31739999999999996,0.7186999999999999,0.5111999999999999,0.489,-8.0
0022500562,12.454545454545455,29.0,41.45454545454545,24.181818181818183,8.363636363636363,4.818181818181818,13.181818181818182,20.0,106.72727272727273,-13.454545454545455,97.37636363636365,0.13872727272727278,0.5053636363636363,0.5416363636363637,0.6006363636363635,1.9500000000000002,0.31263636363636366,0.6374545454545455,0.4692727272727273,0.4365454545454545,9.777777777777779,30.0,39.77777777777778,24.88888888888889,8.88888888888889,3.7777777777777777,15.666666666666666,20.333333333333332,109.55555555555556,-6.422222222222222,98.72222222222223,0.16322222222222224,0.5548888888888889,0.585,0.6215555555555556,1.6099999999999999,0.2946666666666667,0.691888888888889,0.494,0.4676666666666666,12.0
0022500687,11.75,29.375,41.125,26.125,8.25,5.25,13.5,18.375,109.875,-8.162499999999998,99.0,0.141875,0.50625,0.5511250000000001,0.655875,2.1225,0.333625,0.72275,0.510375,0.458875,12.090909090909092,30.545454545454547,42.63636363636363,30.454545454545453,7.909090909090909,5.2727272727272725,12.727272727272727,20.272727272727273,112.0,-0.9000000000000002,97.58272727272728,0.13263636363636364,0.5222727272727272,0.5628181818181818,0.7373636363636364,2.580909090909091,0.31272727272727274,0.7058181818181819,0.5001818181818182,0.5072727272727273,10.0
0022300324,10.555555555555555,33.111111111111114,43.666666666666664,27.333333333333332,5.888888888888889,2.7777777777777777,12.777777777777779,20.444444444444443,117.88888888888889,-0.9333333333333331,101.22222222222223,0.13,0.5493333333333333,0.5852222222222222,0.6561111111111112,2.134444444444444,0.2767777777777778,0.745,0.49922222222222223,0.47711111111111104,9.875,30.75,40.625,25.0,9.0,6.75,9.0,21.875,121.75,5.9125,100.9625,0.100625,0.542125,0.5867500000000001,0.579,2.8687500000000004,0.25575000000000003,0.666,0.46099999999999997,0.5226250000000001,5.0
0022301098,9.88888888888889,31.22222222222222,41.111111111111114,27.77777777777778,9.11111111111111,5.888888888888889,10.11111111111111,15.88888888888889,111.0,9.533333333333333,95.0,0.1158888888888889,0.569,0.5893333333333334,0.6673333333333333,2.6599999999999997,0.24777777777777776,0.7226666666666667,0.483111111111111,0.5478888888888889,12.0,33.4,45.4,24.1,8.2,5.2,11.2,19.1,121.6,9.24,99.589,0.11920000000000001,0.5583000000000001,0.5941,0.5436,2.178,0.3073,0.7256999999999999,0.5168999999999999,0.5353,7.0
0022300342,11.333333333333334,33.333333333333336,44.666666666666664,28.444444444444443,6.222222222222222,3.111111111111111,13.0,20.11111111111111,119.66666666666667,0.3888888888888887,102.22222222222223,0.12966666666666668,0.5541111111111111,0.5853333333333333,0.6598888888888889,2.19,0.2889999999999999,0.7394444444444445,0.5034444444444444,0.48711111111111116,12.0,34.3,46.3,26.4,7.2,6.8,15.9,18.9,107.7,-8.110000000000003,98.759,0.1698,0.5109,0.5464999999999999,0.6695,1.6920000000000002,0.3241,0.7057,0.5141,0.4643,21.0
0022300345,10.0,34.5,44.5,29.625,6.5,5.875,15.0,18.875,112.125,-5.3375,102.625,0.15075,0.5293749999999999,0.5636249999999999,0.721125,2.0775,0.265875,0.725375,0.494125,0.47175,11.6,32.1,43.7,26.9,9.0,4.3,12.5,19.3,116.6,1.4599999999999995,100.0,0.1318,0.5423,0.5888,0.6473,2.15,0.29610000000000003,0.7297,0.5104,0.5143,-36.0
0022300603,10.545454545454545,34.36363636363637,44.90909090909091,23.818181818181817,8.090909090909092,4.818181818181818,11.545454545454545,20.272727272727273,113.45454545454545,-4.245454545454546,100.02272727272727,0.11572727272727272,0.5177272727272727,0.5556363636363636,0.5762727272727273,2.170909090909091,0.24790909090909088,0.7301818181818182,0.484090909090909,0.4747272727272728,10.636363636363637,37.54545454545455,48.18181818181818,24.545454545454547,5.545454545454546,6.454545454545454,10.818181818181818,17.363636363636363,120.72727272727273,9.354545454545454,100.24454545454546,0.11427272727272729,0.5542727272727273,0.5936363636363636,0.5878181818181818,2.5872727272727274,0.27481818181818185,0.7407272727272727,0.5137272727272727,0.537,-9.0
0022501084,9.25,28.083333333333332,37.333333333333336,23.416666666666668,9.0,5.083333333333333,17.166666666666668,26.25,102.66666666666667,-12.450000000000001,99.54166666666667,0.17625,0.5089166666666666,0.5549166666666667,0.6510833333333333,1.5191666666666668,0.25858333333333333,0.659,0.45125,0.41050000000000003,11.090909090909092,33.0,44.09090909090909,28.0,6.181818181818182,4.181818181818182,12.454545454545455,18.90909090909091,113.72727272727273,-6.699999999999999,99.86363636363636,0.1329090909090909,0.5510909090909091,0.5803636363636363,0.6489999999999999,2.6636363636363636,0.2804545454545455,0.7247272727272727,0.5026363636363637,0.47690909090909095,17.0
0022400058,9.375,32.0,41.375,29.75,8.375,4.375,13.0,17.875,114.375,-0.1499999999999999,100.125,0.137625,0.5651250000000001,0.587875,0.676125,2.25375,0.27425,0.685125,0.48749999999999993,0.51275,13.222222222222221,36.666666666666664,49.888888888888886,29.555555555555557,8.444444444444445,5.222222222222222,14.0,19.555555555555557,110.44444444444444,-0.11111111111111072,102.05555555555556,0.14200000000000002,0.516,0.5376666666666667,0.7296666666666667,2.1566666666666667,0.297,0.755,0.5152222222222222,0.4942222222222223,4.0
0022400947,16.2,32.2,48.4,26.2,7.8,3.4,14.0,21.4,111.7,0.1400000000000002,98.946,0.1512,0.504,0.5427000000000001,0.6531,1.8439999999999999,0.3468000000000001,0.7022000000000002,0.5143,0.48650000000000004,12.3,29.1,41.4,24.5,8.8,4.1,12.9,17.7,111.6,-11.05,99.35,0.13310000000000005,0.5198,0.5563,0.5976,1.9610000000000003,0.3112,0.674,0.48129999999999995,0.44580000000000003,13.0
0022500543,8.181818181818182,29.90909090909091,38.09090909090909,27.181818181818183,7.545454545454546,3.727272727272727,14.363636363636363,23.545454545454547,112.27272727272727,-10.236363636363638,102.9090909090909,0.14345454545454545,0.5448181818181818,0.5785454545454546,0.6566363636363636,1.9918181818181822,0.22100000000000006,0.7059090909090909,0.45709090909090905,0.4440909090909091,13.3,32.5,45.8,28.3,10.7,3.3,13.8,18.0,119.9,0.4800000000000004,104.7,0.1416,0.5274,0.5637000000000001,0.6479,2.097,0.3302,0.7487,0.518,0.4873,24.0
0022300749,9.7,33.8,43.5,27.8,7.8,5.2,11.1,17.8,122.1,7.780000000000001,99.5,0.12209999999999999,0.583,0.6213,0.6264,2.5359999999999996,0.27499999999999997,0.6956,0.4992,0.5443999999999999,9.7,32.9,42.6,26.5,4.6,4.1,13.0,20.0,119.1,-1.19,100.005,0.1365,0.5700000000000001,0.6060000000000001,0.6173,2.101,0.27020000000000005,0.7404,0.5085,0.48170000000000013,6.0
0022400239,13.272727272727273,30.454545454545453,43.72727272727273,20.636363636363637,9.272727272727273,5.7272727272727275,15.636363636363637,18.545454545454547,107.45454545454545,-4.99090909090909,99.58090909090907,0.16263636363636363,0.5046363636363637,0.5413636363636364,0.5187272727272727,1.4054545454545455,0.3336363636363636,0.6730909090909092,0.49518181818181817,0.4565454545454546,12.363636363636363,31.545454545454547,43.90909090909091,29.181818181818183,10.363636363636363,4.7272727272727275,15.272727272727273,18.545454545454547,116.18181818181819,-5.327272727272727,104.0,0.15172727272727274,0.5333636363636364,0.5667272727272726,0.6799999999999998,1.9836363636363634,0.31936363636363635,0.7088181818181818,0.5080909090909091,0.484,4.0
0022300409,12.0,37.1,49.1,23.7,6.9,4.3,13.1,21.9,114.1,4.799999999999999,99.128,0.1379,0.5158,0.5661,0.6003999999999999,1.8329999999999997,0.313,0.7093,0.5173,0.5405,11.3,29.2,40.5,31.1,8.0,6.7,13.4,22.0,122.3,-3.46,103.1,0.1336,0.5719000000000001,0.6015,0.6734,2.492,0.30169999999999997,0.6839000000000001,0.4873,0.48939999999999995,-6.0
0022500973,10.0,35.18181818181818,45.18181818181818,31.0,7.2727272727272725,6.636363636363637,12.272727272727273,20.818181818181817,122.45454545454545,9.836363636363636,102.0,0.1309090909090909,0.5860909090909091,0.6131818181818182,0.7073636363636364,2.5900000000000003,0.2721818181818182,0.7289090909090908,0.5111818181818183,0.5449999999999999,14.727272727272727,32.45454545454545,47.18181818181818,27.181818181818183,8.636363636363637,4.7272727272727275,13.181818181818182,19.636363636363637,117.18181818181819,12.036363636363633,95.5909090909091,0.1467272727272727,0.5630000000000001,0.5944545454545455,0.6635454545454545,2.1427272727272726,0.367090909090909,0.7223636363636363,0.5401818181818181,0.543,13.0
0022300841,8.0,33.0,41.0,27.285714285714285,8.142857142857142,8.285714285714286,11.0,19.428571428571427,125.85714285714286,8.571428571428571,103.35714285714286,0.119,0.6027142857142858,0.6319999999999999,0.5925714285714285,2.2600000000000002,0.23114285714285715,0.6774285714285713,0.468,0.5404285714285714,15.5,34.125,49.625,22.75,7.125,4.5,15.875,20.0,111.625,-6.862500000000001,100.75,0.16162500000000002,0.512375,0.544375,0.57325,1.49875,0.373375,0.72925,0.542,0.451875,17.0
0022400667,9.272727272727273,36.63636363636363,45.90909090909091,28.09090909090909,6.545454545454546,4.0,12.909090909090908,14.727272727272727,110.0909090909091,0.05454545454545435,97.20727272727272,0.13863636363636364,0.5446363636363636,0.5759090909090909,0.6892727272727271,2.299090909090909,0.2420909090909091,0.7391818181818182,0.4983636363636364,0.5041818181818182,12.636363636363637,32.45454545454545,45.09090909090909,28.454545454545453,6.7272727272727275,3.8181818181818183,12.545454545454545,17.727272727272727,119.54545454545455,2.463636363636363,98.9090909090909,0.12918181818181818,0.5572727272727271,0.5920000000000001,0.6700909090909092,2.3445454545454543,0.32472727272727275,0.7018181818181817,0.5094545454545454,0.5129090909090909,-20.0
0022301099,10.727272727272727,33.36363636363637,44.09090909090909,30.181818181818183,7.454545454545454,4.636363636363637,11.545454545454545,17.454545454545453,112.9090909090909,7.5181818181818185,95.72727272727273,0.12754545454545457,0.5626363636363636,0.5914545454545455,0.6946363636363636,2.604545454545455,0.3030909090909091,0.7246363636363636,0.5202727272727272,0.5394545454545455,10.727272727272727,34.36363636363637,45.09090909090909,29.09090909090909,7.2727272727272725,6.090909090909091,15.363636363636363,15.909090909090908,109.63636363636364,-3.7818181818181813,99.87454545454544,0.15527272727272726,0.528,0.5622727272727274,0.7169090909090909,1.9227272727272728,0.27209090909090905,0.7522727272727273,0.5058181818181818,0.48872727272727273,5.0
0022301148,11.3,35.6,46.9,27.0,5.6,5.8,12.8,20.3,113.2,-0.18999999999999995,98.271,0.13240000000000002,0.5448000000000001,0.5709,0.6336999999999999,2.085,0.2661,0.7223999999999998,0.4983000000000001,0.49350000000000005,10.363636363636363,33.81818181818182,44.18181818181818,28.181818181818183,6.909090909090909,6.090909090909091,9.727272727272727,13.727272727272727,119.63636363636364,13.97272727272727,94.98454545454545,0.11036363636363636,0.5858181818181818,0.6138181818181818,0.6402727272727273,2.755454545454546,0.289,0.7282727272727274,0.5138181818181818,0.5619999999999998,13.0
0022500437,11.222222222222221,33.44444444444444,44.666666666666664,30.666666666666668,8.0,4.222222222222222,13.555555555555555,17.0,119.88888888888889,-2.9777777777777774,102.72222222222223,0.13722222222222225,0.5633333333333334,0.5948888888888889,0.7003333333333335,2.26,0.2993333333333334,0.7197777777777778,0.5123333333333333,0.5054444444444444,9.0,32.875,41.875,23.5,8.125,3.375,16.5,21.75,103.875,-8.737499999999999,98.375,0.173875,0.5351250000000001,0.5691249999999999,0.631375,1.4249999999999998,0.26049999999999995,0.702375,0.48725,0.45987500000000003,-9.0
0022401184,10.333333333333334,32.5,42.833333333333336,23.916666666666668,6.416666666666667,3.6666666666666665,11.666666666666666,19.583333333333332,112.58333333333333,-3.058333333333333,96.91666666666667,0.12966666666666668,0.5515,0.5829999999999999,0.5763333333333333,2.095,0.2934166666666667,0.7070000000000002,0.4974166666666666,0.48100000000000004,8.818181818181818,35.81818181818182,44.63636363636363,26.545454545454547,8.454545454545455,4.7272727272727275,11.545454545454545,17.363636363636363,120.36363636363636,15.145454545454548,98.36363636363636,0.12836363636363637,0.5932727272727273,0.6282727272727273,0.6013636363636364,2.427272727272727,0.26027272727272727,0.7641818181818181,0.5296363636363636,0.5652727272727273,-1.0
0022500599,10.545454545454545,30.272727272727273,40.81818181818182,29.636363636363637,9.090909090909092,4.636363636363637,13.545454545454545,17.181818181818183,119.18181818181819,3.590909090909091,98.58454545454546,0.141,0.5737272727272726,0.6095454545454545,0.6985454545454547,2.2936363636363635,0.31163636363636366,0.7170909090909091,0.5095454545454544,0.517,13.272727272727273,34.81818181818182,48.09090909090909,27.454545454545453,5.636363636363637,4.181818181818182,14.181818181818182,19.363636363636363,119.72727272727273,9.445454545454545,97.18181818181819,0.1511818181818182,0.5757272727272728,0.6098181818181818,0.6455454545454546,1.9572727272727273,0.36663636363636365,0.7293636363636363,0.551,0.5408181818181818,20.0
0022500255,14.0,31.272727272727273,45.27272727272727,28.272727272727273,9.090909090909092,6.545454545454546,13.0,22.181818181818183,121.63636363636364,3.754545454545453,102.43181818181819,0.13572727272727272,0.5414545454545454,0.5754545454545454,0.6572727272727273,2.1900000000000004,0.3215454545454546,0.6818181818181819,0.49636363636363645,0.5060909090909091,17.22222222222222,34.666666666666664,51.888888888888886,26.555555555555557,9.11111111111111,5.777777777777778,14.777777777777779,19.333333333333332,125.0,13.266666666666666,99.78333333333333,0.15733333333333333,0.5720000000000001,0.605111111111111,0.5788888888888889,1.948888888888889,0.41277777777777774,0.7230000000000001,0.5726666666666667,0.5673333333333332,-10.0
0022300394,13.8,32.1,45.9,27.1,5.7,6.9,11.9,19.2,114.9,-1.36,99.4,0.1226,0.5276000000000001,0.5593,0.6396,2.321,0.30720000000000003,0.6856,0.49129999999999996,0.48729999999999996,8.777777777777779,30.0,38.77777777777778,23.555555555555557,7.111111111111111,4.555555555555555,14.666666666666666,20.77777777777778,107.66666666666667,-16.977777777777778,102.44444444444444,0.1491111111111111,0.5166666666666666,0.5541111111111111,0.5778888888888889,1.71,0.22966666666666669,0.7071111111111112,0.45866666666666667,0.41155555555555556,11.0
0022500633,9.454545454545455,30.181818181818183,39.63636363636363,23.0,8.818181818181818,5.2727272727272725,13.454545454545455,16.454545454545453,113.0,0.3272727272727274,96.3809090909091,0.1433636363636364,0.5539999999999999,0.6032727272727272,0.5810909090909091,1.929090909090909,0.274909090909091,0.6492727272727272,0.471909090909091,0.5103636363636364,9.818181818181818,32.72727272727273,42.54545454545455,25.363636363636363,7.090909090909091,3.727272727272727,13.454545454545455,18.363636363636363,114.72727272727273,0.009090909090908735,98.63636363636364,0.1410909090909091,0.5635454545454545,0.5987272727272728,0.6100909090909092,1.8781818181818182,0.28863636363636364,0.7170909090909091,0.5105454545454545,0.5016363636363637,8.0
0022300265,10.272727272727273,34.18181818181818,44.45454545454545,26.454545454545453,7.454545454545454,5.454545454545454,14.454545454545455,18.272727272727273,114.72727272727273,0.7545454545454543,99.52363636363636,0.15027272727272728,0.5617272727272727,0.5956363636363636,0.6165454545454545,1.810909090909091,0.2809090909090909,0.7001818181818181,0.5017272727272727,0.5311818181818182,11.1,26.0,37.1,23.2,8.5,4.3,15.6,21.0,105.2,-9.739999999999998,98.28099999999999,0.1669,0.5087999999999999,0.5405,0.5907,1.436,0.309,0.6582999999999999,0.4721,0.4181,-8.0
0022300368,14.2,33.4,47.6,26.1,6.0,6.5,12.2,17.7,117.3,2.08,99.45,0.12439999999999998,0.5363,0.5686000000000001,0.603,2.209,0.32299999999999995,0.6888,0.5045,0.5083,12.2,31.3,43.5,25.7,7.2,4.2,12.7,18.2,122.1,1.5300000000000002,99.55,0.1348,0.5765,0.6139,0.5782999999999999,1.9649999999999999,0.322,0.6948000000000001,0.5095,0.5115000000000001,-19.0
0022400730,11.583333333333334,33.5,45.083333333333336,31.25,7.25,5.166666666666667,12.916666666666666,14.916666666666666,123.33333333333333,5.133333333333333,100.0,0.13949999999999999,0.5983333333333332,0.6311666666666668,0.6583333333333332,2.7408333333333332,0.31533333333333335,0.6938333333333334,0.5196666666666666,0.5295833333333333,12.363636363636363,28.545454545454547,40.90909090909091,22.0,8.636363636363637,4.0,11.727272727272727,22.0,101.54545454545455,-13.581818181818182,96.25272727272727,0.1349090909090909,0.4728181818181818,0.5109090909090909,0.5917272727272727,1.891818181818182,0.30590909090909096,0.7312727272727272,0.48863636363636365,0.40399999999999997,22.0
0022500839,15.375,30.375,45.75,23.25,9.375,2.875,12.0,18.5,105.375,-8.137500000000001,95.40125,0.1395,0.501125,0.522,0.5755,1.85375,0.328125,0.6833750000000001,0.48962500000000003,0.438125,13.142857142857142,36.857142857142854,50.0,26.571428571428573,6.571428571428571,5.571428571428571,12.428571428571429,16.428571428571427,109.57142857142857,9.571428571428571,94.78571428571429,0.139,0.5374285714285715,0.5634285714285714,0.6322857142857142,2.085714285714286,0.3385714285714286,0.7517142857142857,0.5522857142857143,0.5451428571428572,-16.0
0022300769,13.0,33.77777777777778,46.77777777777778,29.88888888888889,4.888888888888889,6.111111111111111,13.777777777777779,16.88888888888889,120.44444444444444,-5.422222222222222,100.33333333333333,0.14288888888888887,0.5617777777777778,0.5985555555555556,0.6725555555555557,2.2099999999999995,0.32899999999999996,0.7505555555555555,0.5368888888888889,0.4826666666666667,10.7,38.3,49.0,30.3,6.8,6.1,13.9,21.1,126.5,10.190000000000001,101.166,0.13840000000000002,0.5919000000000001,0.6155,0.6315,2.134,0.3063,0.7457999999999999,0.5378999999999999,0.5510999999999999,-22.0
0022300828,12.714285714285714,27.857142857142858,40.57142857142857,21.428571428571427,6.857142857142857,3.4285714285714284,12.428571428571429,15.428571428571429,108.14285714285714,-6.014285714285713,92.64285714285714,0.146,0.5412857142857143,0.5744285714285714,0.5295714285714286,1.672857142857143,0.32314285714285707,0.7334285714285714,0.5134285714285715,0.46185714285714285,11.375,33.75,45.125,27.375,6.625,4.25,14.0,22.375,112.625,-5.075,101.06875,0.14075000000000001,0.536,0.5626249999999999,0.633625,1.9975,0.267875,0.769875,0.508375,0.45275,2.0
0022501057,12.636363636363637,30.545454545454547,43.18181818181818,27.181818181818183,9.636363636363637,4.545454545454546,14.545454545454545,20.0,115.0909090909091,-5.9363636363636365,101.31818181818181,0.1527272727272727,0.5304545454545454,0.5750000000000001,0.6726363636363637,1.8918181818181814,0.32545454545454544,0.6759090909090909,0.49481818181818177,0.47163636363636363,9.727272727272727,28.09090909090909,37.81818181818182,24.363636363636363,6.636363636363637,4.636363636363637,16.454545454545453,24.454545454545453,113.81818181818181,-15.854545454545455,102.2409090909091,0.16563636363636364,0.5549999999999999,0.5840000000000001,0.5938181818181818,1.4718181818181817,0.27299999999999996,0.6426363636363637,0.4532727272727273,0.3976363636363636,-23.0
0022300369,12.777777777777779,31.555555555555557,44.333333333333336,30.666666666666668,6.888888888888889,4.777777777777778,12.333333333333334,19.444444444444443,113.66666666666667,-3.377777777777778,98.66666666666667,0.13,0.5397777777777777,0.567111111111111,0.708,2.5455555555555556,0.3045555555555556,0.7014444444444445,0.5002222222222222,0.4803333333333334,11.7,33.0,44.7,30.8,7.0,4.5,9.4,19.2,119.2,6.619999999999999,97.75,0.10129999999999999,0.5574999999999999,0.5867000000000001,0.6832,3.5840000000000005,0.30829999999999996,0.6923000000000001,0.5027999999999999,0.538,-9.0
0022300839,11.428571428571429,34.0,45.42857142857143,25.0,7.285714285714286,4.714285714285714,11.142857142857142,19.571428571428573,117.42857142857143,-0.24285714285714294,96.73285714285714,0.11800000000000001,0.5501428571428572,0.5872857142857144,0.5730000000000001,2.417142857142857,0.3044285714285714,0.7329999999999999,0.5218571428571429,0.5097142857142857,11.5,34.375,45.875,27.75,7.0,4.375,14.25,22.0,114.125,-3.7500000000000004,101.19375,0.143125,0.54475,0.570375,0.6395,1.9975,0.274875,0.751125,0.507375,0.461,-10.0
0022300509,10.222222222222221,33.22222222222222,43.44444444444444,25.11111111111111,7.555555555555555,3.5555555555555554,12.88888888888889,19.333333333333332,110.88888888888889,0.9222222222222223,98.55555555555556,0.13899999999999998,0.5261111111111112,0.5718888888888888,0.6495555555555554,1.9366666666666665,0.2851111111111111,0.7153333333333334,0.49988888888888894,0.49233333333333323,9.75,32.916666666666664,42.666666666666664,24.75,8.416666666666666,3.3333333333333335,11.833333333333334,21.333333333333332,118.0,-0.6500000000000002,99.98166666666667,0.12491666666666666,0.5488333333333333,0.58825,0.5791666666666667,2.065,0.28350000000000003,0.6977500000000001,0.4935,0.5041666666666667,7.0
0022500832,12.25,33.25,45.5,28.0,8.0,4.625,12.625,19.375,114.875,-3.3125,102.0,0.1285,0.523625,0.559,0.67225,2.3425000000000002,0.308125,0.6905,0.49574999999999997,0.493125,10.5,30.0,40.5,25.75,9.375,5.75,14.375,18.875,113.625,-11.025,103.25,0.144125,0.53775,0.566875,0.5985,1.8087499999999999,0.272625,0.6635,0.46199999999999997,0.44375,21.0
0022301227,9.777777777777779,37.22222222222222,47.0,24.88888888888889,6.666666666666667,6.666666666666667,14.88888888888889,17.11111111111111,113.0,2.644444444444444,99.25666666666666,0.15522222222222226,0.5516666666666667,0.5854444444444444,0.6044444444444443,1.6522222222222223,0.2755555555555556,0.735111111111111,0.5165555555555555,0.5217777777777779,12.555555555555555,32.22222222222222,44.77777777777778,23.444444444444443,7.333333333333333,4.111111111111111,12.333333333333334,16.77777777777778,114.33333333333333,4.155555555555555,96.88888888888889,0.13244444444444448,0.5409999999999999,0.5783333333333334,0.5646666666666667,1.9300000000000002,0.32922222222222225,0.7155555555555556,0.516888888888889,0.5182222222222221,10.0
0022500432,13.0,31.875,44.875,24.5,9.75,5.625,14.625,21.5,114.75,-6.987500000000001,99.91749999999999,0.14875,0.5171250000000001,0.559875,0.5882499999999999,1.67375,0.337375,0.65975,0.49675,0.476,10.0,33.22222222222222,43.22222222222222,26.0,7.0,6.111111111111111,13.666666666666666,18.555555555555557,119.44444444444444,-2.6555555555555554,101.85333333333334,0.13611111111111113,0.5576666666666666,0.591,0.5634444444444444,1.8933333333333333,0.28188888888888886,0.7016666666666667,0.497,0.4961111111111111,6.0
0022400413,12.25,35.375,47.625,29.125,10.75,5.125,16.375,19.25,116.125,-2.3125,104.47,0.16025,0.531875,0.568125,0.6868749999999999,1.81625,0.281,0.753125,0.516,0.493125,9.125,36.0,45.125,29.5,8.25,5.0,13.625,18.375,112.375,-3.1375,103.5625,0.137375,0.5293749999999999,0.559875,0.72375,2.1100000000000003,0.237125,0.731625,0.482375,0.490375,8.0
0022300715,10.181818181818182,29.454545454545453,39.63636363636363,23.09090909090909,8.0,5.090909090909091,9.181818181818182,21.545454545454547,117.27272727272727,-1.7,97.68181818181819,0.09972727272727272,0.5421818181818181,0.5906363636363635,0.5477272727272727,3.108181818181818,0.263,0.6763636363636364,0.4663636363636364,0.4856363636363636,9.222222222222221,30.11111111111111,39.333333333333336,25.444444444444443,5.0,3.5555555555555554,13.88888888888889,22.22222222222222,116.88888888888889,-9.766666666666667,100.61111111111111,0.1403333333333333,0.5718888888888889,0.6053333333333334,0.6137777777777779,1.9422222222222223,0.24233333333333335,0.7392222222222222,0.48511111111111116,0.4423333333333333,-16.0
0022500646,11.222222222222221,31.333333333333332,42.55555555555556,27.666666666666668,8.11111111111111,5.111111111111111,14.333333333333334,19.555555555555557,112.0,-5.144444444444444,98.60777777777778,0.14677777777777778,0.5289999999999999,0.5665555555555555,0.6766666666666666,2.135555555555556,0.3096666666666667,0.7127777777777778,0.5018888888888889,0.47433333333333333,12.0,33.63636363636363,45.63636363636363,30.181818181818183,7.818181818181818,5.7272727272727275,15.090909090909092,18.727272727272727,117.63636363636364,0.963636363636364,101.4090909090909,0.15545454545454546,0.5607272727272727,0.5932727272727273,0.6908181818181818,2.1245454545454545,0.3050909090909091,0.7147272727272728,0.511909090909091,0.5123636363636365,-14.0
0022300246,9.0,35.083333333333336,44.083333333333336,24.25,5.916666666666667,5.25,12.25,16.666666666666668,112.33333333333333,4.933333333333333,97.40333333333332,0.13158333333333333,0.54475,0.5804999999999999,0.6074166666666666,1.9974999999999996,0.2529166666666667,0.7255833333333334,0.4958333333333334,0.5233333333333333,14.8,30.3,45.1,26.1,9.0,5.3,14.4,19.1,126.0,2.18,102.306,0.14450000000000002,0.5635,0.6043000000000001,0.5900000000000001,1.8419999999999999,0.3448,0.6799000000000001,0.5088,0.4986,10.0
0022400510,9.8,35.3,45.1,29.2,6.7,4.9,10.0,17.9,117.4,4.3100000000000005,99.2,0.11140000000000001,0.5641999999999999,0.5951000000000001,0.6679,2.8329999999999997,0.2666,0.7539,0.5134000000000001,0.5224,10.555555555555555,37.22222222222222,47.77777777777778,29.666666666666668,7.888888888888889,3.5555555555555554,13.333333333333334,16.666666666666668,114.44444444444444,-2.8666666666666667,103.31,0.1363333333333333,0.5312222222222223,0.5564444444444444,0.6910000000000001,2.1422222222222222,0.264,0.7268888888888889,0.49444444444444446,0.48433333333333345,16.0
0022500939,13.375,36.5,49.875,30.25,10.125,4.5,13.625,18.75,120.625,11.9,102.8125,0.141125,0.5507500000000001,0.587375,0.697875,2.1774999999999998,0.34525,0.751,0.5476249999999999,0.565625,10.4,34.5,44.9,23.5,6.0,4.2,14.8,16.9,107.7,-11.48,101.95,0.1497,0.5073,0.5456000000000001,0.602,1.65,0.2827,0.7229,0.5056,0.4386,12.0
0022500350,10.0,30.272727272727273,40.27272727272727,25.636363636363637,7.0,5.0,14.363636363636363,18.454545454545453,108.0909090909091,-2.9272727272727277,96.5909090909091,0.157,0.537,0.5761818181818182,0.6837272727272729,1.8636363636363635,0.2920909090909091,0.7189090909090909,0.5021818181818182,0.47563636363636375,12.083333333333334,31.75,43.833333333333336,24.5,9.583333333333334,3.8333333333333335,14.0,21.5,116.33333333333333,-8.049999999999999,102.80416666666667,0.14525,0.5228333333333334,0.5645000000000001,0.5715833333333332,1.7641666666666664,0.3068333333333333,0.7130833333333332,0.5036666666666666,0.45333333333333337,18.0
0022300387,10.222222222222221,32.77777777777778,43.0,31.555555555555557,6.444444444444445,3.4444444444444446,12.0,19.444444444444443,122.11111111111111,1.1333333333333333,101.55555555555556,0.12511111111111112,0.5791111111111111,0.6031111111111112,0.7095555555555556,2.7622222222222224,0.285,0.7424444444444445,0.5065555555555555,0.4945555555555555,10.444444444444445,33.44444444444444,43.888888888888886,26.0,7.222222222222222,5.555555555555555,14.0,18.666666666666668,111.66666666666667,-4.066666666666666,99.27777777777777,0.14822222222222223,0.5269999999999999,0.5753333333333334,0.6512222222222221,1.8455555555555554,0.3063333333333333,0.7277777777777777,0.5211111111111111,0.5096666666666666,15.0
0022500669,13.090909090909092,30.545454545454547,43.63636363636363,24.181818181818183,9.090909090909092,4.0,12.909090909090908,19.272727272727273,110.63636363636364,3.9181818181818175,98.45454545454545,0.1429090909090909,0.524909090909091,0.5596363636363637,0.6071818181818182,1.7545454545454542,0.3141818181818181,0.6630909090909091,0.48454545454545456,0.5015454545454546,11.181818181818182,29.363636363636363,40.54545454545455,24.727272727272727,7.545454545454546,4.909090909090909,13.363636363636363,18.90909090909091,103.27272727272727,-14.98181818181818,94.22727272727273,0.14263636363636364,0.5017272727272727,0.535,0.6722727272727274,1.9618181818181823,0.2905454545454545,0.6902727272727271,0.4720909090909091,0.4087272727272728,4.0
0022500212,8.8,31.2,40.0,25.9,8.8,3.6,13.9,20.2,115.3,-7.899999999999999,103.15,0.1403,0.5417,0.5790000000000001,0.6156,1.8820000000000003,0.24960000000000004,0.7074,0.47429999999999994,0.4600999999999999,11.333333333333334,36.55555555555556,47.888888888888886,30.88888888888889,8.222222222222221,3.888888888888889,13.11111111111111,20.77777777777778,124.22222222222223,13.18888888888889,101.49444444444445,0.1388888888888889,0.572888888888889,0.6168888888888888,0.6755555555555555,2.4000000000000004,0.3141111111111111,0.7218888888888889,0.5316666666666667,0.5865555555555556,-14.0
0022400226,13.166666666666666,30.5,43.666666666666664,21.416666666666668,9.083333333333334,5.666666666666667,15.75,19.166666666666668,106.91666666666667,-7.991666666666667,100.36583333333333,0.163,0.49641666666666656,0.5334166666666667,0.5454166666666668,1.4233333333333331,0.32825,0.6718333333333333,0.48891666666666667,0.4376666666666666,9.181818181818182,32.18181818181818,41.36363636363637,26.0,7.7272727272727275,4.7272727272727275,16.09090909090909,19.90909090909091,113.27272727272727,3.6818181818181817,98.94454545454545,0.17254545454545453,0.5766363636363636,0.6078181818181819,0.6412727272727273,1.5663636363636364,0.276,0.7073636363636363,0.4986363636363636,0.5125454545454545,8.0
0022400632,12.8,32.1,44.9,26.6,9.8,4.4,14.5,21.8,123.4,4.75,102.8,0.1476,0.569,0.6003000000000001,0.5788,1.9970000000000003,0.3315,0.7072,0.5183,0.5176999999999999,12.8,32.7,45.5,27.7,9.8,6.2,11.6,18.4,117.8,3.14,99.98400000000001,0.12180000000000002,0.5325,0.5676,0.6616000000000001,2.4509999999999996,0.297,0.6598999999999999,0.47700000000000004,0.5088,13.0
0022500439,12.333333333333334,34.0,46.333333333333336,26.0,9.11111111111111,5.888888888888889,12.444444444444445,22.11111111111111,115.11111111111111,3.4000000000000004,100.65222222222222,0.1302222222222222,0.5257777777777777,0.5654444444444445,0.6424444444444445,2.033333333333333,0.29500000000000004,0.6843333333333333,0.4924444444444444,0.5290000000000001,10.166666666666666,34.333333333333336,44.5,28.666666666666668,8.333333333333334,4.833333333333333,16.166666666666668,18.833333333333332,110.33333333333333,12.449999999999998,99.33333333333333,0.17733333333333334,0.5556666666666666,0.5885,0.7188333333333334,1.6866666666666665,0.2826666666666666,0.7231666666666666,0.5116666666666667,0.5531666666666667,-16.0
0022300506,9.666666666666666,29.555555555555557,39.22222222222222,24.77777777777778,6.555555555555555,5.222222222222222,12.444444444444445,17.333333333333332,104.11111111111111,-13.944444444444443,97.83333333333333,0.1368888888888889,0.5123333333333333,0.5409999999999999,0.6214444444444445,2.1155555555555554,0.2614444444444444,0.7265555555555555,0.4735555555555556,0.4286666666666667,10.5,34.0,44.5,22.9,7.8,5.6,12.2,17.7,106.9,0.9400000000000002,97.1,0.1328,0.5271,0.5603,0.562,1.8849999999999998,0.2768,0.7149,0.5028,0.5069999999999999,-7.0
0022400853,15.714285714285714,30.428571428571427,46.142857142857146,24.571428571428573,10.142857142857142,7.571428571428571,15.142857142857142,21.714285714285715,103.0,0.24285714285714274,95.92857142857143,0.16985714285714287,0.4932857142857142,0.5288571428571428,0.650142857142857,1.5157142857142856,0.38828571428571435,0.6667142857142857,0.5235714285714286,0.5005714285714287,12.5,32.125,44.625,26.5,9.0,5.875,15.0,21.375,116.25,1.0625,102.9375,0.15075,0.53025,0.564375,0.63125,1.74,0.316375,0.7175,0.504875,0.49537500000000007,-19.0
0022501063,12.1,33.8,45.9,25.9,7.7,4.8,13.1,19.3,118.3,12.059999999999999,96.9,0.14889999999999998,0.5666,0.5990000000000001,0.6224000000000001,2.053,0.3559,0.7111999999999999,0.5334000000000001,0.5449,13.272727272727273,34.72727272727273,48.0,29.363636363636363,7.7272727272727275,3.3636363636363638,13.181818181818182,18.545454545454547,117.9090909090909,9.863636363636363,97.31818181818181,0.14836363636363636,0.5609090909090909,0.5992727272727273,0.6665454545454546,2.2618181818181817,0.359,0.7603636363636362,0.5609090909090909,0.5464545454545455,11.0
0022400549,12.416666666666666,32.083333333333336,44.5,25.416666666666668,7.666666666666667,3.0833333333333335,11.833333333333334,17.416666666666668,118.75,5.516666666666666,99.57416666666666,0.12683333333333333,0.5543333333333333,0.5908333333333332,0.5638333333333333,2.268333333333333,0.31316666666666665,0.7556666666666668,0.5308333333333333,0.5287499999999999,10.9,33.3,44.2,26.3,9.1,4.7,13.8,21.0,113.2,4.529999999999999,98.6,0.15150000000000002,0.5570999999999999,0.583,0.6176,1.848,0.3154,0.7352,0.5237999999999999,0.5161,-5.0
0022501101,12.666666666666666,31.916666666666668,44.583333333333336,31.666666666666668,10.416666666666666,5.75,14.0,21.583333333333332,121.25,13.075000000000001,98.7675,0.14575,0.5720833333333334,0.6044166666666665,0.6956666666666665,2.3,0.3515,0.6922499999999999,0.5271666666666666,0.58525,10.363636363636363,30.454545454545453,40.81818181818182,30.727272727272727,9.909090909090908,5.2727272727272725,12.727272727272727,22.181818181818183,118.0,4.2727272727272725,99.86363636363636,0.13645454545454547,0.574,0.601090909090909,0.6845454545454546,2.327272727272727,0.29227272727272724,0.7074545454545454,0.5007272727272727,0.5303636363636364,11.0
0022401082,10.9,30.8,41.7,29.7,9.7,3.8,11.8,17.4,113.9,3.960000000000001,96.978,0.12789999999999999,0.5532999999999999,0.5808000000000001,0.6858,2.496,0.30700000000000005,0.7137,0.5062,0.5373,16.1,29.4,45.5,24.4,8.8,4.6,14.7,16.9,113.9,-1.009999999999999,97.77799999999999,0.1575,0.5302,0.5612999999999999,0.6033,1.7419999999999998,0.3787,0.6651,0.5084000000000001,0.47969999999999996,17.0
0022300912,14.142857142857142,30.0,44.142857142857146,26.428571428571427,7.142857142857143,5.142857142857143,12.142857142857142,15.714285714285714,103.28571428571429,-5.828571428571429,93.14285714285714,0.14785714285714288,0.5098571428571429,0.5389999999999999,0.708142857142857,1.9728571428571429,0.3361428571428572,0.6974285714285715,0.5078571428571429,0.46900000000000003,9.5,33.5,43.0,23.625,8.375,5.125,15.625,18.125,109.5,9.600000000000001,94.9375,0.177625,0.593375,0.618625,0.576125,1.4612500000000002,0.28800000000000003,0.772,0.5435000000000001,0.552875,24.0
0022300037,10.555555555555555,32.333333333333336,42.888888888888886,22.444444444444443,9.88888888888889,3.6666666666666665,14.88888888888889,22.11111111111111,112.11111111111111,-0.45555555555555494,98.96333333333334,0.1554444444444444,0.5443333333333333,0.5797777777777777,0.5537777777777778,1.4855555555555555,0.29255555555555557,0.6944444444444444,0.49666666666666676,0.5027777777777778,9.75,35.125,44.875,26.125,7.0,3.5,11.5,20.75,114.125,9.6,97.00375,0.11925,0.5521250000000001,0.5836250000000001,0.622125,2.30125,0.279625,0.747,0.51675,0.54825,6.0
0022300630,9.636363636363637,32.72727272727273,42.36363636363637,24.636363636363637,7.2727272727272725,3.727272727272727,13.363636363636363,17.727272727272727,103.0909090909091,-3.745454545454545,95.89818181818183,0.14927272727272728,0.5054545454545455,0.5468181818181818,0.6645454545454546,1.8336363636363637,0.2760909090909091,0.7116363636363636,0.4923636363636364,0.48481818181818176,9.818181818181818,37.90909090909091,47.72727272727273,24.09090909090909,5.909090909090909,6.7272727272727275,10.636363636363637,18.272727272727273,118.72727272727273,8.436363636363636,100.33545454545455,0.11118181818181817,0.5472727272727272,0.5853636363636363,0.5878181818181819,2.702727272727273,0.25627272727272726,0.7386363636363636,0.5043636363636363,0.5328181818181819,-33.0
0022400467,13.444444444444445,30.555555555555557,44.0,26.22222222222222,8.555555555555555,5.888888888888889,12.666666666666666,16.11111111111111,104.77777777777777,-8.622222222222222,98.72222222222223,0.14244444444444446,0.49100000000000005,0.5192222222222223,0.6744444444444444,2.0655555555555556,0.31966666666666665,0.6903333333333334,0.49,0.4514444444444444,9.555555555555555,29.666666666666668,39.22222222222222,22.0,10.88888888888889,4.444444444444445,13.555555555555555,19.88888888888889,112.22222222222223,1.0222222222222221,97.72222222222223,0.1431111111111111,0.5477777777777777,0.5906666666666667,0.5594444444444444,1.8866666666666667,0.28255555555555556,0.6886666666666668,0.4824444444444445,0.5011111111111111,34.0
0022500935,9.555555555555555,34.0,43.55555555555556,22.555555555555557,9.222222222222221,4.666666666666667,12.444444444444445,19.444444444444443,116.66666666666667,4.388888888888889,98.88888888888889,0.13411111111111113,0.5497777777777778,0.6015555555555555,0.5398888888888888,1.8444444444444446,0.2934444444444445,0.7181111111111111,0.517888888888889,0.5368888888888889,10.7,34.0,44.7,28.2,8.9,4.1,13.2,20.7,110.9,7.280000000000001,97.75,0.1447,0.5496000000000001,0.5779000000000001,0.6692,2.1159999999999997,0.3038,0.7478,0.5269,0.5372999999999999,8.0
0022500073,11.5,29.9,41.4,23.0,7.2,5.4,14.5,24.0,108.0,-14.49,102.05,0.1471,0.4888,0.5399999999999999,0.6161999999999999,1.707,0.2915,0.6474,0.46369999999999995,0.4201,10.444444444444445,30.333333333333332,40.77777777777778,26.11111111111111,8.0,5.555555555555555,15.666666666666666,23.333333333333332,116.0,-11.633333333333335,102.29333333333335,0.15533333333333332,0.5537777777777779,0.5862222222222222,0.6161111111111112,1.6766666666666667,0.2652222222222222,0.6168888888888888,0.4444444444444444,0.43522222222222223,33.0
0022301169,12.636363636363637,32.63636363636363,45.27272727272727,25.09090909090909,6.636363636363637,3.4545454545454546,15.454545454545455,19.545454545454547,101.63636363636364,-12.02727272727273,98.0909090909091,0.16672727272727275,0.504,0.5269999999999999,0.6231818181818182,1.6627272727272726,0.3112727272727273,0.7552727272727272,0.5178181818181818,0.4243636363636364,11.25,36.0,47.25,30.833333333333332,7.666666666666667,5.25,13.25,18.166666666666668,116.58333333333333,8.725,98.54166666666667,0.14516666666666667,0.5899166666666666,0.6079166666666665,0.6768333333333333,2.3649999999999998,0.30258333333333326,0.7475833333333332,0.53775,0.5437500000000001,-8.0
0022300942,11.1,34.1,45.2,32.8,6.8,7.6,14.6,16.4,116.1,-1.6200000000000003,102.05,0.1501,0.5624,0.5900000000000001,0.7529,2.396,0.2774,0.7168,0.4988,0.5016,13.5,34.4,47.9,24.5,8.7,5.1,12.5,19.3,111.2,-1.9200000000000004,102.05,0.1271,0.5013,0.5353000000000001,0.6087,2.26,0.30599999999999994,0.7281,0.5065000000000001,0.4782,-2.0
0022400715,10.25,35.5,45.75,24.583333333333332,9.166666666666666,4.916666666666667,13.583333333333334,17.416666666666668,114.58333333333333,11.091666666666667,98.40916666666665,0.14800000000000002,0.5598333333333334,0.5954999999999999,0.5685833333333333,1.801666666666667,0.2921666666666667,0.7414999999999999,0.5293333333333333,0.568,7.909090909090909,33.72727272727273,41.63636363636363,27.0,7.545454545454546,4.909090909090909,12.909090909090908,16.0,113.36363636363636,6.854545454545454,96.72727272727273,0.14481818181818185,0.5795454545454546,0.6111818181818182,0.6320909090909091,2.2190909090909092,0.2557272727272727,0.7059090909090909,0.4980909090909091,0.5409999999999999,-25.0
0022500058,12.6,33.1,45.7,25.2,7.8,6.3,14.8,20.6,113.9,-1.7699999999999996,99.826,0.1507,0.5254000000000001,0.5646,0.6141,1.8039999999999998,0.3324,0.7093,0.5168,0.48200000000000004,11.545454545454545,32.45454545454545,44.0,26.636363636363637,8.090909090909092,4.545454545454546,13.454545454545455,21.454545454545453,119.18181818181819,4.809090909090909,98.91363636363636,0.14027272727272727,0.5452727272727272,0.6009090909090907,0.6507272727272727,2.1081818181818184,0.3320000000000001,0.7308181818181818,0.5312727272727272,0.537,-41.0
0022500381,12.125,28.875,41.0,23.125,8.75,5.25,11.875,19.375,119.25,8.4875,95.25,0.137125,0.585375,0.6136250000000001,0.524,1.8900000000000001,0.336375,0.674625,0.503375,0.523125,9.75,33.875,43.625,25.5,8.5,6.375,13.25,16.875,113.625,-3.2,102.5,0.13375,0.530125,0.56575,0.6055,2.01125,0.26387499999999997,0.716625,0.488625,0.4925,13.0
0022401024,9.083333333333334,31.0,40.083333333333336,29.5,8.666666666666666,4.833333333333333,12.416666666666666,18.5,118.25,1.875,99.86833333333334,0.13108333333333333,0.5689166666666668,0.6006666666666666,0.67125,2.4341666666666666,0.24291666666666667,0.6890833333333334,0.4668333333333334,0.51875,12.75,28.75,41.5,25.916666666666668,8.5,4.75,12.0,20.916666666666668,107.08333333333333,-6.891666666666667,96.01416666666667,0.13233333333333333,0.5099166666666666,0.5448333333333333,0.6677500000000002,2.220833333333333,0.32116666666666666,0.6725833333333333,0.4833333333333334,0.4476666666666666,5.0
0022301039,11.181818181818182,34.72727272727273,45.90909090909091,29.272727272727273,6.545454545454546,7.2727272727272725,14.818181818181818,16.545454545454547,110.36363636363636,-3.445454545454545,100.15181818181819,0.15590909090909089,0.5317272727272727,0.5664545454545453,0.7112727272727272,1.9145454545454548,0.2846363636363636,0.7353636363636364,0.508909090909091,0.49218181818181805,11.090909090909092,35.54545454545455,46.63636363636363,29.545454545454547,6.090909090909091,6.0,14.090909090909092,16.818181818181817,117.54545454545455,4.027272727272727,97.84,0.152,0.59,0.6145454545454545,0.6564545454545455,2.1599999999999997,0.31127272727272726,0.7314545454545454,0.5354545454545455,0.5249999999999999,2.0
0022500896,9.375,27.625,37.0,30.125,11.875,5.625,13.625,21.5,118.0,-1.7249999999999996,103.0,0.13425,0.562875,0.59525,0.699125,2.415,0.2485,0.637375,0.4395,0.497375,13.625,30.25,43.875,24.5,7.75,6.5,18.0,18.25,109.375,-11.05,103.3125,0.178625,0.517625,0.549625,0.628875,1.3987500000000002,0.319875,0.680375,0.48874999999999996,0.45299999999999996,-8.0
0022300545,9.7,34.7,44.4,28.7,5.3,5.3,11.9,21.1,124.2,3.6900000000000004,101.85,0.11870000000000003,0.5847,0.6189,0.6346,2.482,0.25880000000000003,0.7241000000000001,0.5008000000000001,0.5121,11.909090909090908,31.636363636363637,43.54545454545455,29.818181818181817,5.818181818181818,3.909090909090909,11.818181818181818,17.90909090909091,119.72727272727273,-3.3454545454545452,98.86363636363636,0.12927272727272726,0.5669090909090909,0.5998181818181818,0.6774545454545454,2.749090909090909,0.31627272727272726,0.7221818181818181,0.5142727272727273,0.49372727272727274,11.0
0022301027,10.181818181818182,36.0,46.18181818181818,25.0,6.636363636363637,3.5454545454545454,15.454545454545455,18.727272727272727,105.9090909090909,-9.6,100.31818181818181,0.1591818181818182,0.5096363636363637,0.5524545454545454,0.6446363636363637,1.6545454545454548,0.27818181818181814,0.7895454545454546,0.5290909090909092,0.4508181818181818,9.11111111111111,36.666666666666664,45.77777777777778,28.444444444444443,7.555555555555555,4.777777777777778,11.777777777777779,16.0,112.44444444444444,10.11111111111111,95.88888888888889,0.1322222222222222,0.5763333333333333,0.6056666666666666,0.6593333333333333,2.3866666666666667,0.25533333333333336,0.7491111111111111,0.5179999999999999,0.5635555555555556,-13.0
0022400641,12.909090909090908,30.09090909090909,43.0,24.454545454545453,7.636363636363637,2.909090909090909,12.181818181818182,16.818181818181817,112.81818181818181,-1.4000000000000001,97.02727272727272,0.1371818181818182,0.5393636363636365,0.5759090909090909,0.5756363636363635,1.8472727272727267,0.3316363636363637,0.7168181818181819,0.5176363636363637,0.49981818181818183,11.8,36.2,48.0,29.2,8.2,5.2,10.9,17.9,124.4,7.17,102.75,0.10940000000000001,0.5519999999999999,0.5882,0.6404,2.66,0.2742,0.7270000000000001,0.5027999999999999,0.5424,23.0
0022400309,14.272727272727273,33.81818181818182,48.09090909090909,27.0,7.090909090909091,4.363636363636363,15.090909090909092,19.727272727272727,107.9090909090909,-2.0272727272727273,97.41272727272727,0.1618181818181818,0.5185454545454545,0.5473636363636364,0.6642727272727273,1.8954545454545455,0.35709090909090907,0.7007272727272729,0.5290909090909092,0.48672727272727284,8.88888888888889,33.888888888888886,42.77777777777778,24.77777777777778,9.555555555555555,3.2222222222222223,12.0,16.0,111.22222222222223,3.822222222222222,96.72,0.13566666666666669,0.5324444444444444,0.5703333333333335,0.6306666666666667,2.177777777777778,0.2685555555555556,0.7145555555555556,0.4891111111111111,0.5122222222222222,3.0
0022500330,17.88888888888889,31.444444444444443,49.333333333333336,25.333333333333332,9.555555555555555,4.888888888888889,12.0,21.333333333333332,120.77777777777777,12.244444444444444,97.89444444444445,0.1318888888888889,0.5312222222222223,0.5698888888888889,0.5748888888888888,2.1488888888888886,0.3953333333333333,0.689,0.5385555555555556,0.5515555555555556,9.363636363636363,30.0,39.36363636363637,26.0,9.0,3.6363636363636362,13.0,21.0,108.54545454545455,-12.645454545454548,101.19272727272727,0.13081818181818183,0.5143636363636364,0.5461818181818182,0.6343636363636365,2.271818181818182,0.25027272727272726,0.6602727272727272,0.44881818181818184,0.43618181818181817,26.0
0022400314,10.916666666666666,34.833333333333336,45.75,24.333333333333332,10.25,4.333333333333333,14.666666666666666,17.666666666666668,108.16666666666667,2.9416666666666678,99.125,0.16274999999999998,0.5329166666666666,0.5680000000000001,0.6094166666666667,1.6391666666666669,0.29191666666666666,0.7352500000000001,0.5183333333333333,0.51475,10.0,32.125,42.125,29.5,8.25,4.625,12.5,17.75,114.375,0.5874999999999999,99.75,0.133125,0.558625,0.5846250000000001,0.68275,2.36125,0.28137500000000004,0.6952499999999999,0.492875,0.511875,4.0
0022401194,10.2,35.4,45.6,26.0,7.6,3.8,13.6,20.7,117.6,-0.08999999999999986,101.95,0.1393,0.5554,0.5880000000000001,0.6085,1.9700000000000002,0.27240000000000003,0.7331,0.5034,0.493,8.2,33.8,42.0,25.9,7.5,4.8,13.5,15.9,109.9,-3.53,99.8,0.148,0.5566000000000001,0.5878,0.622,2.044,0.23489999999999997,0.7230000000000001,0.4879999999999999,0.5004000000000001,35.0
0022401066,10.75,30.166666666666668,40.916666666666664,26.166666666666668,7.166666666666667,3.5833333333333335,12.0,18.416666666666668,111.66666666666667,-8.708333333333332,97.01333333333332,0.13,0.5440833333333334,0.5752499999999999,0.63375,2.2541666666666664,0.2803333333333334,0.7368333333333333,0.4955,0.4580833333333334,15.272727272727273,31.545454545454547,46.81818181818182,23.181818181818183,7.909090909090909,4.545454545454546,14.727272727272727,16.454545454545453,112.63636363636364,-1.7090909090909088,98.07090909090908,0.15445454545454546,0.5264545454545455,0.5556363636363636,0.5684545454545454,1.7054545454545453,0.3629090909090909,0.6851818181818182,0.5123636363636364,0.4740909090909092,21.0
0022501129,10.3,31.3,41.6,27.8,7.0,3.8,10.9,19.3,119.6,-9.169999999999998,102.3,0.10940000000000001,0.5427,0.5837,0.6566,2.613,0.27040000000000003,0.7009,0.47380000000000005,0.46349999999999997,7.909090909090909,28.818181818181817,36.72727272727273,24.90909090909091,7.7272727272727275,3.8181818181818183,14.454545454545455,22.363636363636363,112.0,-14.990909090909089,102.36363636363636,0.14736363636363634,0.5532727272727272,0.5789999999999998,0.5900909090909091,1.7763636363636366,0.24290909090909094,0.6558181818181817,0.4428181818181818,0.40863636363636363,16.0
0022400552,9.5,31.25,40.75,27.625,6.0,4.125,12.0,15.125,114.5,-0.7250000000000003,96.6875,0.13012500000000002,0.57025,0.609875,0.6736249999999999,2.375,0.266,0.6857500000000001,0.484,0.516,10.777777777777779,37.888888888888886,48.666666666666664,28.77777777777778,6.222222222222222,7.111111111111111,12.777777777777779,16.333333333333332,109.66666666666667,0.6777777777777779,98.69111111111111,0.13322222222222221,0.5184444444444445,0.5531111111111111,0.7138888888888889,2.3044444444444445,0.2647777777777778,0.6968888888888889,0.492,0.5214444444444445,-24.0
0022400936,10.3,35.8,46.1,30.3,9.4,6.9,10.5,20.0,128.9,13.120000000000001,102.965,0.1048,0.5858,0.6214999999999999,0.6442999999999999,3.0020000000000002,0.2543,0.7051000000000001,0.4920999999999999,0.5732000000000002,11.88888888888889,34.888888888888886,46.77777777777778,30.444444444444443,6.333333333333333,4.111111111111111,13.777777777777779,17.77777777777778,119.0,-1.8888888888888888,100.58,0.14333333333333334,0.566,0.5891111111111111,0.6713333333333332,2.3322222222222226,0.3165555555555556,0.7467777777777778,0.5297777777777779,0.4905555555555556,-13.0
0022300724,12.0,34.4,46.4,30.2,4.4,6.0,13.7,18.3,123.2,-1.9900000000000002,100.72200000000001,0.14150000000000001,0.5658000000000001,0.6068,0.6734,2.209,0.3168,0.7178,0.5201,0.49989999999999996,10.083333333333334,32.25,42.333333333333336,27.0,8.083333333333334,7.25,11.916666666666666,18.0,115.58333333333333,4.416666666666665,97.935,0.12783333333333333,0.5594166666666667,0.5935833333333334,0.6275000000000001,2.158333333333333,0.25725000000000003,0.7053333333333334,0.48750000000000004,0.52275,7.0
0022400695,11.7,34.3,46.0,23.7,8.0,5.0,14.0,19.8,112.9,-0.5399999999999995,100.65,0.14809999999999998,0.5294000000000001,0.5647,0.5656999999999999,1.7479999999999998,0.3086,0.7139,0.5119999999999999,0.4968,11.454545454545455,36.90909090909091,48.36363636363637,27.545454545454547,6.7272727272727275,5.181818181818182,13.636363636363637,17.181818181818183,110.63636363636364,-6.454545454545454,101.54545454545455,0.1431818181818182,0.5266363636363637,0.5586363636363637,0.6703636363636364,2.018181818181818,0.27463636363636373,0.7280000000000001,0.5060909090909091,0.4773636363636363,8.0
0022301105,10.727272727272727,32.09090909090909,42.81818181818182,27.636363636363637,7.090909090909091,5.818181818181818,9.818181818181818,14.0,121.45454545454545,14.736363636363636,94.52999999999999,0.1129090909090909,0.594181818181818,0.6222727272727272,0.6336363636363636,2.6763636363636363,0.29627272727272724,0.7251818181818181,0.5102727272727271,0.5565454545454547,10.0,33.18181818181818,43.18181818181818,27.181818181818183,8.454545454545455,6.0,12.727272727272727,18.727272727272727,116.45454545454545,2.5727272727272723,99.99,0.13072727272727275,0.5639090909090909,0.5934545454545455,0.6258181818181817,2.1154545454545457,0.27045454545454545,0.7397272727272726,0.5055454545454544,0.5129090909090909,35.0
0022500483,15.0,31.0,46.0,25.75,10.125,4.75,14.625,22.125,115.875,4.2749999999999995,100.0,0.152125,0.53725,0.57325,0.6035,1.7462499999999999,0.354125,0.6545000000000001,0.50275,0.5238750000000001,12.4,29.9,42.3,24.7,9.6,5.6,14.5,20.7,109.6,-13.459999999999999,99.234,0.14839999999999998,0.5078,0.5485000000000001,0.6098,1.8079999999999998,0.305,0.65,0.47190000000000004,0.4455,27.0
0022301131,9.4,37.0,46.4,27.6,7.7,5.9,11.7,17.1,112.9,10.04,99.75,0.11989999999999998,0.5567,0.5787,0.6522,2.5770000000000004,0.2283,0.7602,0.5018,0.5446000000000001,12.727272727272727,31.09090909090909,43.81818181818182,24.272727272727273,8.454545454545455,4.454545454545454,10.727272727272727,18.90909090909091,118.0,2.7090909090909085,98.99,0.11318181818181819,0.5335454545454545,0.5709999999999998,0.5756363636363637,2.2845454545454547,0.30818181818181817,0.7081818181818181,0.4960909090909091,0.5031818181818182,11.0
0022500735,10.5,33.9,44.4,28.9,9.0,4.3,13.0,18.7,113.7,-2.3900000000000006,102.95,0.1302,0.5344,0.5616,0.6862,2.378,0.2637,0.7037000000000001,0.47829999999999995,0.4821000000000001,10.166666666666666,30.25,40.416666666666664,31.0,8.833333333333334,3.9166666666666665,15.0,20.583333333333332,115.58333333333333,-10.674999999999997,102.79166666666667,0.15258333333333332,0.5489166666666666,0.5850000000000001,0.72175,2.1091666666666664,0.26775,0.6954166666666667,0.4801666666666667,0.4575833333333334,2.0
0022500630,9.3,36.0,45.3,26.3,7.6,4.2,13.7,15.9,115.7,2.3299999999999996,102.25,0.1384,0.5576,0.5833000000000002,0.5977,1.987,0.2741,0.7366,0.5118,0.5162,10.583333333333334,30.25,40.833333333333336,31.25,8.833333333333334,4.0,13.083333333333334,17.333333333333332,121.83333333333333,4.991666666666667,100.0,0.13725,0.5917499999999999,0.6195833333333333,0.709,2.4324999999999997,0.30225,0.7093333333333334,0.5018333333333334,0.5218333333333333,8.0
0022300211,13.3,32.4,45.7,27.8,8.1,4.2,13.5,17.8,109.9,-3.03,97.926,0.1458,0.5206999999999999,0.5493,0.6685000000000001,1.9909999999999997,0.3235,0.7447999999999999,0.5244,0.4891,12.727272727272727,32.27272727272727,45.0,27.272727272727273,6.090909090909091,4.909090909090909,16.181818181818183,23.272727272727273,110.36363636363636,-6.609090909090909,100.0909090909091,0.1689090909090909,0.5271818181818182,0.5640909090909091,0.6548181818181817,1.6172727272727272,0.3184545454545455,0.7412727272727273,0.5231818181818182,0.4608181818181818,29.0
0022301158,7.545454545454546,29.363636363636363,36.90909090909091,29.727272727272727,7.0,3.272727272727273,13.636363636363637,15.363636363636363,106.18181818181819,-8.572727272727274,95.18181818181819,0.15163636363636365,0.5534545454545454,0.5850909090909092,0.7475454545454546,2.1036363636363635,0.251,0.705,0.4733636363636364,0.47263636363636363,14.3,31.7,46.0,24.6,9.2,5.7,13.9,16.4,104.2,-9.339999999999998,98.85,0.15100000000000002,0.48579999999999995,0.5184,0.6349,1.816,0.3302,0.7283000000000001,0.513,0.4467,12.0
0022400425,9.666666666666666,31.333333333333332,41.0,28.444444444444443,8.333333333333334,3.888888888888889,13.666666666666666,17.88888888888889,114.55555555555556,-3.811111111111111,98.01555555555555,0.14644444444444443,0.5693333333333332,0.609,0.6984444444444444,2.22,0.2707777777777778,0.7028888888888889,0.49222222222222217,0.494,10.875,35.125,46.0,24.625,9.125,6.125,14.0,15.125,118.5,5.924999999999999,99.74125000000001,0.14887499999999998,0.5736249999999999,0.608625,0.586125,1.69625,0.2855,0.7088749999999999,0.50375,0.5245,-9.0
0022300434,12.181818181818182,34.63636363636363,46.81818181818182,22.545454545454547,8.090909090909092,3.909090909090909,11.909090909090908,21.818181818181817,114.63636363636364,1.7636363636363634,99.57090909090908,0.125,0.5091818181818182,0.5591818181818181,0.5643636363636363,1.884545454545455,0.3095454545454545,0.695909090909091,0.5010909090909091,0.5192727272727272,9.0,35.9,44.9,25.7,9.7,6.1,10.8,20.5,123.6,19.270000000000003,100.9,0.1131,0.5679000000000001,0.6111000000000001,0.5763999999999999,2.267,0.27040000000000003,0.732,0.5107999999999999,0.5904999999999999,-4.0
0022500425,13.0,32.0,45.0,25.125,5.625,5.0,12.625,21.375,112.125,-12.3875,99.25,0.12875,0.52125,0.5571250000000001,0.61625,2.295,0.314375,0.64225,0.47975,0.4425,11.666666666666666,30.22222222222222,41.888888888888886,28.22222222222222,8.11111111111111,5.0,15.222222222222221,20.11111111111111,102.88888888888889,-5.666666666666668,96.27777777777777,0.1653333333333333,0.5188888888888887,0.5433333333333333,0.7175555555555556,1.818888888888889,0.3244444444444444,0.6855555555555556,0.4961111111111111,0.47044444444444444,21.0
0022301110,11.0,35.5,46.5,30.6,5.7,6.5,13.9,16.6,115.5,3.0500000000000003,96.8,0.15289999999999998,0.5936,0.6161999999999999,0.6925000000000001,2.2039999999999997,0.30369999999999997,0.7417,0.5371,0.5241999999999999,7.454545454545454,31.0,38.45454545454545,30.454545454545453,5.909090909090909,3.8181818181818183,13.090909090909092,16.0,107.18181818181819,-3.1545454545454543,94.45454545454545,0.15018181818181817,0.5669090909090909,0.5960909090909091,0.7601818181818182,2.1854545454545455,0.2467272727272727,0.7070909090909091,0.48081818181818187,0.4946363636363636,21.0
0022300478,13.1,32.7,45.8,28.7,7.0,3.9,12.5,18.7,120.1,1.06,98.636,0.1306,0.5645,0.5963999999999999,0.6491,2.241,0.3231,0.7094,0.5162,0.5144,10.3,34.8,45.1,29.8,7.8,6.2,10.4,17.7,117.4,9.86,98.1,0.1146,0.5652,0.5958,0.6742000000000001,2.909,0.2875,0.7155,0.5109,0.5603,-3.0
0022400439,14.625,34.25,48.875,22.0,7.25,5.5,14.75,16.875,113.125,6.775,98.58375000000001,0.15625,0.53325,0.56625,0.52075,1.5125,0.36312500000000003,0.712125,0.5371250000000001,0.520375,8.333333333333334,34.333333333333336,42.666666666666664,23.88888888888889,8.666666666666666,3.4444444444444446,13.88888888888889,18.0,111.22222222222223,1.6555555555555554,98.30000000000001,0.1501111111111111,0.5471111111111111,0.5897777777777777,0.6133333333333333,1.7411111111111113,0.25133333333333335,0.753,0.5048888888888888,0.5054444444444445,-4.0
0022400973,11.666666666666666,28.333333333333332,40.0,30.0,9.333333333333334,4.0,12.166666666666666,17.75,118.83333333333333,-7.166666666666667,100.33333333333333,0.12866666666666668,0.5661666666666666,0.5870000000000001,0.6720833333333333,2.493333333333333,0.2974166666666667,0.6369166666666667,0.46291666666666664,0.4661666666666667,14.083333333333334,32.083333333333336,46.166666666666664,26.75,7.083333333333333,4.916666666666667,13.583333333333334,16.583333333333332,111.58333333333333,-5.716666666666666,98.70833333333333,0.1400833333333333,0.5253333333333333,0.5546666666666668,0.6295833333333334,2.1341666666666668,0.33725,0.6789999999999999,0.5044166666666666,0.4729166666666667,4.0
0022300047,9.1,29.3,38.4,30.5,8.3,6.5,13.2,22.3,131.9,5.190000000000001,104.75,0.13419999999999999,0.6113999999999999,0.64,0.6288,2.2529999999999997,0.2901,0.6833,0.4856999999999999,0.5120000000000001,12.4,32.3,44.7,26.2,5.5,4.9,16.4,22.9,109.9,-9.81,100.25,0.16879999999999998,0.5201,0.5631,0.6388,1.557,0.3113,0.7234,0.5163,0.44299999999999995,23.0
0022300240,12.6,35.0,47.6,24.9,5.4,5.2,12.3,18.8,114.0,-2.4899999999999993,98.306,0.1329,0.5385,0.5640999999999999,0.5906,2.089,0.31009999999999993,0.7149000000000001,0.5116999999999999,0.48240000000000005,8.727272727272727,31.09090909090909,39.81818181818182,26.545454545454547,9.454545454545455,3.272727272727273,12.181818181818182,17.818181818181817,113.36363636363636,7.654545454545455,97.22727272727273,0.1348181818181818,0.5580909090909091,0.6062727272727272,0.6601818181818182,2.2572727272727273,0.2555454545454545,0.7407272727272727,0.5005454545454545,0.5452727272727272,15.0
0022300755,13.4,34.0,47.4,24.4,7.0,4.9,10.4,15.9,115.7,12.15,94.55,0.1143,0.5553,0.5873,0.5553,2.574,0.3266,0.7442,0.5354,0.5536000000000001,10.833333333333334,30.75,41.583333333333336,30.25,7.25,4.916666666666667,13.0,21.333333333333332,118.66666666666667,-1.9416666666666667,100.875,0.12975,0.5664166666666667,0.5895833333333335,0.66025,2.4825000000000004,0.2865,0.69525,0.4870833333333333,0.4974166666666667,-14.0
0022400815,12.0,33.111111111111114,45.111111111111114,21.555555555555557,8.0,6.0,10.88888888888889,20.22222222222222,106.22222222222223,-0.2333333333333335,98.0,0.12622222222222224,0.4997777777777777,0.5396666666666667,0.5624444444444445,1.8377777777777777,0.29344444444444445,0.7326666666666666,0.5011111111111112,0.48411111111111116,10.875,34.25,45.125,28.25,6.5,4.0,14.25,20.25,116.875,-2.1499999999999995,100.75999999999999,0.14875,0.555125,0.5871250000000001,0.66725,1.90125,0.291875,0.731125,0.5137499999999999,0.4865,20.0
0022300586,10.75,38.166666666666664,48.916666666666664,25.25,5.75,6.583333333333333,12.083333333333334,17.166666666666668,123.0,9.483333333333333,101.07916666666667,0.12466666666666666,0.5596666666666666,0.6005833333333334,0.5923333333333333,2.1125000000000003,0.2798333333333333,0.7345,0.5163333333333334,0.5409166666666667,8.5,32.8,41.3,30.1,7.0,5.0,13.1,19.0,120.1,5.53,98.6,0.14379999999999998,0.6025,0.6325000000000001,0.6673,2.2440000000000007,0.2811,0.7343,0.5226,0.5245000000000001,-2.0
0022501114,12.5,33.0,45.5,25.7,6.7,3.5,13.5,19.5,118.7,13.020000000000001,96.2,0.155,0.5739,0.6087,0.6132000000000001,1.768,0.3819,0.7422,0.5595,0.5516,12.818181818181818,29.545454545454547,42.36363636363637,26.0,8.909090909090908,4.909090909090909,11.363636363636363,21.0,116.18181818181819,3.9000000000000004,98.5,0.12554545454545452,0.5420909090909092,0.573090909090909,0.6216363636363637,2.6318181818181823,0.34154545454545454,0.7074545454545454,0.5115454545454545,0.49981818181818183,20.0
0022500277,13.6,31.4,45.0,25.6,7.9,4.5,11.1,23.2,113.1,3.6900000000000013,96.35,0.12050000000000001,0.5379,0.5641,0.6049999999999999,2.497,0.32919999999999994,0.6899000000000001,0.5014000000000001,0.4997999999999999,10.636363636363637,34.18181818181818,44.81818181818182,26.545454545454547,9.0,5.090909090909091,14.181818181818182,21.363636363636363,118.81818181818181,8.363636363636362,99.86818181818181,0.14727272727272725,0.5476363636363636,0.6038181818181818,0.6488181818181817,1.9036363636363638,0.31972727272727275,0.7232727272727273,0.5285454545454545,0.5625454545454546,9.0
0022400310,13.818181818181818,38.27272727272727,52.09090909090909,24.272727272727273,10.727272727272727,7.181818181818182,13.272727272727273,19.272727272727273,115.45454545454545,11.136363636363638,102.41636363636363,0.13672727272727273,0.5034545454545454,0.5429090909090909,0.5662727272727273,1.8263636363636366,0.33499999999999996,0.7254545454545455,0.5297272727272728,0.5752727272727273,11.0,30.5,41.5,24.8,11.1,6.1,10.7,20.3,112.3,6.860000000000001,98.0,0.1172,0.5295000000000001,0.564,0.5986,2.2640000000000002,0.28959999999999997,0.6505,0.46820000000000006,0.5418000000000001,3.0
0022401187,12.818181818181818,35.0,47.81818181818182,29.09090909090909,5.545454545454546,5.090909090909091,11.181818181818182,13.909090909090908,117.0,12.390909090909089,94.12545454545456,0.12399999999999999,0.5742727272727273,0.5986363636363637,0.6778181818181818,2.6500000000000004,0.32236363636363635,0.7275454545454546,0.5314545454545456,0.5547272727272726,9.727272727272727,34.54545454545455,44.27272727272727,24.0,5.363636363636363,3.6363636363636362,15.636363636363637,16.454545454545453,102.18181818181819,-16.172727272727272,98.27272727272727,0.1648181818181818,0.5070909090909091,0.5419090909090909,0.6331818181818182,1.517272727272727,0.284,0.7183636363636363,0.5014545454545455,0.43036363636363634,7.0
0022301053,9.090909090909092,29.0,38.09090909090909,26.727272727272727,9.0,4.454545454545454,15.0,17.727272727272727,103.63636363636364,-14.936363636363637,99.95,0.15218181818181817,0.5149999999999999,0.5425454545454547,0.6736363636363637,1.952727272727273,0.23381818181818181,0.6577272727272727,0.4401818181818182,0.4314545454545455,12.4,33.6,46.0,24.5,7.5,5.2,12.4,16.8,102.8,8.92,92.55,0.15220000000000003,0.5220999999999999,0.5489,0.6361000000000001,1.879,0.32120000000000004,0.7165,0.5209,0.5422999999999999,-44.0
0022500706,11.909090909090908,31.363636363636363,43.27272727272727,29.90909090909091,8.0,5.2727272727272725,13.363636363636363,20.818181818181817,112.27272727272727,-0.8727272727272729,98.44636363636364,0.13827272727272727,0.5202727272727272,0.5632727272727273,0.7267272727272727,2.289090909090909,0.30654545454545457,0.7277272727272727,0.5080909090909091,0.5073636363636363,9.75,29.583333333333332,39.333333333333336,30.666666666666668,8.0,3.5833333333333335,15.0,20.333333333333332,114.5,-14.741666666666667,102.58333333333333,0.1526666666666667,0.5486666666666666,0.5848333333333334,0.7239166666666668,1.9858333333333331,0.2585,0.6820833333333334,0.4705833333333334,0.44083333333333335,7.0
0022300771,9.7,30.1,39.8,28.8,8.1,5.6,11.7,20.0,112.9,-0.51,98.35,0.12530000000000002,0.5511999999999999,0.5767,0.6763999999999999,2.4999999999999996,0.2578,0.7,0.4723,0.4885999999999999,9.4,37.6,47.0,28.0,5.8,7.5,11.0,15.2,120.9,8.32,99.8,0.1153,0.5871000000000001,0.6173,0.6293,2.55,0.2521,0.7189,0.5093,0.5469000000000002,-8.0
0022400583,10.0,32.45454545454545,42.45454545454545,24.545454545454547,7.636363636363637,6.636363636363637,14.090909090909092,18.454545454545453,108.72727272727273,-4.281818181818181,99.72727272727273,0.14672727272727273,0.5261818181818182,0.5621818181818181,0.6236363636363635,1.7545454545454546,0.27127272727272733,0.6901818181818182,0.48427272727272724,0.4799090909090909,8.833333333333334,34.083333333333336,42.916666666666664,27.083333333333332,10.083333333333334,4.916666666666667,11.5,19.5,120.25,15.524999999999999,101.33333333333333,0.12158333333333333,0.5723333333333332,0.606,0.5988333333333333,2.6408333333333336,0.24750000000000003,0.7125,0.48983333333333334,0.5794166666666666,8.0
0022400400,10.75,33.625,44.375,26.5,12.5,5.125,11.375,20.875,116.875,13.837499999999999,99.22375,0.11837500000000001,0.554125,0.58625,0.604625,2.6799999999999997,0.285625,0.6928749999999999,0.49387499999999995,0.58225,12.875,35.0,47.875,24.125,7.75,6.75,17.5,20.875,106.125,-13.212499999999999,103.15625,0.172125,0.51,0.539,0.60675,1.4125,0.28375,0.6717500000000001,0.482,0.429125,18.0
0022400652,9.909090909090908,36.90909090909091,46.81818181818182,27.272727272727273,7.0,4.363636363636363,12.636363636363637,14.545454545454545,109.45454545454545,-0.9181818181818183,97.54545454545455,0.1349090909090909,0.5329999999999999,0.5669090909090908,0.6777272727272726,2.2899999999999996,0.24527272727272728,0.7358181818181818,0.4964545454545455,0.5010000000000001,12.090909090909092,29.181818181818183,41.27272727272727,21.454545454545453,8.181818181818182,5.0,12.272727272727273,21.0,97.63636363636364,-11.236363636363636,95.63636363636364,0.14318181818181816,0.47145454545454546,0.5053636363636363,0.6080909090909091,1.7672727272727273,0.30836363636363634,0.7349090909090908,0.49481818181818177,0.41981818181818176,6.0
0022300036,11.3,31.5,42.8,22.1,8.1,5.8,15.2,21.0,104.1,-6.19,98.81700000000001,0.157,0.4861,0.5264999999999999,0.576,1.404,0.28589999999999993,0.7097,0.4896,0.4412,7.363636363636363,36.18181818181818,43.54545454545455,25.545454545454547,7.909090909090909,7.090909090909091,14.727272727272727,18.454545454545453,113.36363636363636,-2.0909090909090904,100.67818181818183,0.1447272727272727,0.5494545454545454,0.5890000000000001,0.6142727272727272,1.862727272727273,0.22372727272727272,0.7048181818181818,0.48000000000000004,0.5164545454545454,-13.0
0022401086,12.666666666666666,28.666666666666668,41.333333333333336,27.833333333333332,9.25,3.5833333333333335,11.833333333333334,17.666666666666668,119.58333333333333,-1.991666666666666,99.16666666666667,0.12408333333333334,0.5631666666666667,0.5949999999999999,0.6429999999999999,2.4574999999999996,0.3066666666666667,0.6758333333333334,0.4835833333333333,0.48141666666666666,10.9,31.9,42.8,27.7,10.5,4.6,14.0,18.9,111.0,2.9499999999999993,98.7,0.1568,0.5420999999999999,0.5829000000000001,0.7299000000000001,1.8980000000000001,0.2861,0.7247999999999999,0.49820000000000003,0.5128,-42.0
0022500785,12.818181818181818,29.727272727272727,42.54545454545455,23.727272727272727,9.727272727272727,3.1818181818181817,13.272727272727273,20.636363636363637,110.0,0.9454545454545453,98.0909090909091,0.14427272727272727,0.5355454545454547,0.5663636363636363,0.5878181818181818,1.8800000000000003,0.30272727272727273,0.6543636363636365,0.4735454545454545,0.48454545454545445,10.2,33.1,43.3,24.5,9.2,5.2,12.7,17.1,113.2,5.64,98.65,0.1329,0.5446000000000001,0.5849,0.6139,1.97,0.2692,0.6958,0.4889,0.5268999999999999,-27.0
0022500759,10.5,31.8,42.3,29.9,8.6,6.2,13.4,19.3,114.1,1.4999999999999996,100.1,0.14250000000000002,0.5513000000000001,0.5898,0.711,2.232,0.2811,0.6976000000000001,0.49029999999999996,0.5206000000000001,8.8,33.7,42.5,28.9,7.7,4.0,14.8,19.2,109.6,-8.830000000000002,102.3,0.14850000000000002,0.5344,0.5656000000000001,0.7194,2.3489999999999998,0.24230000000000002,0.7287,0.48369999999999996,0.4574,18.0
0022500532,13.1,33.8,46.9,23.1,7.5,5.7,11.3,18.1,121.2,12.450000000000001,97.0,0.1252,0.5770000000000001,0.6051,0.5188999999999999,2.207,0.3574,0.7204,0.5417,0.5456,12.818181818181818,32.90909090909091,45.72727272727273,28.0,7.909090909090909,4.909090909090909,11.818181818181818,20.0,110.63636363636364,1.5545454545454553,98.2209090909091,0.12400000000000001,0.5132727272727273,0.5467272727272726,0.6748181818181819,2.4463636363636363,0.3004545454545455,0.7038181818181818,0.4964545454545454,0.5087272727272727,8.0
0022400481,7.555555555555555,33.888888888888886,41.44444444444444,25.11111111111111,8.777777777777779,3.3333333333333335,14.0,17.666666666666668,109.11111111111111,-1.1000000000000003,97.52222222222223,0.15500000000000003,0.5506666666666667,0.5926666666666667,0.6445555555555555,1.7588888888888892,0.2287777777777778,0.7307777777777777,0.48933333333333334,0.5025555555555555,11.666666666666666,33.111111111111114,44.77777777777778,25.666666666666668,6.666666666666667,5.111111111111111,18.22222222222222,18.77777777777778,114.66666666666667,-7.955555555555557,100.77777777777777,0.18377777777777776,0.5674444444444444,0.5994444444444444,0.6342222222222222,1.4577777777777778,0.30877777777777776,0.7222222222222222,0.5151111111111111,0.4570000000000001,-36.0
0022500070,9.555555555555555,28.88888888888889,38.44444444444444,24.88888888888889,6.333333333333333,4.666666666666667,13.777777777777779,19.88888888888889,106.88888888888889,-8.777777777777779,95.77777777777777,0.15155555555555555,0.5245555555555554,0.5715555555555555,0.6922222222222222,1.8655555555555554,0.2798888888888889,0.6863333333333334,0.47777777777777775,0.44855555555555554,11.88888888888889,33.888888888888886,45.77777777777778,25.11111111111111,7.111111111111111,6.0,15.0,20.22222222222222,112.22222222222223,-5.366666666666666,99.80666666666667,0.15133333333333335,0.5244444444444444,0.5656666666666665,0.6216666666666666,1.8155555555555556,0.3136666666666666,0.7104444444444443,0.5104444444444445,0.47611111111111115,-12.0
0022401035,15.833333333333334,35.083333333333336,50.916666666666664,24.0,8.25,4.583333333333333,14.0,17.916666666666668,117.33333333333333,6.791666666666668,98.56,0.1495,0.547,0.5705833333333334,0.5419166666666667,1.735,0.3809166666666666,0.7496666666666667,0.5565000000000001,0.5260000000000001,11.181818181818182,31.09090909090909,42.27272727272727,29.545454545454547,8.272727272727273,4.909090909090909,13.545454545454545,18.818181818181817,117.36363636363636,-5.327272727272728,99.42909090909092,0.14081818181818181,0.5644545454545454,0.5952727272727273,0.6699999999999999,2.3136363636363635,0.3117272727272727,0.6950909090909092,0.5041818181818182,0.484,-5.0
0022400262,9.75,33.583333333333336,43.333333333333336,28.25,7.833333333333333,6.583333333333333,14.833333333333334,15.416666666666666,109.75,0.3500000000000001,99.08333333333333,0.15908333333333333,0.5481666666666667,0.5819166666666666,0.7114166666666667,1.9675,0.27608333333333335,0.7104166666666667,0.4987500000000001,0.5159166666666667,11.1,30.9,42.0,25.0,7.9,3.8,17.1,19.3,110.4,-8.11,99.25,0.1885,0.5488,0.5898,0.6366,1.451,0.31589999999999996,0.704,0.5133,0.46229999999999993,8.0
0022501092,13.0,31.181818181818183,44.18181818181818,29.454545454545453,9.454545454545455,4.363636363636363,12.636363636363637,18.272727272727273,121.36363636363636,9.245454545454544,100.28363636363635,0.12781818181818183,0.5604545454545455,0.5920909090909091,0.6600909090909091,2.6045454545454545,0.32936363636363636,0.7076363636363637,0.5113636363636362,0.5442727272727272,11.545454545454545,35.36363636363637,46.90909090909091,24.0,6.090909090909091,2.8181818181818183,11.727272727272727,19.0,111.72727272727273,6.363636363636362,95.68181818181819,0.1312727272727273,0.5346363636363637,0.5800909090909091,0.6142727272727272,2.0336363636363632,0.3221818181818182,0.7491818181818182,0.5373636363636364,0.5324545454545455,10.0
0022400882,7.75,30.875,38.625,32.0,8.25,5.25,11.875,17.125,122.375,4.9625,100.38499999999999,0.127625,0.5980000000000001,0.626125,0.704625,2.70125,0.254,0.68425,0.476375,0.5331250000000001,14.125,35.0,49.125,23.125,6.25,5.0,14.75,18.125,112.75,-0.7999999999999999,101.5,0.15175,0.5229999999999999,0.545625,0.543125,1.8175000000000001,0.339875,0.7222500000000001,0.52625,0.47575,13.0
0022500224,10.3,30.6,40.9,24.4,9.2,5.1,15.5,18.3,108.9,-5.210000000000001,96.25,0.1697,0.5585,0.5942000000000001,0.6166,1.5690000000000002,0.28950000000000004,0.6806,0.49300000000000005,0.48100000000000004,11.7,36.2,47.9,30.2,8.0,3.7,13.0,20.6,124.0,13.2,100.995,0.13840000000000002,0.5743,0.6174999999999999,0.6625,2.3449999999999998,0.32180000000000003,0.7257999999999999,0.5361,0.5834,-14.0
0022300236,10.727272727272727,31.90909090909091,42.63636363636363,28.0,7.0,7.2727272727272725,14.454545454545455,19.0,119.36363636363636,1.7272727272727266,97.11090909090909,0.14954545454545454,0.5656363636363637,0.6119090909090908,0.669,2.0345454545454547,0.31281818181818183,0.6937272727272726,0.5103636363636365,0.5194545454545454,14.0,31.818181818181817,45.81818181818182,27.727272727272727,6.909090909090909,2.727272727272727,14.363636363636363,21.0,113.27272727272727,-3.0999999999999996,99.77090909090909,0.14409090909090908,0.5191818181818182,0.5604545454545455,0.7009090909090908,2.0254545454545454,0.3110909090909091,0.7234545454545455,0.506909090909091,0.47190909090909083,8.0
0022300973,7.4,34.2,41.6,28.2,6.2,4.8,12.7,13.8,118.6,-0.66,99.69800000000001,0.134,0.5969999999999999,0.6203000000000001,0.6224000000000001,2.5309999999999997,0.2225,0.7253999999999998,0.4859,0.5053,11.909090909090908,35.18181818181818,47.09090909090909,28.272727272727273,7.909090909090909,5.2727272727272725,14.818181818181818,17.09090909090909,110.18181818181819,-0.38181818181818145,101.0,0.1529090909090909,0.5281818181818182,0.5523636363636364,0.6703636363636364,1.9054545454545453,0.3076363636363636,0.7404545454545454,0.5205454545454544,0.49545454545454537,-7.0
0022500368,10.444444444444445,31.77777777777778,42.22222222222222,28.22222222222222,6.111111111111111,4.111111111111111,12.777777777777779,21.555555555555557,120.11111111111111,4.855555555555556,98.83111111111111,0.1396666666666667,0.5747777777777778,0.6114444444444445,0.6721111111111111,2.1355555555555554,0.29744444444444446,0.7361111111111112,0.5162222222222222,0.5241111111111112,10.75,36.5,47.25,29.875,7.875,5.875,15.875,21.5,119.0,6.5625,99.95875000000001,0.158625,0.5720000000000001,0.602875,0.6732499999999999,2.0300000000000002,0.320125,0.7306250000000001,0.5355,0.549625,-6.0
0022401154,12.1,29.6,41.7,27.1,6.9,3.4,12.9,18.2,113.1,-6.93,96.3,0.13999999999999999,0.5563,0.5875999999999999,0.6353,2.142,0.30569999999999997,0.7211,0.5035000000000001,0.4638,12.181818181818182,31.0,43.18181818181818,28.181818181818183,11.0,3.5454545454545454,13.818181818181818,18.09090909090909,114.27272727272727,3.772727272727273,98.95454545454545,0.14927272727272725,0.544,0.5810909090909091,0.7080909090909091,2.0527272727272727,0.3119090909090909,0.7293636363636365,0.5072727272727273,0.515,-38.0
0022500252,10.7,33.5,44.2,28.5,9.0,4.7,16.5,20.7,118.1,2.91,101.25,0.16639999999999996,0.5756,0.6164,0.6763000000000001,1.777,0.31050000000000005,0.7299,0.5292,0.5333,10.909090909090908,32.90909090909091,43.81818181818182,27.636363636363637,8.0,3.5454545454545454,14.636363636363637,20.818181818181817,108.72727272727273,-10.127272727272727,101.81818181818181,0.14654545454545453,0.4968181818181818,0.5452727272727272,0.7345454545454545,1.9163636363636365,0.27890909090909094,0.7117272727272728,0.48718181818181816,0.45290909090909093,10.0
0022300299,10.0,31.666666666666668,41.666666666666664,23.11111111111111,7.0,6.666666666666667,12.333333333333334,20.11111111111111,102.0,-6.355555555555556,96.83333333333333,0.1396666666666667,0.5035555555555555,0.5376666666666666,0.6075555555555555,1.7811111111111113,0.2718888888888889,0.6992222222222222,0.48344444444444445,0.461,11.125,31.5,42.625,25.25,7.125,5.25,9.75,19.125,114.0,1.9500000000000002,98.5625,0.102375,0.5265,0.558,0.6105,2.90625,0.280875,0.662625,0.46799999999999997,0.49887499999999996,-7.0
0022500561,9.3,36.3,45.6,25.8,6.6,4.9,14.6,14.2,112.8,-5.08,103.3,0.1479,0.5425000000000001,0.5685,0.5833999999999999,1.7899999999999998,0.27080000000000004,0.7241,0.5054000000000001,0.4816,11.3,27.7,39.0,24.8,10.0,4.6,14.9,19.9,106.8,-2.73,95.197,0.15960000000000002,0.5305,0.5679000000000001,0.6628999999999999,1.735,0.3056,0.6611999999999999,0.4808,0.47450000000000003,8.0
0022500794,11.0,29.25,40.25,24.125,8.875,4.25,12.125,18.875,113.625,-2.25,97.875,0.130625,0.5393749999999999,0.5894999999999999,0.5934999999999999,2.2474999999999996,0.291625,0.6763750000000001,0.480875,0.491875,11.375,30.875,42.25,27.375,8.5,4.25,11.375,19.125,114.625,-3.9374999999999996,100.8125,0.113875,0.5285,0.5571250000000001,0.6378750000000001,2.585,0.282625,0.651375,0.46237500000000004,0.47962499999999997,-10.0
0022300699,12.75,31.416666666666668,44.166666666666664,25.666666666666668,7.5,3.6666666666666665,12.916666666666666,17.916666666666668,115.08333333333333,-5.583333333333333,102.45833333333333,0.13583333333333333,0.5200833333333333,0.5600833333333334,0.617,2.105833333333333,0.3025833333333333,0.7281666666666666,0.4988333333333333,0.4618333333333334,9.25,34.5,43.75,30.875,6.625,5.375,12.375,20.625,127.0,4.5874999999999995,99.7625,0.12625,0.6087500000000001,0.631,0.644,2.9137500000000003,0.28425,0.7301249999999999,0.5171250000000001,0.5263749999999999,7.0
0022300482,12.5,32.7,45.2,30.1,7.3,4.3,11.2,20.0,119.1,4.430000000000001,97.128,0.12290000000000001,0.5586,0.5836,0.6759999999999999,2.6149999999999998,0.34550000000000003,0.7309,0.5286000000000001,0.5176000000000001,8.5,32.3,40.8,27.4,7.3,6.0,11.7,18.9,117.0,-8.18,103.2,0.1182,0.5540999999999999,0.5794999999999999,0.6226,2.4999999999999996,0.22679999999999997,0.6507,0.44370000000000004,0.46449999999999997,24.0
0022400690,11.636363636363637,32.27272727272727,43.90909090909091,27.181818181818183,7.545454545454546,5.545454545454546,13.818181818181818,17.818181818181817,118.72727272727273,8.681818181818182,97.81818181818181,0.149,0.5888181818181818,0.6244545454545454,0.6401818181818183,2.0,0.3091818181818181,0.6968181818181818,0.514909090909091,0.5446363636363636,10.5,32.083333333333336,42.583333333333336,23.25,7.833333333333333,4.0,13.916666666666666,18.75,101.58333333333333,-21.241666666666667,101.95833333333333,0.1465,0.4685000000000001,0.509,0.6515833333333333,1.7508333333333332,0.261,0.7055833333333333,0.46325,0.3781666666666667,-2.0
0022300244,10.666666666666666,33.666666666666664,44.333333333333336,24.333333333333332,10.0,4.222222222222222,13.444444444444445,20.0,107.77777777777777,-2.755555555555555,98.5,0.14322222222222225,0.5145555555555554,0.5566666666666666,0.6242222222222222,1.9433333333333331,0.29588888888888887,0.6941111111111111,0.4972222222222223,0.5016666666666667,10.090909090909092,31.818181818181817,41.90909090909091,26.454545454545453,6.0,4.181818181818182,11.272727272727273,18.363636363636363,121.18181818181819,-0.6727272727272727,101.68181818181819,0.11372727272727273,0.5634545454545454,0.5909090909090909,0.6048181818181819,2.726363636363636,0.2588181818181818,0.6915454545454545,0.4688181818181818,0.4901818181818182,19.0
0022400250,9.75,34.833333333333336,44.583333333333336,24.333333333333332,8.083333333333334,4.916666666666667,13.333333333333334,20.75,116.91666666666667,4.975,98.03333333333335,0.13933333333333334,0.5580833333333334,0.5956666666666667,0.5560833333333333,1.7699999999999998,0.28675,0.7118333333333333,0.5110833333333333,0.5295,12.666666666666666,31.5,44.166666666666664,29.25,10.333333333333334,4.916666666666667,16.083333333333332,18.583333333333332,115.66666666666667,-5.3,103.875,0.16091666666666668,0.5325833333333334,0.56725,0.6874166666666667,1.910833333333333,0.33266666666666667,0.6997499999999999,0.5110833333333333,0.48499999999999993,-1.0
0022501082,8.416666666666666,30.0,38.416666666666664,24.916666666666668,7.75,3.25,15.416666666666666,19.833333333333332,105.5,-16.125000000000004,97.91666666666667,0.16575,0.5590833333333334,0.57625,0.6361666666666667,1.7541666666666667,0.24925000000000008,0.6824166666666666,0.462,0.4165833333333333,10.166666666666666,29.083333333333332,39.25,24.916666666666668,10.916666666666666,5.916666666666667,11.583333333333334,18.583333333333332,121.08333333333333,6.591666666666668,98.58749999999999,0.123,0.582,0.6184166666666667,0.5636666666666666,2.2866666666666666,0.28991666666666666,0.6585833333333334,0.47708333333333336,0.5270833333333332,-14.0
0022400969,11.0,34.75,45.75,27.833333333333332,9.666666666666666,6.083333333333333,14.583333333333334,21.833333333333332,121.33333333333333,7.374999999999999,103.79166666666667,0.15008333333333332,0.5673333333333334,0.60375,0.6226666666666666,1.9000000000000001,0.30025,0.7309166666666665,0.5230833333333333,0.5615,10.583333333333334,34.583333333333336,45.166666666666664,29.25,9.166666666666666,6.416666666666667,10.583333333333334,19.416666666666668,127.83333333333333,10.258333333333335,102.09583333333335,0.10691666666666666,0.5824999999999999,0.6178333333333332,0.6279166666666666,2.8533333333333335,0.2674166666666667,0.703,0.49249999999999994,0.5581666666666667,-6.0
0022500804,10.375,29.25,39.625,27.125,10.875,3.75,13.375,20.75,118.125,-5.7749999999999995,101.1875,0.13924999999999998,0.564375,0.59775,0.63575,2.22125,0.288625,0.661,0.47237500000000004,0.48,12.0,35.25,47.25,28.0,9.875,3.75,15.25,22.875,115.125,0.2124999999999999,103.1875,0.154625,0.542375,0.577875,0.659,1.9687499999999998,0.293625,0.726125,0.5151249999999999,0.506625,9.0
0022501222,12.11111111111111,29.22222222222222,41.333333333333336,24.666666666666668,8.666666666666666,5.777777777777778,11.11111111111111,20.333333333333332,122.66666666666667,9.47777777777778,95.77777777777777,0.127,0.5998888888888889,0.6284444444444444,0.55,2.393333333333333,0.3254444444444445,0.6581111111111111,0.49455555555555564,0.530888888888889,14.444444444444445,33.0,47.44444444444444,25.22222222222222,8.777777777777779,5.888888888888889,16.555555555555557,22.88888888888889,119.88888888888889,4.788888888888889,101.72222222222223,0.17122222222222225,0.5413333333333333,0.5873333333333334,0.5956666666666667,1.5311111111111113,0.384,0.7046666666666667,0.5453333333333333,0.5218888888888888,-7.0
0022300042,7.818181818181818,34.90909090909091,42.72727272727273,25.727272727272727,8.454545454545455,6.7272727272727275,15.363636363636363,17.0,112.0,-0.9909090909090906,99.51545454545455,0.1548181818181818,0.5586363636363636,0.5943636363636364,0.6185454545454546,1.789090909090909,0.24400000000000002,0.6940909090909092,0.4863636363636364,0.5226363636363636,15.1,32.4,47.5,27.8,6.4,6.4,17.1,21.2,118.1,-3.170000000000001,100.95,0.1725,0.55,0.5848000000000001,0.6512,1.7139999999999997,0.3483,0.7176,0.5331,0.479,32.0
0022401149,11.555555555555555,33.111111111111114,44.666666666666664,23.666666666666668,7.888888888888889,5.111111111111111,11.11111111111111,17.555555555555557,109.11111111111111,7.01111111111111,94.83333333333333,0.13555555555555557,0.5304444444444445,0.5698888888888889,0.5905555555555555,1.9166666666666667,0.3075555555555556,0.725111111111111,0.5132222222222222,0.5347777777777778,11.4,30.9,42.3,31.6,9.3,4.1,13.3,21.0,124.4,3.7700000000000005,101.45,0.139,0.5923999999999999,0.6203000000000001,0.6820999999999999,2.392,0.30219999999999997,0.7301,0.5137,0.5124,7.0
0022400035,9.3,32.8,42.1,23.9,7.7,5.3,15.6,22.1,105.8,-16.490000000000002,102.45,0.1584,0.5105999999999999,0.5411999999999999,0.6019,1.584,0.2605,0.6940999999999999,0.4763,0.4107,9.0,32.25,41.25,29.5,7.5,5.5,15.25,18.583333333333332,119.5,-7.016666666666667,103.86,0.1515,0.5754166666666666,0.6055833333333333,0.6749999999999999,2.0425,0.2536666666666667,0.6899166666666665,0.4751666666666667,0.46658333333333335,-19.0
0022400275,9.272727272727273,34.0,43.27272727272727,28.90909090909091,8.0,4.909090909090909,11.909090909090908,15.909090909090908,122.9090909090909,8.890909090909092,99.4090909090909,0.12745454545454546,0.6054545454545455,0.6338181818181817,0.6316363636363637,2.570909090909091,0.27081818181818185,0.7342727272727273,0.5113636363636364,0.5508181818181818,12.7,32.0,44.7,27.1,7.9,3.8,15.3,21.4,110.6,-3.78,98.11699999999999,0.1588,0.5222,0.5532999999999999,0.6542,1.9119999999999997,0.3412,0.6728000000000001,0.5067,0.47359999999999997,14.0
0022500299,13.545454545454545,31.181818181818183,44.72727272727273,24.0,11.0,4.181818181818182,15.545454545454545,22.0,117.0909090909091,7.481818181818183,99.63636363636364,0.16527272727272727,0.5572727272727273,0.5921818181818183,0.5690909090909091,1.7381818181818183,0.36399999999999993,0.7073636363636363,0.5322727272727273,0.5276363636363638,11.818181818181818,33.0,44.81818181818182,28.363636363636363,6.636363636363637,3.727272727272727,13.090909090909092,19.09090909090909,124.45454545454545,8.58181818181818,99.77272727272727,0.13854545454545455,0.5908181818181818,0.6306363636363637,0.6398181818181817,2.1590909090909096,0.33872727272727277,0.6961818181818181,0.5284545454545454,0.5494545454545455,-18.0
0022500364,9.3,31.2,40.5,23.6,8.2,6.7,14.1,21.7,114.1,0.41999999999999976,100.7,0.1493,0.5570999999999999,0.5941,0.5765,1.623,0.2611,0.6648,0.4707,0.5004000000000001,9.2,30.4,39.6,24.6,9.7,4.4,12.2,19.9,109.8,-9.32,100.412,0.1246,0.5210999999999999,0.5505,0.5846,2.246,0.254,0.6555,0.4513999999999999,0.4524,11.0
0022300575,10.909090909090908,32.63636363636363,43.54545454545455,27.727272727272727,8.636363636363637,5.7272727272727275,11.818181818181818,19.181818181818183,118.63636363636364,10.50909090909091,96.80818181818182,0.13081818181818183,0.5806363636363637,0.613090909090909,0.6374545454545454,2.2809090909090908,0.3186363636363636,0.7032727272727274,0.5188181818181818,0.5475454545454547,10.3,30.4,40.7,24.1,5.8,4.6,12.5,18.3,102.6,-15.26,97.583,0.1393,0.5006,0.5305,0.6283,2.012,0.24980000000000002,0.7373000000000001,0.4707,0.40750000000000003,20.0
0022400535,12.090909090909092,33.81818181818182,45.90909090909091,24.09090909090909,6.545454545454546,4.636363636363637,14.818181818181818,18.181818181818183,107.0909090909091,-1.6363636363636365,95.9090909090909,0.1611818181818182,0.540090909090909,0.5702727272727273,0.6283636363636363,1.6572727272727272,0.3179090909090909,0.7038181818181818,0.5127272727272727,0.49418181818181817,14.1,35.4,49.5,28.8,9.1,5.6,18.0,20.4,122.8,1.7899999999999998,106.75,0.17429999999999998,0.545,0.5822,0.6632,1.5699999999999998,0.3461,0.7223999999999999,0.533,0.5085,-2.0
0022300673,10.571428571428571,33.0,43.57142857142857,29.571428571428573,6.285714285714286,4.714285714285714,12.285714285714286,21.0,125.85714285714286,-4.371428571428571,99.94285714285715,0.12242857142857143,0.5871428571428572,0.608,0.6205714285714287,2.95,0.298,0.7117142857142856,0.5021428571428571,0.4715714285714286,10.5,30.5,41.0,23.9,8.0,6.0,10.0,22.1,117.9,1.6299999999999997,97.49300000000001,0.1075,0.5355,0.5873999999999999,0.5718,2.69,0.28480000000000005,0.6514,0.4711,0.5137,12.0
0022400965,11.636363636363637,34.36363636363637,46.0,29.636363636363637,6.545454545454546,4.181818181818182,13.272727272727273,17.636363636363637,118.72727272727273,-2.3636363636363638,99.97454545454546,0.13772727272727273,0.5679090909090909,0.5928181818181818,0.6557272727272726,2.3327272727272725,0.3105454545454545,0.7267272727272727,0.5196363636363636,0.48936363636363645,11.0,34.63636363636363,45.63636363636363,23.272727272727273,7.7272727272727275,4.909090909090909,14.272727272727273,18.0,111.72727272727273,4.681818181818183,97.09909090909092,0.15463636363636366,0.5478181818181819,0.5853636363636364,0.5920909090909091,1.629090909090909,0.3042727272727273,0.7067272727272726,0.5148181818181817,0.5235454545454545,5.0
0022300741,10.636363636363637,31.09090909090909,41.72727272727273,24.0,6.0,4.454545454545454,12.0,19.272727272727273,112.27272727272727,-2.0363636363636357,96.6490909090909,0.13563636363636364,0.5355454545454547,0.5807272727272728,0.5841818181818182,1.8445454545454545,0.3011818181818182,0.6910909090909091,0.4983636363636364,0.47881818181818175,8.9,33.2,42.1,26.9,4.7,4.1,12.6,19.5,118.0,-2.3299999999999996,100.55,0.1323,0.5713999999999999,0.6061,0.6247,2.1979999999999995,0.2494,0.7432,0.5001,0.47850000000000004,-6.0
0022500051,10.3,36.6,46.9,30.1,8.6,5.8,14.1,21.6,122.5,-3.5700000000000003,103.53600000000002,0.1369,0.5599999999999999,0.5958,0.6838,2.24,0.2726,0.7025000000000001,0.493,0.4976,9.090909090909092,34.54545454545455,43.63636363636363,30.454545454545453,8.636363636363637,4.454545454545454,13.909090909090908,21.454545454545453,120.72727272727273,-0.8636363636363638,105.25,0.1342727272727273,0.5454545454545454,0.5812727272727272,0.6939090909090909,2.2499999999999996,0.25327272727272726,0.6431818181818182,0.45954545454545453,0.5099999999999999,-36.0
0022401081,11.909090909090908,31.90909090909091,43.81818181818182,25.727272727272727,7.909090909090909,3.4545454545454546,12.0,16.90909090909091,117.72727272727273,2.2181818181818183,99.54545454545455,0.12918181818181818,0.5532727272727272,0.5846363636363635,0.5982727272727273,2.139090909090909,0.31118181818181817,0.6667272727272727,0.4913636363636364,0.5189090909090909,9.1,35.7,44.8,27.1,8.0,5.7,11.5,17.5,121.3,15.170000000000002,96.51599999999999,0.1275,0.6093,0.6414,0.6131,2.4520000000000004,0.26020000000000004,0.7261,0.5161,0.563,5.0
0022500684,7.7272727272727275,32.18181818181818,39.90909090909091,24.272727272727273,6.454545454545454,4.818181818181818,9.727272727272727,17.90909090909091,107.27272727272727,-1.5272727272727267,95.0,0.11118181818181817,0.527909090909091,0.5690909090909091,0.6472727272727273,2.6645454545454546,0.23027272727272727,0.678,0.46409090909090905,0.5011818181818182,11.25,28.833333333333332,40.083333333333336,25.0,7.666666666666667,4.666666666666667,13.916666666666666,19.083333333333332,103.16666666666667,-14.0,93.83333333333333,0.15133333333333335,0.5093333333333333,0.5414166666666668,0.6776666666666668,1.9041666666666668,0.30266666666666664,0.6859999999999999,0.4771666666666667,0.41300000000000003,4.0
0022500047,11.8,33.5,45.3,26.4,8.8,5.6,16.1,22.1,118.8,3.41,100.4,0.16399999999999998,0.5696999999999999,0.6115,0.6305000000000001,1.656,0.3274,0.7152,0.53,0.5321999999999999,9.833333333333334,32.166666666666664,42.0,27.416666666666668,9.75,4.333333333333333,15.583333333333334,20.416666666666668,115.25,-0.08333333333333319,101.41250000000001,0.15824999999999997,0.54575,0.5905,0.69775,1.8650000000000002,0.27624999999999994,0.70325,0.48741666666666666,0.5019999999999999,-1.0
0022400039,11.7,30.9,42.6,25.4,7.5,3.8,12.7,17.3,111.0,-6.630000000000001,96.834,0.1391,0.5384,0.5727000000000001,0.6458999999999999,1.975,0.30310000000000004,0.7331,0.5057,0.4612,8.6,29.4,38.0,26.9,7.9,4.4,11.8,16.0,115.2,-0.31999999999999995,98.1,0.12340000000000002,0.5655000000000001,0.5962,0.6468999999999999,2.458,0.2539,0.6513,0.4561,0.5073999999999999,27.0
0022500650,11.555555555555555,33.22222222222222,44.77777777777778,26.11111111111111,11.777777777777779,8.333333333333334,15.666666666666666,21.11111111111111,109.33333333333333,10.266666666666667,98.83333333333333,0.165,0.5305555555555554,0.5612222222222222,0.6433333333333333,1.8333333333333333,0.33244444444444443,0.7100000000000001,0.5225555555555556,0.5613333333333332,9.909090909090908,31.818181818181817,41.72727272727273,25.181818181818183,6.454545454545454,4.7272727272727275,13.090909090909092,20.363636363636363,111.63636363636364,-3.627272727272728,98.31818181818181,0.14354545454545456,0.553,0.589090909090909,0.6025454545454546,1.8118181818181818,0.2867272727272727,0.6683636363636364,0.4915454545454546,0.49281818181818193,23.0
0022500050,10.6,34.0,44.6,29.9,8.4,5.1,12.6,21.3,119.1,10.93,99.95,0.1376,0.5647,0.6013,0.6814,2.303,0.3083,0.6812,0.5065000000000001,0.5608,10.7,31.3,42.0,24.5,6.0,5.9,17.5,23.4,109.3,-19.15,101.76,0.17270000000000002,0.5325,0.5632999999999999,0.6078000000000001,1.4170000000000003,0.2692,0.6439,0.4567,0.3936,30.0
0022501005,13.545454545454545,34.18181818181818,47.72727272727273,26.09090909090909,8.909090909090908,7.090909090909091,14.818181818181818,20.181818181818183,119.81818181818181,4.2727272727272725,102.22727272727273,0.14945454545454545,0.5371818181818181,0.5819090909090909,0.612,1.789090909090909,0.3524545454545454,0.6809999999999999,0.5227272727272727,0.5262727272727272,9.727272727272727,30.727272727272727,40.45454545454545,24.181818181818183,10.727272727272727,5.181818181818182,11.363636363636363,18.727272727272727,120.54545454545455,6.590909090909093,99.68181818181819,0.11918181818181818,0.5653636363636364,0.6098181818181818,0.5585454545454546,2.36,0.2932727272727273,0.6797272727272726,0.4908181818181819,0.5388181818181819,15.0
0022400433,11.25,35.25,46.5,26.0,7.0,6.5,17.875,17.75,116.875,-6.0375,101.375,0.17962499999999998,0.575125,0.6108750000000001,0.646625,1.53375,0.30374999999999996,0.740625,0.5275000000000001,0.484,10.0,33.5,43.5,22.5,10.0,3.625,13.375,17.75,109.25,0.9875,98.0625,0.142625,0.530875,0.56875,0.568125,1.865,0.276875,0.7531249999999999,0.5102500000000001,0.50325,-3.0
0022300383,14.6,32.0,46.6,26.0,5.9,6.6,11.8,18.0,116.0,-0.9199999999999999,99.5,0.12040000000000002,0.5282,0.5584,0.6056,2.2630000000000003,0.319,0.6806,0.49470000000000003,0.4888,11.9,33.3,45.2,30.0,7.5,5.2,9.9,18.7,117.1,6.229999999999999,98.15,0.10629999999999999,0.5531,0.5797,0.6653,2.981,0.30029999999999996,0.7003999999999999,0.5036,0.539,-5.0
0022300770,8.818181818181818,33.90909090909091,42.72727272727273,27.09090909090909,7.909090909090909,5.2727272727272725,11.090909090909092,17.363636363636363,121.18181818181819,7.6000000000000005,99.81818181818181,0.12072727272727274,0.5781818181818182,0.6192727272727273,0.6186363636363637,2.4709090909090907,0.252,0.6977272727272728,0.49127272727272736,0.5420909090909091,9.0,33.5,42.5,27.3,6.8,4.8,12.3,19.1,114.8,8.690000000000001,96.459,0.13140000000000002,0.5804,0.6075999999999999,0.6454,2.374,0.275,0.7535999999999998,0.5162,0.5439,-21.0
0022501120,12.3,33.8,46.1,25.5,6.6,3.8,13.1,20.2,119.7,14.4,96.25,0.15180000000000002,0.5791000000000001,0.6125,0.5988,1.795,0.3842,0.7392,0.5622,0.5609999999999999,7.636363636363637,30.545454545454547,38.18181818181818,33.27272727272727,6.7272727272727275,4.454545454545454,13.636363636363637,19.727272727272727,120.18181818181819,-5.081818181818182,99.9090909090909,0.145,0.6041818181818182,0.6313636363636363,0.7344545454545455,2.462727272727273,0.24381818181818185,0.6392727272727273,0.45518181818181813,0.4960909090909091,21.0
0022300772,9.8,30.1,39.9,26.0,8.4,3.8,13.1,19.5,111.0,0.23999999999999985,96.25399999999999,0.1449,0.5543,0.5860999999999998,0.64,1.918,0.29500000000000004,0.7625,0.5184,0.5,9.909090909090908,32.45454545454545,42.36363636363637,26.636363636363637,7.545454545454546,7.636363636363637,11.545454545454545,16.90909090909091,116.72727272727273,3.4999999999999996,98.65636363636364,0.1251818181818182,0.5642727272727273,0.5931818181818183,0.6088181818181818,2.1654545454545455,0.254,0.6979090909090909,0.4807272727272727,0.5153636363636364,-14.0
0022301151,14.1,31.9,46.0,24.7,9.5,5.9,14.4,17.4,106.6,-8.620000000000001,98.97200000000001,0.15560000000000002,0.49269999999999997,0.5283,0.6361,1.7099999999999997,0.3255,0.7163,0.5076,0.4523999999999999,10.5,35.7,46.2,30.8,7.1,6.9,15.6,15.9,111.7,-3.44,100.742,0.1517,0.5336000000000001,0.5641,0.7452,2.17,0.26250000000000007,0.7511,0.5016,0.49149999999999994,-15.0
0022500267,10.4,33.2,43.6,27.9,8.9,4.7,15.4,20.6,117.1,2.35,101.05,0.1547,0.5651999999999999,0.6033000000000001,0.6567000000000001,1.895,0.29450000000000004,0.7009999999999998,0.5051,0.5244000000000001,9.818181818181818,32.72727272727273,42.54545454545455,31.727272727272727,11.0,5.7272727272727275,14.909090909090908,20.90909090909091,118.72727272727273,6.972727272727273,101.5909090909091,0.1580909090909091,0.5776363636363636,0.612909090909091,0.7340000000000001,2.21,0.2796363636363636,0.6738181818181818,0.49063636363636365,0.5501818181818181,9.0
0022500603,10.181818181818182,35.18181818181818,45.36363636363637,29.09090909090909,6.363636363636363,5.7272727272727275,11.818181818181818,16.727272727272727,111.54545454545455,-4.845454545454546,99.27272727272727,0.12772727272727272,0.5381818181818182,0.5660909090909091,0.6936363636363636,2.4954545454545456,0.2723636363636364,0.7225454545454544,0.49972727272727274,0.48836363636363644,11.727272727272727,27.90909090909091,39.63636363636363,24.727272727272727,9.090909090909092,5.181818181818182,13.727272727272727,19.545454545454547,108.0,-5.354545454545454,95.27,0.14627272727272725,0.5283636363636363,0.5626363636363637,0.6369090909090909,1.858181818181818,0.3076363636363636,0.6659090909090909,0.4799090909090909,0.4522727272727272,22.0
0022500617,7.083333333333333,30.583333333333332,37.666666666666664,24.666666666666668,6.0,4.25,10.25,18.583333333333332,111.16666666666667,-4.358333333333333,95.65249999999999,0.11483333333333336,0.54575,0.5853333333333334,0.6325833333333334,2.425,0.23166666666666666,0.6538333333333334,0.45325,0.4811666666666667,9.909090909090908,31.0,40.90909090909091,25.727272727272727,7.7272727272727275,3.8181818181818183,14.181818181818182,18.90909090909091,113.9090909090909,-3.036363636363637,99.31818181818181,0.1470909090909091,0.5591818181818181,0.5952727272727273,0.6269999999999999,1.830909090909091,0.2925454545454545,0.7078181818181819,0.5030909090909091,0.48690909090909107,-8.0
0022501095,11.818181818181818,31.818181818181817,43.63636363636363,27.90909090909091,7.909090909090909,4.545454545454546,14.727272727272727,18.636363636363637,117.0,-8.41818181818182,102.48181818181818,0.14927272727272725,0.5385454545454547,0.5759090909090908,0.6483636363636364,2.289090909090909,0.2920909090909091,0.701,0.4917272727272728,0.46736363636363626,11.6,32.7,44.3,25.4,8.0,6.0,15.9,20.0,113.0,-0.7500000000000002,100.386,0.1662,0.5381,0.5783,0.6199999999999999,1.568,0.31620000000000004,0.6580999999999999,0.4939,0.49239999999999995,-30.0
0022401041,11.833333333333334,29.833333333333332,41.666666666666664,27.166666666666668,6.5,4.916666666666667,15.0,18.75,109.91666666666667,-13.924999999999999,98.16666666666667,0.16066666666666665,0.5444166666666667,0.5718333333333333,0.649,1.8666666666666665,0.3321666666666667,0.6689999999999999,0.4979166666666666,0.43550000000000005,11.0,28.333333333333332,39.333333333333336,23.833333333333332,9.0,5.0,12.833333333333334,17.666666666666668,114.91666666666667,-11.25,100.14333333333333,0.13458333333333336,0.54025,0.5701666666666667,0.5661666666666666,1.8758333333333332,0.29466666666666663,0.6539166666666666,0.46875,0.4395833333333334,13.0
0022500672,10.272727272727273,33.27272727272727,43.54545454545455,29.454545454545453,8.181818181818182,4.7272727272727275,14.454545454545455,19.09090909090909,108.9090909090909,-5.236363636363636,102.04545454545455,0.153,0.5220909090909092,0.5508181818181819,0.727,2.228181818181818,0.27372727272727276,0.7327272727272728,0.49390909090909096,0.4709090909090909,9.4,34.0,43.4,31.8,7.2,5.6,11.8,17.3,118.2,3.81,98.55,0.126,0.587,0.6111,0.7192000000000001,2.7649999999999997,0.27299999999999996,0.7463,0.5128,0.5186999999999999,3.0
0022301168,9.545454545454545,30.454545454545453,40.0,23.363636363636363,5.909090909090909,4.2727272727272725,15.181818181818182,16.727272727272727,105.9090909090909,-14.490909090909089,98.95454545454545,0.1589090909090909,0.5073636363636363,0.5548181818181819,0.6182727272727273,1.571818181818182,0.27681818181818185,0.6927272727272729,0.4779090909090909,0.4209090909090909,11.545454545454545,29.90909090909091,41.45454545454545,24.90909090909091,8.818181818181818,4.0,11.272727272727273,20.818181818181817,118.0,-0.3363636363636363,99.16181818181818,0.11754545454545456,0.5382727272727272,0.5753636363636363,0.5929090909090909,2.1818181818181817,0.29127272727272724,0.711090909090909,0.4881818181818182,0.4866363636363636,3.0
0022500244,8.727272727272727,34.45454545454545,43.18181818181818,30.454545454545453,8.636363636363637,4.0,14.0,20.90909090909091,123.81818181818181,0.6363636363636362,105.29545454545455,0.13336363636363635,0.563,0.6017272727272727,0.6847272727272727,2.2899999999999996,0.2431818181818182,0.6531818181818182,0.46318181818181825,0.5193636363636362,14.7,31.3,46.0,28.7,8.7,3.7,12.7,21.3,124.1,6.940000000000002,100.9,0.1281,0.5586000000000001,0.5931,0.6421000000000001,2.329,0.34030000000000005,0.7258,0.5187999999999999,0.5105000000000001,2.0
0022300452,10.6,31.2,41.8,32.0,7.7,5.1,11.7,17.9,119.4,0.2599999999999997,99.75,0.1257,0.5737,0.6003999999999999,0.7096,2.8760000000000003,0.2798999999999999,0.7026,0.49049999999999994,0.5023,12.5,30.5,43.0,28.1,7.5,4.0,12.1,19.9,113.7,-1.0000000000000004,96.178,0.1314,0.5382999999999999,0.5641,0.6607999999999999,2.3160000000000003,0.3412,0.7121999999999999,0.5126,0.4848,3.0
0022301174,8.090909090909092,29.727272727272727,37.81818181818182,29.454545454545453,7.7272727272727275,4.0,13.818181818181818,15.0,106.72727272727273,-6.9,95.9090909090909,0.1545454545454545,0.5512727272727274,0.5820000000000001,0.736,2.03,0.2559090909090909,0.6981818181818181,0.47209090909090906,0.4776363636363636,10.7,31.5,42.2,30.3,6.7,6.4,10.1,21.5,123.6,7.030000000000001,100.45,0.10640000000000001,0.5763,0.6024,0.6375,2.944,0.2823,0.6943,0.48949999999999994,0.5283,9.0
0022300891,15.0,34.5,49.5,21.875,8.375,5.0,14.125,20.625,108.125,-6.5875,102.375,0.14337499999999997,0.478625,0.518,0.581125,1.5750000000000002,0.32375,0.721125,0.5105000000000001,0.450375,10.375,34.125,44.5,33.75,8.375,8.25,14.625,14.75,114.75,-0.7500000000000002,103.5,0.14950000000000002,0.55275,0.578875,0.77425,2.44875,0.25775000000000003,0.7315,0.4935,0.5082500000000001,13.0
0022300364,12.1,31.7,43.8,25.1,8.7,3.8,13.5,20.3,114.1,3.28,97.52799999999999,0.1456,0.5462999999999999,0.5755000000000001,0.583,1.83,0.3214,0.6929000000000001,0.5078,0.5081,11.8,33.8,45.6,26.8,7.2,6.9,15.2,18.5,108.7,-9.23,99.059,0.1625,0.5151999999999999,0.5502,0.6656,1.7150000000000003,0.3212,0.7024,0.5097,0.466,8.0
0022501229,12.333333333333334,32.333333333333336,44.666666666666664,26.88888888888889,8.11111111111111,4.888888888888889,12.0,19.666666666666668,119.77777777777777,5.8999999999999995,102.33333333333333,0.12455555555555556,0.5328888888888889,0.572,0.6067777777777779,2.2744444444444443,0.32333333333333336,0.7413333333333334,0.5242222222222223,0.5184444444444445,12.7,32.1,44.8,26.4,8.2,4.3,12.4,20.3,120.2,11.969999999999997,95.85,0.1347,0.588,0.6204,0.6061,2.168,0.34090000000000004,0.6884999999999999,0.5235,0.5724,-12.0
0022300581,11.545454545454545,36.36363636363637,47.90909090909091,30.181818181818183,7.7272727272727275,6.0,14.181818181818182,19.363636363636363,125.9090909090909,10.30909090909091,102.21727272727271,0.14381818181818182,0.5706363636363636,0.616090909090909,0.6764545454545455,2.1990909090909088,0.34172727272727277,0.741,0.55,0.5565454545454546,8.333333333333334,33.083333333333336,41.416666666666664,30.25,7.333333333333333,6.166666666666667,11.083333333333334,20.166666666666668,124.08333333333333,9.175,100.41666666666667,0.11783333333333335,0.60775,0.6342500000000001,0.64125,2.7000000000000006,0.24299999999999997,0.6781666666666667,0.47808333333333336,0.5536666666666666,-5.0
0022400217,10.25,32.75,43.0,24.75,8.916666666666666,6.083333333333333,13.833333333333334,19.75,108.5,4.558333333333333,99.41666666666667,0.14716666666666667,0.5134166666666666,0.5539166666666667,0.64325,1.758333333333333,0.2811666666666666,0.7593333333333332,0.5116666666666668,0.5183333333333333,8.3,31.7,40.0,28.3,7.4,4.4,13.1,22.6,116.2,-3.6900000000000004,99.62899999999999,0.13840000000000002,0.5652000000000001,0.5953999999999999,0.6589,2.076,0.24990000000000007,0.6870999999999999,0.4756,0.49850000000000005,4.0
0022500628,11.909090909090908,30.454545454545453,42.36363636363637,22.727272727272727,10.545454545454545,6.7272727272727275,13.363636363636363,19.272727272727273,116.9090909090909,4.081818181818182,99.68636363636365,0.13563636363636364,0.5437272727272727,0.5855454545454547,0.5352727272727272,1.8099999999999996,0.3028181818181818,0.651090909090909,0.4815454545454546,0.5182727272727272,16.181818181818183,33.45454545454545,49.63636363636363,22.454545454545453,7.7272727272727275,5.636363636363637,12.636363636363637,16.818181818181817,107.18181818181819,0.49999999999999967,95.95454545454545,0.13945454545454544,0.5026363636363637,0.5322727272727273,0.5528181818181819,1.7609090909090908,0.3857272727272727,0.7112727272727274,0.5434545454545454,0.5016363636363637,6.0
0022401177,11.3,33.1,44.4,28.0,8.1,4.5,16.5,20.3,106.6,-11.35,98.95,0.17519999999999997,0.5439999999999999,0.5702,0.6918,1.6900000000000002,0.3026,0.7359,0.5178,0.4598000000000001,10.636363636363637,32.36363636363637,43.0,26.90909090909091,9.272727272727273,3.727272727272727,12.272727272727273,15.0,115.18181818181819,11.409090909090908,96.18181818181819,0.13736363636363638,0.5822727272727272,0.6084545454545455,0.6211818181818183,2.3272727272727276,0.2800909090909091,0.7269090909090908,0.506909090909091,0.5500909090909091,-49.0
0022301063,9.272727272727273,33.81818181818182,43.09090909090909,29.181818181818183,7.2727272727272725,6.363636363636363,10.909090909090908,21.181818181818183,119.81818181818181,4.90909090909091,100.54818181818182,0.11345454545454546,0.5669090909090909,0.5940000000000001,0.634090909090909,2.668181818181818,0.24618181818181817,0.7016363636363636,0.48363636363636364,0.5276363636363637,8.333333333333334,39.0,47.333333333333336,29.22222222222222,4.888888888888889,5.222222222222222,13.11111111111111,14.444444444444445,124.66666666666667,5.788888888888889,101.0788888888889,0.13233333333333333,0.5873333333333333,0.6284444444444445,0.6636666666666666,2.6277777777777778,0.23911111111111114,0.7264444444444444,0.5082222222222224,0.5409999999999999,19.0
0022301103,9.416666666666666,32.666666666666664,42.083333333333336,25.916666666666668,7.166666666666667,3.8333333333333335,14.333333333333334,20.333333333333332,107.5,-9.283333333333333,100.71583333333335,0.14966666666666664,0.5248333333333334,0.551,0.6323333333333333,1.7800000000000002,0.253,0.7035,0.47666666666666674,0.4491666666666667,8.6,39.1,47.7,29.3,5.0,5.3,14.3,14.8,121.3,4.4,101.771,0.1429,0.5767999999999999,0.6154000000000001,0.6728,2.21,0.23569999999999997,0.7441,0.5121,0.5337,-5.0
0022401021,9.583333333333334,34.916666666666664,44.5,30.583333333333332,6.0,4.333333333333333,13.0,17.75,118.33333333333333,3.3166666666666664,96.81,0.14433333333333334,0.5987499999999999,0.6303333333333333,0.7091666666666666,2.3158333333333334,0.2836666666666667,0.7420833333333333,0.5261666666666667,0.5253333333333333,11.272727272727273,32.81818181818182,44.09090909090909,24.818181818181817,7.363636363636363,2.909090909090909,11.909090909090908,17.454545454545453,120.0,3.3454545454545452,100.25818181818182,0.12518181818181817,0.5468181818181818,0.5899090909090909,0.5944545454545455,2.0672727272727274,0.2909090909090909,0.6994545454545454,0.4960909090909091,0.5147272727272727,11.0
0022301065,9.818181818181818,32.54545454545455,42.36363636363637,26.90909090909091,7.181818181818182,5.0,14.090909090909092,20.181818181818183,109.18181818181819,-7.145454545454546,99.7809090909091,0.14654545454545456,0.5341818181818181,0.5626363636363636,0.657,1.886363636363636,0.25581818181818183,0.6825454545454547,0.4715454545454545,0.46827272727272723,10.333333333333334,36.5,46.833333333333336,23.416666666666668,6.5,3.75,15.666666666666666,19.333333333333332,104.58333333333333,-11.075000000000001,100.0,0.16124999999999998,0.5021666666666668,0.54875,0.6185,1.5016666666666667,0.27925,0.7931666666666667,0.5348333333333333,0.44449999999999995,-9.0
0022500230,15.0,31.727272727272727,46.72727272727273,23.545454545454547,6.363636363636363,4.818181818181818,13.0,23.181818181818183,106.0909090909091,-15.245454545454548,101.77272727272727,0.13472727272727275,0.45418181818181813,0.5010000000000001,0.6314545454545455,1.8509090909090908,0.33599999999999997,0.6940909090909091,0.4968181818181818,0.41563636363636364,10.090909090909092,31.0,41.09090909090909,29.818181818181817,7.818181818181818,4.545454545454546,12.545454545454545,22.818181818181817,118.18181818181819,2.4090909090909087,100.5,0.1339090909090909,0.5621818181818182,0.597909090909091,0.6940909090909091,2.3399999999999994,0.2839090909090909,0.6653636363636364,0.47336363636363643,0.510090909090909,-18.0
0022301034,11.7,30.9,42.6,28.4,8.4,4.8,11.0,17.7,111.6,4.0600000000000005,95.25,0.1303,0.5462,0.5738,0.6821,2.522,0.3098,0.7302,0.5065999999999999,0.5056,11.583333333333334,32.333333333333336,43.916666666666664,28.833333333333332,7.5,5.916666666666667,9.5,14.0,122.08333333333333,17.65833333333333,95.83333333333333,0.10516666666666667,0.5916666666666667,0.616,0.6451666666666667,3.5108333333333337,0.30425,0.7369166666666668,0.51625,0.5643333333333334,2.0
0022500052,10.818181818181818,35.45454545454545,46.27272727272727,24.181818181818183,8.818181818181818,6.454545454545454,16.454545454545453,22.0,111.45454545454545,-5.336363636363636,102.81454545454545,0.16318181818181818,0.511909090909091,0.5502727272727272,0.6074545454545454,1.469090909090909,0.28063636363636363,0.6891818181818181,0.4894545454545455,0.47263636363636363,13.454545454545455,28.09090909090909,41.54545454545455,24.0,9.181818181818182,3.272727272727273,15.272727272727273,20.818181818181817,110.72727272727273,-11.381818181818181,100.77272727272727,0.1600909090909091,0.5283636363636364,0.5646363636363636,0.5977272727272728,1.6218181818181818,0.31690909090909086,0.6931818181818182,0.4903636363636364,0.4360000000000001,3.0
0022500363,11.1,31.4,42.5,30.2,8.8,3.4,14.8,23.5,120.8,-8.98,103.78599999999999,0.144,0.5429999999999999,0.5868,0.7135999999999999,2.1519999999999997,0.28420000000000006,0.6948000000000001,0.4843,0.4624,7.7,34.0,41.7,27.4,9.1,5.7,12.3,20.5,122.9,15.16,101.45,0.1262,0.5993,0.6376000000000001,0.6169000000000001,2.35,0.2344,0.6938000000000001,0.48839999999999995,0.5951,-30.0
0022400825,10.375,33.625,44.0,30.875,7.75,6.0,13.0,20.75,126.0,1.8375000000000006,105.0575,0.12912500000000002,0.56975,0.60175,0.6779999999999999,2.31625,0.265375,0.7497499999999999,0.502875,0.503375,11.375,34.25,45.625,23.75,5.625,3.625,12.875,16.75,106.25,-6.5625,96.36,0.13774999999999998,0.5121249999999999,0.547375,0.61975,2.13375,0.277875,0.73225,0.502,0.466375,12.0
0022501067,12.0,36.3,48.3,24.4,6.7,3.4,11.7,18.1,112.6,6.659999999999999,97.2,0.12899999999999998,0.5291,0.5736,0.6142000000000001,2.0349999999999993,0.3168000000000001,0.7621,0.5378,0.5316000000000001,13.2,31.8,45.0,29.9,9.9,4.3,14.3,18.6,123.5,10.78,101.812,0.14319999999999997,0.5725,0.6032,0.6525,2.18,0.339,0.7262000000000001,0.5264,0.5524,7.0
0022501059,8.818181818181818,35.45454545454545,44.27272727272727,31.727272727272727,6.2727272727272725,2.909090909090909,12.363636363636363,19.818181818181817,123.18181818181819,4.4727272727272736,101.23818181818181,0.12481818181818181,0.5850909090909091,0.623,0.7247272727272727,2.658181818181818,0.2538181818181818,0.7365454545454546,0.5102727272727273,0.5244545454545455,11.583333333333334,32.75,44.333333333333336,26.833333333333332,7.25,5.0,14.833333333333334,17.75,113.0,-12.316666666666668,101.44166666666666,0.15175,0.5247500000000002,0.56475,0.6517500000000002,1.8116666666666665,0.2935833333333333,0.7016666666666667,0.49500000000000005,0.44575000000000004,7.0
0022300281,12.8,32.3,45.1,25.4,6.6,4.2,13.3,19.0,111.8,-9.930000000000001,98.381,0.13620000000000002,0.5365000000000001,0.5636,0.5982999999999999,2.0130000000000003,0.2947,0.7139,0.4974,0.45520000000000005,9.545454545454545,34.45454545454545,44.0,25.545454545454547,7.363636363636363,6.545454545454546,14.363636363636363,19.636363636363637,112.63636363636364,4.027272727272727,98.9090909090909,0.15036363636363637,0.5494545454545453,0.5925454545454545,0.636090909090909,1.8509090909090908,0.2810909090909091,0.6940909090909092,0.501,0.5499999999999999,-6.0
0022400283,10.333333333333334,34.44444444444444,44.77777777777778,31.444444444444443,8.11111111111111,5.222222222222222,14.555555555555555,18.444444444444443,117.22222222222223,3.066666666666667,102.0,0.14944444444444444,0.5772222222222223,0.6024444444444444,0.7228888888888888,2.192222222222222,0.2836666666666667,0.7051111111111112,0.5101111111111112,0.5266666666666667,9.636363636363637,32.90909090909091,42.54545454545455,29.0,6.636363636363637,4.090909090909091,11.272727272727273,18.0,118.18181818181819,3.945454545454545,97.81272727272727,0.12354545454545453,0.5778181818181818,0.6097272727272727,0.6600909090909091,2.566363636363636,0.2883636363636363,0.7287272727272728,0.5156363636363637,0.5281818181818181,-27.0
0022301132,9.090909090909092,32.45454545454545,41.54545454545455,24.727272727272727,7.909090909090909,4.909090909090909,11.727272727272727,17.181818181818183,111.18181818181819,0.5272727272727273,95.5,0.13572727272727272,0.5526363636363637,0.5984545454545455,0.6137272727272728,2.123636363636364,0.26090909090909087,0.7115454545454547,0.4945454545454545,0.5078181818181817,7.666666666666667,30.166666666666668,37.833333333333336,29.083333333333332,6.75,3.75,14.0,15.25,105.08333333333333,-8.108333333333334,95.04166666666667,0.1558333333333333,0.5518333333333334,0.5830833333333334,0.7405,1.9999999999999998,0.2515,0.7016666666666667,0.47583333333333333,0.4741666666666666,2.0
0022500489,10.727272727272727,35.45454545454545,46.18181818181818,31.636363636363637,6.545454545454546,4.818181818181818,12.636363636363637,17.363636363636363,122.0,0.5272727272727269,103.22727272727273,0.12945454545454546,0.5690909090909091,0.597,0.7001818181818181,2.4563636363636365,0.29318181818181815,0.738090909090909,0.5205454545454546,0.5151818181818182,12.2,31.4,43.6,29.5,7.4,4.2,14.0,20.4,120.1,0.08999999999999997,99.295,0.1476,0.5653999999999999,0.5942999999999999,0.6913,2.46,0.3429,0.6923999999999999,0.5128,0.48769999999999997,-13.0
0022301175,11.75,29.833333333333332,41.583333333333336,27.416666666666668,8.166666666666666,4.0,11.0,17.666666666666668,116.58333333333333,8.233333333333333,94.91250000000001,0.12700000000000003,0.5693333333333334,0.59475,0.63275,2.3833333333333333,0.3205833333333333,0.7233333333333335,0.5144166666666666,0.5175833333333334,11.727272727272727,34.54545454545455,46.27272727272727,22.545454545454547,5.7272727272727275,5.909090909090909,13.454545454545455,15.818181818181818,106.36363636363636,-3.2818181818181817,96.23545454545456,0.146,0.5233636363636364,0.5551818181818181,0.5799090909090909,1.7972727272727271,0.29554545454545456,0.7355454545454545,0.514,0.48563636363636353,4.0
0022300489,10.5,31.8,42.3,25.9,7.2,5.4,14.2,17.9,116.2,-0.13999999999999985,98.85,0.14949999999999997,0.5662,0.6057,0.6072,1.8849999999999998,0.3119,0.7412000000000001,0.5294000000000001,0.5143000000000001,9.7,32.3,42.0,25.2,7.2,3.3,12.1,19.2,113.5,1.69,98.2,0.1302,0.5417000000000001,0.586,0.6389,2.076,0.28350000000000003,0.7037,0.49510000000000004,0.4988,16.0
0022500333,11.666666666666666,33.666666666666664,45.333333333333336,25.444444444444443,9.777777777777779,5.777777777777778,14.777777777777779,20.555555555555557,115.55555555555556,-3.6555555555555546,101.13222222222223,0.1441111111111111,0.524,0.5638888888888889,0.6072222222222222,1.832222222222222,0.29655555555555557,0.6904444444444444,0.49166666666666664,0.4856666666666667,12.9,31.4,44.3,27.8,9.8,4.2,15.2,20.9,114.0,0.99,101.15,0.1573,0.5344,0.5736000000000001,0.7012,1.889,0.31100000000000005,0.6517,0.4765,0.4973000000000001,1.0
0022400051,10.5,34.2,44.7,27.0,8.6,4.2,12.5,17.3,121.2,5.880000000000001,101.24300000000001,0.13010000000000002,0.5779,0.6112,0.6067,2.251,0.27290000000000003,0.7047,0.4957,0.5230999999999999,9.1,32.9,42.0,23.5,7.8,4.0,15.7,20.8,106.6,-15.569999999999999,103.4,0.1577,0.5096999999999999,0.5417,0.5889000000000001,1.5239999999999998,0.2555,0.7319,0.4867,0.4093,31.0
0022501173,11.636363636363637,31.545454545454547,43.18181818181818,28.363636363636363,9.727272727272727,5.2727272727272725,13.454545454545455,20.0,120.54545454545455,7.872727272727272,100.37454545454544,0.13545454545454547,0.5668181818181819,0.5956363636363636,0.6387272727272727,2.3881818181818177,0.3125454545454545,0.7049090909090908,0.5074545454545455,0.5310909090909092,10.454545454545455,34.90909090909091,45.36363636363637,28.272727272727273,7.636363636363637,3.8181818181818183,11.818181818181818,18.0,122.54545454545455,4.645454545454545,100.54545454545455,0.12427272727272727,0.5777272727272728,0.6133636363636362,0.6400909090909092,2.3636363636363633,0.2862727272727273,0.7300909090909091,0.5176363636363637,0.527090909090909,22.0
0022400939,11.125,34.125,45.25,27.375,7.875,4.25,12.375,16.875,117.25,10.65,95.7075,0.138,0.5800000000000001,0.609875,0.6131249999999999,2.49375,0.31825,0.75075,0.542125,0.5495,10.444444444444445,33.0,43.44444444444444,24.77777777777778,7.0,4.444444444444445,12.555555555555555,15.444444444444445,107.66666666666667,-7.566666666666666,97.80888888888889,0.136,0.5065555555555555,0.5372222222222223,0.6015555555555555,1.8877777777777776,0.2822222222222222,0.7138888888888889,0.4897777777777777,0.4655555555555556,-29.0
0022301159,11.363636363636363,34.27272727272727,45.63636363636363,28.363636363636363,8.0,4.2727272727272725,13.545454545454545,19.272727272727273,115.72727272727273,0.7909090909090911,97.65363636363637,0.14072727272727276,0.5597272727272726,0.5838181818181819,0.6531818181818182,2.1563636363636363,0.2936363636363637,0.7565454545454546,0.518,0.49454545454545457,6.818181818181818,29.454545454545453,36.27272727272727,25.727272727272727,6.363636363636363,3.727272727272727,12.545454545454545,15.090909090909092,104.0,-14.563636363636363,94.72727272727273,0.14172727272727273,0.5523636363636364,0.5817272727272728,0.6590909090909091,2.1100000000000003,0.22763636363636364,0.6869090909090909,0.4562727272727272,0.44618181818181823,-1.0
0022500057,10.6,30.9,41.5,26.0,6.8,5.2,16.8,23.0,112.1,-17.16,101.864,0.1658,0.5392,0.5736999999999999,0.635,1.56,0.2656,0.6365000000000001,0.4523,0.4143,9.181818181818182,30.90909090909091,40.09090909090909,31.636363636363637,10.0,5.909090909090909,14.0,20.454545454545453,118.72727272727273,6.363636363636363,100.72727272727273,0.15145454545454545,0.5876363636363636,0.618090909090909,0.7280000000000001,2.309090909090909,0.2705454545454545,0.6805454545454546,0.4846363636363637,0.5366363636363636,19.0
0022300864,13.375,34.5,47.875,25.25,7.375,3.5,10.75,18.875,115.0,-0.875,96.785,0.11487499999999999,0.52125,0.5597500000000001,0.5876250000000001,2.5512500000000005,0.3175,0.7444999999999999,0.528125,0.500125,9.11111111111111,36.44444444444444,45.55555555555556,27.22222222222222,8.0,4.777777777777778,11.666666666666666,17.0,112.11111111111111,9.377777777777778,96.83333333333333,0.12877777777777777,0.5685555555555557,0.596,0.6599999999999999,2.373333333333333,0.24333333333333332,0.7461111111111112,0.5038888888888889,0.5507777777777778,-16.0
0022301100,10.0,33.27272727272727,43.27272727272727,24.181818181818183,5.2727272727272725,4.909090909090909,14.636363636363637,17.636363636363637,107.27272727272727,-12.52727272727273,98.13636363636364,0.15545454545454546,0.5231818181818183,0.5683636363636364,0.6235454545454545,1.6854545454545453,0.2733636363636364,0.7155454545454545,0.4980909090909092,0.449,7.545454545454546,30.545454545454547,38.09090909090909,29.727272727272727,5.818181818181818,3.272727272727273,13.0,16.363636363636363,105.54545454545455,-5.181818181818181,94.0909090909091,0.14881818181818185,0.5605454545454546,0.5893636363636363,0.7532727272727272,2.165454545454545,0.2412727272727273,0.7087272727272727,0.477090909090909,0.482,-16.0
0022300483,8.6,32.4,41.0,24.2,10.2,5.9,10.9,20.9,116.9,12.59,98.9,0.11610000000000001,0.5483,0.5892999999999999,0.5751999999999999,2.197,0.26880000000000004,0.6929,0.48530000000000006,0.5517,11.0,33.36363636363637,44.36363636363637,23.545454545454547,6.909090909090909,4.2727272727272725,13.090909090909092,20.363636363636363,119.81818181818181,0.33636363636363664,100.22727272727273,0.13645454545454547,0.5547272727272726,0.5974545454545455,0.5402727272727272,1.781818181818182,0.3106363636363636,0.7347272727272728,0.5224545454545454,0.49627272727272725,-36.0
0022300759,9.9,33.7,43.6,26.0,7.0,2.8,10.7,17.9,106.4,-4.850000000000001,96.8,0.12089999999999998,0.5162,0.5559000000000001,0.6707,2.5469999999999997,0.2464,0.7476,0.4891,0.4777,10.4,37.9,48.3,28.4,6.7,7.8,11.7,15.6,121.5,8.739999999999998,101.2,0.11839999999999999,0.5791999999999999,0.6099,0.6355000000000001,2.4989999999999997,0.2592,0.7272000000000001,0.5138999999999999,0.5468,-4.0
0022501006,11.23076923076923,34.69230769230769,45.92307692307692,25.153846153846153,6.153846153846154,4.384615384615385,15.23076923076923,17.53846153846154,108.46153846153847,-11.746153846153845,101.53846153846153,0.15707692307692306,0.5151538461538462,0.5533076923076922,0.6356923076923077,1.6707692307692308,0.2923076923076923,0.7289230769230769,0.5108461538461538,0.44407692307692304,14.0,35.666666666666664,49.666666666666664,30.77777777777778,10.11111111111111,4.666666666666667,12.666666666666666,18.444444444444443,123.77777777777777,18.011111111111113,102.38888888888889,0.13099999999999998,0.5632222222222223,0.597111111111111,0.6852222222222222,2.3755555555555556,0.3464444444444445,0.7746666666666666,0.5552222222222221,0.5932222222222223,-15.0
0022400608,11.1,30.2,41.3,28.9,7.6,4.3,13.3,18.0,106.6,-10.36,96.75,0.1447,0.5476000000000001,0.5658000000000001,0.6912,2.208,0.2804,0.6894,0.4812,0.4569,11.8,27.9,39.7,23.1,9.6,5.6,11.1,20.2,98.3,-8.990000000000002,95.0,0.1333,0.48069999999999996,0.5106999999999999,0.6378999999999999,1.9729999999999996,0.3123,0.7175,0.4873999999999999,0.43739999999999996,16.0
0022401183,15.0,29.1,44.1,24.9,10.0,4.5,13.5,17.1,115.3,-2.3400000000000003,100.74600000000001,0.1418,0.5246999999999999,0.5547000000000001,0.5848,2.0260000000000002,0.3490000000000001,0.6789999999999999,0.4981,0.4791,13.545454545454545,30.727272727272727,44.27272727272727,29.181818181818183,10.909090909090908,2.5454545454545454,12.636363636363637,16.636363636363637,117.45454545454545,6.1000000000000005,98.63636363636364,0.13836363636363636,0.5453636363636364,0.5850909090909092,0.7198181818181818,2.231818181818182,0.33736363636363637,0.7311818181818183,0.5184545454545454,0.5293636363636364,-17.0
0022300842,14.0,29.333333333333332,43.333333333333336,21.833333333333332,8.5,3.8333333333333335,14.666666666666666,21.0,99.66666666666667,-15.166666666666666,96.00833333333333,0.15983333333333336,0.46449999999999997,0.5045000000000001,0.583,1.4583333333333333,0.33549999999999996,0.7066666666666667,0.5038333333333334,0.3961666666666666,9.571428571428571,34.714285714285715,44.285714285714285,27.0,8.571428571428571,3.5714285714285716,11.714285714285714,15.571428571428571,114.57142857142857,11.885714285714286,97.42857142857143,0.12257142857142857,0.563,0.5938571428571429,0.6262857142857142,2.3300000000000005,0.26157142857142857,0.7545714285714286,0.5121428571428571,0.5564285714285714,-10.0
0022500547,11.818181818181818,31.90909090909091,43.72727272727273,31.09090909090909,8.181818181818182,3.3636363636363638,14.636363636363637,20.636363636363637,119.72727272727273,-6.500000000000001,102.0490909090909,0.14281818181818184,0.5484545454545455,0.5862727272727273,0.7153636363636363,2.202727272727273,0.29663636363636364,0.6898181818181818,0.4895454545454545,0.46772727272727277,13.090909090909092,32.63636363636363,45.72727272727273,26.727272727272727,6.454545454545454,4.363636363636363,15.272727272727273,19.454545454545453,115.18181818181819,2.372727272727273,97.86363636363636,0.16109090909090906,0.5490909090909091,0.5868181818181819,0.6741818181818182,2.1045454545454545,0.35872727272727273,0.7069090909090909,0.5303636363636364,0.4962727272727273,-55.0
0022300320,9.7,31.1,40.8,27.4,6.5,3.2,12.5,20.3,116.1,2.2000000000000006,98.5,0.13449999999999998,0.5579,0.5965,0.6595000000000001,2.509,0.28080000000000005,0.7771999999999999,0.5193000000000001,0.4941,13.9,31.0,44.9,25.3,7.0,4.6,11.6,20.0,112.7,-5.16,95.874,0.12410000000000002,0.5258999999999999,0.5570999999999999,0.6100000000000001,2.3240000000000003,0.3325,0.7098,0.5079,0.46509999999999996,-8.0
0022400848,8.333333333333334,34.22222222222222,42.55555555555556,28.666666666666668,6.333333333333333,6.333333333333333,12.777777777777779,17.88888888888889,117.66666666666667,-9.055555555555555,101.36333333333333,0.13155555555555554,0.5535555555555555,0.5927777777777776,0.6778888888888889,2.4355555555555553,0.2251111111111111,0.6772222222222222,0.467,0.47644444444444445,12.125,35.375,47.5,26.125,7.625,5.25,14.5,18.375,114.375,-6.1499999999999995,103.23625,0.142875,0.5165,0.556,0.6255000000000001,1.98625,0.27325,0.70075,0.49050000000000005,0.472125,-8.0
0022400924,12.875,28.75,41.625,23.625,8.625,3.625,12.75,17.375,108.375,-13.175,97.8125,0.13225,0.50925,0.5447500000000001,0.58975,1.9337499999999999,0.317875,0.679,0.483875,0.433125,13.0,35.44444444444444,48.44444444444444,26.88888888888889,5.666666666666667,3.4444444444444446,16.333333333333332,16.77777777777778,113.22222222222223,-8.88888888888889,102.5,0.16644444444444445,0.5364444444444444,0.5574444444444445,0.6356666666666666,1.8833333333333333,0.331,0.6946666666666667,0.5126666666666667,0.44900000000000007,4.0
0022500701,15.916666666666666,33.5,49.416666666666664,23.666666666666668,8.666666666666666,6.416666666666667,13.083333333333334,15.583333333333334,108.08333333333333,-0.3500000000000006,96.26166666666666,0.14516666666666667,0.50675,0.5353333333333334,0.58125,1.7141666666666666,0.3874166666666666,0.6894166666666667,0.53525,0.50775,10.9,35.3,46.2,26.2,8.1,4.9,13.0,17.7,118.4,2.3899999999999992,103.35,0.1299,0.5476,0.5783,0.5981,2.1599999999999997,0.2954,0.7326,0.5149000000000001,0.5100999999999999,4.0
0022300740,8.181818181818182,34.54545454545455,42.72727272727273,30.454545454545453,8.545454545454545,5.0,12.363636363636363,15.090909090909092,124.27272727272727,0.954545454545454,102.64545454545454,0.12245454545454547,0.5800909090909091,0.6135454545454546,0.6695454545454546,2.6672727272727275,0.24354545454545456,0.72,0.49100000000000005,0.5247272727272727,12.333333333333334,32.888888888888886,45.22222222222222,25.11111111111111,5.111111111111111,5.888888888888889,10.333333333333334,17.444444444444443,107.66666666666667,0.23333333333333417,93.72222222222223,0.12233333333333334,0.5268888888888889,0.5595555555555556,0.611,2.3722222222222222,0.3328888888888889,0.726111111111111,0.5291111111111112,0.5068888888888888,-8.0
0022400300,13.363636363636363,33.54545454545455,46.90909090909091,23.363636363636363,8.181818181818182,5.363636363636363,15.636363636363637,19.636363636363637,105.36363636363636,-3.6545454545454548,96.60636363636362,0.16854545454545453,0.5057272727272729,0.5344545454545455,0.6129090909090908,1.6445454545454545,0.3396363636363637,0.7226363636363637,0.5189090909090909,0.47227272727272723,13.545454545454545,33.36363636363637,46.90909090909091,31.90909090909091,9.818181818181818,5.818181818181818,15.818181818181818,18.272727272727273,117.18181818181819,-2.1999999999999997,106.0,0.1574545454545454,0.5282727272727272,0.5621818181818181,0.7342727272727273,2.0290909090909093,0.3304545454545455,0.7183636363636364,0.5175454545454544,0.5007272727272727,-3.0
0022300916,14.125,29.0,43.125,23.75,9.375,4.125,15.375,22.5,105.25,-6.2625,97.28875,0.161875,0.49875,0.5326249999999999,0.593875,1.56,0.33325,0.7228749999999999,0.5077499999999999,0.442125,14.375,34.375,48.75,23.625,8.375,5.0,13.25,20.0,109.625,-5.15,102.6875,0.13524999999999998,0.4905,0.52325,0.5955,1.9962499999999999,0.319625,0.7335,0.5122500000000001,0.4565,-16.0
0022500308,9.88888888888889,31.77777777777778,41.666666666666664,25.333333333333332,9.333333333333334,3.2222222222222223,15.333333333333334,18.88888888888889,118.22222222222223,4.722222222222222,99.77777777777777,0.15877777777777777,0.585,0.6253333333333333,0.6041111111111112,1.6866666666666668,0.30077777777777776,0.7166666666666667,0.5157777777777777,0.5266666666666667,13.666666666666666,29.333333333333332,43.0,24.083333333333332,9.833333333333334,4.083333333333333,14.666666666666666,20.666666666666668,112.58333333333333,-9.025,101.43083333333334,0.15541666666666665,0.5138333333333334,0.55375,0.57875,1.6516666666666664,0.32849999999999996,0.7103333333333334,0.5055,0.4393333333333333,12.0
0022400330,13.818181818181818,32.0,45.81818181818182,22.90909090909091,9.181818181818182,5.181818181818182,15.363636363636363,17.363636363636363,99.63636363636364,-15.881818181818181,98.95454545454545,0.16154545454545455,0.4774545454545454,0.5077272727272727,0.6065454545454545,1.5481818181818179,0.3067272727272728,0.684909090909091,0.4896363636363636,0.41481818181818186,9.777777777777779,32.666666666666664,42.44444444444444,26.333333333333332,7.888888888888889,3.7777777777777777,13.333333333333334,18.666666666666668,109.55555555555556,-4.011111111111112,98.16666666666667,0.14622222222222223,0.5405555555555555,0.578777777777778,0.6823333333333333,1.9688888888888891,0.2654444444444444,0.7507777777777779,0.5074444444444445,0.47344444444444445,2.0
0022500720,14.583333333333334,34.833333333333336,49.416666666666664,29.583333333333332,8.75,3.4166666666666665,12.583333333333334,18.916666666666668,122.08333333333333,3.424999999999999,105.375,0.12258333333333332,0.5249166666666666,0.5640833333333334,0.6742499999999999,2.7575,0.3179166666666666,0.7178333333333334,0.5085833333333333,0.5188333333333333,10.9,32.0,42.9,28.5,9.4,4.2,12.7,18.8,112.6,-5.85,102.4,0.12769999999999998,0.527,0.5558000000000001,0.6835,2.5,0.2696,0.6944999999999999,0.4720999999999999,0.46740000000000004,-12.0
0022500850,13.625,33.625,47.25,27.875,8.875,4.625,12.75,18.875,113.875,-2.2125,101.75,0.131125,0.5061249999999999,0.5473750000000001,0.6837500000000001,2.245,0.331125,0.705375,0.5097499999999999,0.49999999999999994,9.5,30.875,40.375,26.25,9.75,6.375,15.25,18.5,113.25,-9.6875,103.75,0.15175,0.5413749999999999,0.57075,0.6083749999999999,1.77,0.259375,0.6421250000000001,0.452,0.45499999999999996,30.0
0022400492,12.4,30.5,42.9,28.7,8.2,5.8,12.8,17.4,111.3,-3.2,99.45,0.1348,0.5304,0.5569,0.6976,2.279,0.29640000000000005,0.685,0.4833,0.4739000000000001,11.555555555555555,33.0,44.55555555555556,26.666666666666668,7.666666666666667,4.444444444444445,12.555555555555555,20.0,113.22222222222223,-3.0777777777777784,101.83333333333333,0.12933333333333333,0.5236666666666667,0.5585555555555556,0.6275555555555555,2.17,0.26855555555555555,0.7576666666666667,0.5016666666666666,0.47477777777777774,-30.0
0022300722,13.090909090909092,35.09090909090909,48.18181818181818,23.181818181818183,6.181818181818182,5.0,10.727272727272727,16.90909090909091,112.9090909090909,12.663636363636364,94.54545454545455,0.12081818181818181,0.5398181818181818,0.5753636363636363,0.5556363636363636,2.3545454545454545,0.32627272727272727,0.7460909090909091,0.5383636363636364,0.5492727272727272,10.090909090909092,30.818181818181817,40.90909090909091,25.454545454545453,8.454545454545455,6.0,14.363636363636363,17.545454545454547,102.9090909090909,-8.845454545454544,98.0909090909091,0.15381818181818183,0.5060909090909091,0.5418181818181819,0.7048181818181818,1.7163636363636365,0.25872727272727275,0.7078181818181818,0.46981818181818186,0.44163636363636366,10.0
0022300692,12.181818181818182,34.18181818181818,46.36363636363637,25.09090909090909,8.454545454545455,5.636363636363637,11.181818181818182,20.181818181818183,115.9090909090909,-2.527272727272727,100.66909090909093,0.11154545454545456,0.5151818181818182,0.5539090909090909,0.5778181818181818,2.438181818181818,0.27045454545454545,0.7205454545454545,0.48836363636363633,0.48800000000000004,11.0,30.444444444444443,41.44444444444444,29.333333333333332,8.0,4.666666666666667,12.777777777777779,19.333333333333332,110.0,-7.222222222222222,99.38888888888889,0.13233333333333333,0.5281111111111111,0.5641111111111111,0.7337777777777776,2.3755555555555556,0.27755555555555556,0.6615555555555557,0.4621111111111111,0.47200000000000003,29.0
0022500667,8.0,33.54545454545455,41.54545454545455,23.636363636363637,9.090909090909092,7.2727272727272725,10.181818181818182,18.818181818181817,117.27272727272727,6.618181818181818,100.31090909090909,0.10463636363636364,0.5537272727272727,0.5944545454545455,0.56,2.338181818181818,0.21681818181818183,0.6702727272727272,0.4575454545454545,0.5387272727272726,12.545454545454545,32.81818181818182,45.36363636363637,25.09090909090909,8.727272727272727,5.363636363636363,13.272727272727273,18.818181818181817,113.72727272727273,-2.709090909090909,100.45454545454545,0.14045454545454544,0.5299090909090909,0.5666363636363635,0.5931818181818183,1.9118181818181816,0.31281818181818183,0.6913636363636363,0.5014545454545455,0.49600000000000005,9.0
0022301062,9.0,30.6,39.6,23.4,7.5,3.5,13.1,15.0,100.4,-11.799999999999999,95.05,0.1451,0.5213,0.5487,0.6108,1.9290000000000003,0.264,0.6995,0.4741999999999999,0.44820000000000004,12.363636363636363,33.63636363636363,46.0,28.90909090909091,6.7272727272727275,4.454545454545454,11.363636363636363,19.0,114.36363636363636,1.781818181818182,98.27272727272727,0.12290909090909094,0.5457272727272726,0.5701818181818182,0.6464545454545455,2.7245454545454546,0.3175454545454545,0.7178181818181818,0.5162727272727272,0.49727272727272726,-18.0
0022500343,13.5,31.5,45.0,27.3,8.0,4.6,12.0,20.4,119.9,7.010000000000001,97.5,0.12840000000000001,0.5663,0.5987,0.6267,2.418,0.349,0.692,0.5218,0.5506,11.5,32.2,43.7,31.8,8.9,3.8,16.0,23.6,121.8,-6.609999999999999,104.28600000000002,0.15450000000000003,0.5532999999999999,0.5923999999999999,0.7346,2.1229999999999998,0.29140000000000005,0.7024,0.4934,0.47109999999999996,34.0
0022300809,7.857142857142857,31.0,38.857142857142854,28.857142857142858,8.0,8.428571428571429,11.285714285714286,17.714285714285715,124.57142857142857,6.0,99.88857142857144,0.12471428571428571,0.6038571428571429,0.6319999999999999,0.6321428571428571,2.37,0.2327142857142857,0.6805714285714286,0.4688571428571429,0.52,10.5,31.625,42.125,29.875,8.875,4.125,14.5,22.125,112.75,-10.2,105.75,0.14200000000000002,0.522375,0.5471250000000001,0.70225,2.085,0.2555,0.7095,0.468375,0.428875,41.0
0022500818,11.625,32.25,43.875,27.625,8.125,4.375,12.0,19.625,116.0,-5.4625,103.5625,0.117875,0.520375,0.55525,0.65675,2.44875,0.28562499999999996,0.687125,0.477875,0.4804999999999999,11.0,31.75,42.75,25.0,7.75,3.625,17.5,21.0,101.75,-15.375,100.9375,0.181375,0.49537499999999995,0.5313749999999999,0.683125,1.4825,0.298875,0.7266250000000001,0.5006250000000001,0.40650000000000003,11.0
0022301043,8.333333333333334,31.75,40.083333333333336,24.25,7.333333333333333,6.166666666666667,12.416666666666666,16.833333333333332,109.75,-0.8249999999999996,94.5,0.14183333333333334,0.5645,0.6041666666666666,0.607,1.93,0.2534166666666667,0.7059166666666666,0.4894166666666668,0.4965833333333333,9.636363636363637,34.45454545454545,44.09090909090909,29.272727272727273,7.454545454545454,6.2727272727272725,10.636363636363637,20.363636363636363,120.72727272727273,5.7,101.36636363636363,0.11245454545454546,0.5624545454545454,0.5902727272727273,0.6225454545454544,2.6709090909090913,0.2533636363636364,0.7146363636363635,0.49254545454545456,0.5354545454545454,-17.0
0022400979,12.1,35.4,47.5,24.9,7.1,4.0,12.3,17.3,123.0,10.62,100.184,0.1289,0.5565,0.6028999999999999,0.5932000000000001,1.989,0.3101,0.7135,0.5185000000000001,0.5525,9.6,28.1,37.7,21.7,8.1,5.4,11.8,22.1,106.4,-3.2599999999999993,95.65,0.13269999999999998,0.512,0.5595000000000001,0.5708,1.7449999999999999,0.27860000000000007,0.6922999999999999,0.4766,0.47940000000000005,-5.0
0022300027,13.666666666666666,31.11111111111111,44.77777777777778,24.11111111111111,7.666666666666667,5.0,13.666666666666666,21.88888888888889,114.88888888888889,-8.399999999999999,101.05555555555556,0.14122222222222225,0.5269999999999999,0.5633333333333334,0.5523333333333333,1.9566666666666666,0.3358888888888889,0.7124444444444444,0.5171111111111111,0.45877777777777784,8.363636363636363,32.54545454545455,40.90909090909091,22.727272727272727,7.454545454545454,5.363636363636363,14.363636363636363,20.272727272727273,117.0,-0.772727272727273,101.63636363636364,0.1440909090909091,0.5630909090909092,0.6005454545454545,0.5570909090909091,1.637272727272727,0.24263636363636368,0.696,0.4757272727272727,0.48927272727272725,-31.0
0022500316,12.1,32.2,44.3,32.2,8.2,4.1,16.4,23.3,122.7,-6.909999999999999,104.03600000000002,0.15889999999999999,0.5512,0.5896000000000001,0.7409,2.084,0.31639999999999996,0.7075,0.5040000000000001,0.46230000000000004,18.333333333333332,31.444444444444443,49.77777777777778,25.0,9.777777777777779,4.333333333333333,12.444444444444445,20.555555555555557,120.44444444444444,13.88888888888889,96.67222222222222,0.13933333333333334,0.5416666666666666,0.5756666666666667,0.5572222222222223,2.065555555555555,0.41833333333333333,0.703,0.5584444444444444,0.5596666666666668,8.0
0022300532,9.444444444444445,29.88888888888889,39.333333333333336,24.77777777777778,9.555555555555555,6.444444444444445,10.555555555555555,21.444444444444443,112.44444444444444,-2.466666666666667,99.32555555555557,0.11055555555555556,0.5139999999999999,0.5536666666666666,0.6108888888888888,2.4788888888888887,0.2614444444444444,0.6416666666666667,0.446,0.47888888888888886,10.545454545454545,33.45454545454545,44.0,29.818181818181817,6.636363636363637,4.090909090909091,13.0,19.727272727272727,118.36363636363636,3.5181818181818185,98.80272727272727,0.1398181818181818,0.5690000000000001,0.5891818181818181,0.6542727272727272,2.2136363636363634,0.2983636363636364,0.736090909090909,0.5130909090909092,0.512909090909091,19.0
0022300661,9.727272727272727,31.363636363636363,41.09090909090909,24.181818181818183,6.7272727272727275,3.727272727272727,12.363636363636363,16.454545454545453,104.18181818181819,-8.2,95.21636363636365,0.13745454545454547,0.5127272727272727,0.5518181818181817,0.6401818181818182,2.162727272727273,0.2717272727272727,0.7132727272727273,0.485090909090909,0.47327272727272723,8.272727272727273,34.0,42.27272727272727,26.363636363636363,7.090909090909091,4.636363636363637,14.0,18.90909090909091,119.54545454545455,2.790909090909091,100.22727272727273,0.15054545454545454,0.6015454545454546,0.6318181818181818,0.5820909090909091,2.0072727272727273,0.253,0.6988181818181817,0.49827272727272726,0.5230909090909092,-13.0
0022400392,10.11111111111111,35.22222222222222,45.333333333333336,28.77777777777778,8.777777777777779,3.6666666666666665,13.222222222222221,17.333333333333332,120.33333333333333,16.244444444444444,100.38888888888889,0.13922222222222222,0.5913333333333334,0.6192222222222221,0.6731111111111111,2.163333333333333,0.25566666666666665,0.7308888888888888,0.501,0.5812222222222223,10.0,34.375,44.375,25.375,6.0,6.5,19.75,17.375,114.0,-8.024999999999999,100.375,0.1995,0.589625,0.623875,0.632,1.4,0.29874999999999996,0.71625,0.5195000000000001,0.48000000000000004,11.0
0022500010,9.375,34.75,44.125,25.125,10.625,4.5,11.5,20.5,121.0,12.875,102.5,0.12087500000000001,0.58225,0.615125,0.549375,2.2824999999999998,0.22862500000000002,0.725625,0.49150000000000005,0.556375,12.88888888888889,35.888888888888886,48.77777777777778,27.0,7.444444444444445,4.222222222222222,13.444444444444445,17.666666666666668,123.11111111111111,10.8,103.27777777777777,0.13644444444444445,0.5623333333333334,0.5954444444444444,0.607111111111111,2.0766666666666667,0.31222222222222223,0.7556666666666666,0.5316666666666667,0.5284444444444445,-15.0
0022500278,13.818181818181818,32.09090909090909,45.90909090909091,28.181818181818183,8.454545454545455,6.454545454545454,12.909090909090908,22.454545454545453,123.27272727272727,6.627272727272728,103.02272727272727,0.13299999999999998,0.5502727272727272,0.5845454545454545,0.6414545454545455,2.205454545454545,0.31272727272727274,0.6890000000000001,0.4988181818181819,0.5194545454545454,9.545454545454545,31.363636363636363,40.90909090909091,23.727272727272727,7.909090909090909,5.0,14.727272727272727,21.727272727272727,112.72727272727273,-6.818181818181818,97.32090909090908,0.1548181818181818,0.5444545454545455,0.5887272727272728,0.6093636363636363,1.6654545454545455,0.2862727272727273,0.679181818181818,0.48427272727272735,0.46181818181818174,15.0
0022500529,9.363636363636363,34.36363636363637,43.72727272727273,31.363636363636363,6.818181818181818,5.363636363636363,11.727272727272727,17.727272727272727,117.45454545454545,3.290909090909092,98.45454545454545,0.12481818181818184,0.5831818181818181,0.6076363636363636,0.7122727272727272,2.7363636363636363,0.26636363636363636,0.753,0.5125454545454545,0.5135454545454544,14.272727272727273,34.0,48.27272727272727,28.0,7.545454545454546,3.5454545454545454,13.909090909090908,18.727272727272727,118.9090909090909,-2.681818181818182,104.9090909090909,0.1342727272727273,0.5241818181818182,0.5629090909090908,0.6562727272727273,2.4699999999999998,0.3079090909090909,0.7047272727272728,0.5001818181818182,0.48372727272727273,-3.0
0022500614,9.636363636363637,35.0,44.63636363636363,30.272727272727273,6.636363636363637,6.0,11.090909090909092,16.727272727272727,113.45454545454545,-1.5090909090909093,98.86363636363636,0.12272727272727274,0.5508181818181819,0.5768181818181819,0.7044545454545456,2.7399999999999993,0.26690909090909093,0.7267272727272727,0.5002727272727273,0.5005454545454546,9.454545454545455,30.272727272727273,39.72727272727273,23.454545454545453,9.454545454545455,5.636363636363637,12.272727272727273,16.545454545454547,114.9090909090909,6.418181818181819,95.60818181818182,0.13290909090909092,0.5600909090909091,0.6101818181818182,0.5876363636363636,2.451818181818182,0.28490909090909095,0.6447272727272727,0.4767272727272727,0.5412727272727273,28.0
0022300667,10.4,32.5,42.9,26.1,5.5,5.2,13.2,18.2,112.9,0.37000000000000066,95.8,0.1499,0.5741,0.6044999999999999,0.6147,1.9289999999999998,0.31179999999999997,0.7359,0.5336000000000001,0.501,9.6,36.2,45.8,27.9,6.6,4.7,11.0,20.2,124.8,2.24,102.37899999999999,0.11030000000000002,0.5737,0.6079000000000001,0.6163000000000001,2.5780000000000003,0.253,0.759,0.5109000000000001,0.5126000000000001,6.0
0022300859,8.142857142857142,36.0,44.142857142857146,27.142857142857142,6.714285714285714,6.285714285714286,11.0,16.428571428571427,122.71428571428571,17.2,96.07142857142857,0.12257142857142857,0.627,0.6597142857142858,0.6058571428571428,2.4385714285714286,0.26371428571428573,0.7454285714285714,0.5305714285714286,0.5928571428571429,8.875,37.125,46.0,26.125,8.125,7.0,11.875,16.75,123.125,8.6875,102.5625,0.12025,0.593125,0.6162500000000001,0.560125,2.40125,0.24512499999999998,0.720375,0.495375,0.54825,28.0
0022300256,15.0,32.22222222222222,47.22222222222222,26.555555555555557,6.666666666666667,6.333333333333333,17.555555555555557,18.88888888888889,116.33333333333333,-6.188888888888888,100.33333333333333,0.18255555555555555,0.540888888888889,0.5822222222222222,0.6402222222222222,1.61,0.3562222222222223,0.7048888888888889,0.5293333333333333,0.47177777777777774,10.636363636363637,34.54545454545455,45.18181818181818,27.363636363636363,8.454545454545455,4.090909090909091,13.818181818181818,20.818181818181817,115.45454545454545,2.2727272727272734,101.31818181818181,0.14145454545454544,0.5475454545454544,0.5798181818181818,0.6281818181818182,2.027272727272728,0.2787272727272727,0.7423636363636364,0.513090909090909,0.5093636363636364,2.0
0022300629,10.555555555555555,32.333333333333336,42.888888888888886,26.666666666666668,8.11111111111111,5.111111111111111,11.666666666666666,20.555555555555557,111.0,-1.8777777777777775,97.03222222222222,0.1277777777777778,0.5295555555555556,0.5612222222222223,0.6615555555555556,2.235555555555555,0.273,0.7201111111111111,0.487,0.4846666666666667,8.916666666666666,35.0,43.916666666666664,28.25,7.5,5.5,13.416666666666666,19.5,114.66666666666667,5.650000000000001,97.76583333333333,0.14366666666666664,0.5719166666666666,0.6031666666666666,0.6756666666666667,2.169166666666667,0.27416666666666667,0.7545833333333333,0.5239999999999999,0.5449166666666666,-2.0
0022400399,11.666666666666666,35.55555555555556,47.22222222222222,31.11111111111111,11.222222222222221,5.0,16.333333333333332,23.11111111111111,127.88888888888889,12.988888888888887,107.72222222222223,0.1557777777777778,0.5805555555555555,0.6121111111111112,0.6631111111111112,1.9966666666666666,0.30144444444444446,0.7154444444444443,0.5165555555555555,0.5658888888888889,8.625,30.75,39.375,23.875,10.25,4.375,14.75,18.25,112.0,1.5124999999999997,99.20875000000001,0.158125,0.5626249999999999,0.5940000000000001,0.582375,1.6675,0.253125,0.71775,0.4845,0.484375,-4.0
0022401018,11.454545454545455,29.363636363636363,40.81818181818182,30.09090909090909,8.0,3.727272727272727,12.090909090909092,17.818181818181817,123.54545454545455,-2.6363636363636362,99.13636363636364,0.13036363636363638,0.5984545454545456,0.618909090909091,0.6474545454545454,2.4281818181818178,0.30872727272727274,0.6688181818181819,0.48727272727272725,0.4807272727272727,11.272727272727273,29.0,40.27272727272727,23.545454545454547,8.909090909090908,5.0,12.636363636363637,18.0,115.0909090909091,-9.854545454545455,99.83818181818182,0.1300909090909091,0.5427272727272728,0.5696363636363637,0.5583636363636363,1.9172727272727272,0.28909090909090907,0.6408181818181817,0.46072727272727276,0.44563636363636366,8.0
0022400347,8.454545454545455,34.63636363636363,43.09090909090909,30.272727272727273,6.7272727272727275,5.454545454545454,13.454545454545455,19.181818181818183,124.27272727272727,-0.9090909090909087,104.35363636363635,0.13472727272727272,0.5945454545454546,0.6207272727272727,0.6585454545454545,2.2718181818181815,0.23809090909090908,0.7103636363636364,0.48390909090909084,0.4955454545454545,10.444444444444445,28.555555555555557,39.0,22.555555555555557,10.333333333333334,4.666666666666667,13.444444444444445,19.555555555555557,105.77777777777777,-2.0222222222222226,96.38666666666667,0.14766666666666664,0.5197777777777778,0.5544444444444445,0.5852222222222222,1.597777777777778,0.29211111111111104,0.6723333333333333,0.4765555555555555,0.48344444444444445,-8.0
0022400996,10.833333333333334,32.916666666666664,43.75,24.833333333333332,8.25,3.75,12.583333333333334,18.333333333333332,113.91666666666667,4.275,97.25750000000001,0.13816666666666666,0.5537500000000001,0.5868333333333333,0.61725,1.975833333333333,0.29266666666666663,0.7016666666666665,0.50125,0.5146666666666666,8.181818181818182,37.18181818181818,45.36363636363637,25.272727272727273,7.545454545454546,4.2727272727272725,13.090909090909092,16.272727272727273,117.27272727272727,3.3909090909090907,101.13636363636364,0.13463636363636364,0.5652727272727273,0.6067272727272728,0.6073636363636363,1.9163636363636363,0.23509090909090907,0.7739090909090909,0.5183636363636364,0.5238181818181817,-29.0
0022400437,13.25,37.5,50.75,25.25,7.75,5.375,12.75,14.75,118.375,9.7125,101.3125,0.126625,0.542,0.5715,0.586625,2.375,0.31074999999999997,0.741375,0.52475,0.5333749999999999,8.125,34.75,42.875,29.75,7.125,5.875,12.125,19.25,115.125,2.2999999999999994,99.8125,0.125,0.571125,0.601375,0.692875,2.5112499999999995,0.234625,0.704125,0.482875,0.534,-9.0
0022500760,12.545454545454545,33.27272727272727,45.81818181818182,25.09090909090909,9.181818181818182,6.7272727272727275,14.181818181818182,20.636363636363637,117.81818181818181,1.3818181818181814,102.18181818181819,0.1420909090909091,0.5487272727272727,0.5810909090909091,0.596,1.9427272727272729,0.3125454545454546,0.706,0.5058181818181818,0.4973636363636364,9.7,33.6,43.3,23.4,7.3,3.8,15.9,16.9,111.7,0.18999999999999995,97.6,0.16670000000000001,0.5624,0.603,0.5767,1.593,0.29359999999999997,0.715,0.5166999999999999,0.5077,-19.0
0022500848,8.125,33.375,41.5,28.625,8.375,3.375,15.5,19.625,115.25,-7.6375,104.48,0.15137499999999998,0.5498749999999999,0.58125,0.68425,1.9625,0.22887500000000002,0.71075,0.467875,0.45862500000000006,15.375,31.375,46.75,25.5,8.375,4.5,15.75,18.0,115.375,6.025,95.6875,0.174375,0.55,0.591625,0.6521250000000001,1.5925,0.406625,0.72475,0.557875,0.5075000000000001,-24.0
0022400808,11.666666666666666,35.55555555555556,47.22222222222222,32.888888888888886,7.555555555555555,4.555555555555555,11.333333333333334,18.0,128.22222222222223,15.655555555555557,99.5,0.126,0.6133333333333334,0.642,0.6631111111111111,2.9533333333333336,0.32466666666666666,0.7065555555555555,0.5355555555555556,0.5794444444444444,9.5,36.375,45.875,27.75,7.625,3.75,15.125,19.5,119.0,8.6125,101.8125,0.15737500000000001,0.5920000000000001,0.623375,0.6495000000000001,1.815,0.263875,0.7275,0.5155000000000001,0.54125,-23.0
0022500606,10.5,29.833333333333332,40.333333333333336,24.416666666666668,7.25,4.833333333333333,13.833333333333334,19.333333333333332,107.16666666666667,-8.558333333333334,97.79166666666667,0.14966666666666667,0.535,0.5672499999999999,0.6025833333333332,1.8166666666666667,0.28608333333333336,0.6673333333333332,0.47975000000000007,0.4604166666666667,13.0,32.75,45.75,24.5,7.666666666666667,4.0,15.333333333333334,17.25,115.16666666666667,2.183333333333333,100.33333333333333,0.15583333333333332,0.5439166666666667,0.5775000000000001,0.6013333333333333,1.7000000000000002,0.33508333333333334,0.6920833333333333,0.5144166666666667,0.5027499999999999,-7.0
0022500757,12.916666666666666,35.0,47.916666666666664,24.25,7.25,5.166666666666667,11.916666666666666,18.083333333333332,112.0,10.916666666666666,94.29416666666667,0.13316666666666666,0.5326666666666667,0.5607500000000001,0.577,2.23,0.34274999999999994,0.7025,0.5239166666666667,0.5445000000000001,12.909090909090908,35.18181818181818,48.09090909090909,26.90909090909091,8.181818181818182,3.6363636363636362,13.0,19.727272727272727,112.27272727272727,10.745454545454542,96.71454545454547,0.14454545454545456,0.5480909090909091,0.5751818181818181,0.6506363636363636,2.074545454545454,0.31200000000000006,0.7388181818181819,0.5278181818181819,0.5593636363636363,-22.0
0022500712,12.727272727272727,35.18181818181818,47.90909090909091,28.0,5.818181818181818,4.090909090909091,14.454545454545455,18.09090909090909,116.0,9.48181818181818,96.45454545454545,0.1591818181818182,0.5713636363636364,0.6022727272727274,0.6547272727272727,1.9572727272727273,0.36,0.7384545454545454,0.5573636363636364,0.5414545454545455,14.0,32.0,46.0,24.0,8.545454545454545,6.545454545454546,11.636363636363637,18.545454545454547,113.0,-3.336363636363636,98.9090909090909,0.12563636363636363,0.5177272727272728,0.5601818181818182,0.5837272727272728,2.0827272727272725,0.3222727272727273,0.6778181818181819,0.4987272727272727,0.49209090909090913,7.0
0022300649,10.909090909090908,33.27272727272727,44.18181818181818,30.09090909090909,7.7272727272727275,5.818181818181818,12.545454545454545,17.09090909090909,117.9090909090909,0.009090909090909866,101.63636363636364,0.12672727272727274,0.5459999999999999,0.5827272727272726,0.6911818181818181,2.740909090909091,0.27954545454545454,0.6930909090909091,0.4860909090909091,0.5138181818181818,8.666666666666666,36.083333333333336,44.75,28.083333333333332,7.416666666666667,5.333333333333333,13.666666666666666,19.833333333333332,113.83333333333333,6.816666666666666,97.6825,0.14741666666666667,0.5759166666666667,0.6048333333333333,0.6711666666666667,2.1200000000000006,0.2724166666666667,0.7668333333333334,0.5324166666666666,0.5521666666666666,1.0
0022400509,10.125,35.375,45.5,32.25,8.0,4.625,11.625,18.125,125.875,15.425,101.8125,0.12000000000000002,0.604375,0.6232500000000001,0.684375,2.875,0.264125,0.691125,0.48875,0.576875,9.1,34.6,43.7,25.9,10.8,5.2,11.3,17.8,113.9,11.97,100.15,0.12,0.5462,0.5777,0.6001000000000001,2.588,0.23620000000000002,0.7242999999999999,0.48460000000000003,0.5677,7.0
0022500999,12.666666666666666,36.25,48.916666666666664,26.416666666666668,5.5,5.25,11.25,17.166666666666668,109.83333333333333,7.95,93.54166666666667,0.13508333333333333,0.5371666666666667,0.5734166666666667,0.6686666666666666,2.2025,0.3408333333333334,0.7466666666666667,0.5470833333333334,0.5420833333333333,14.727272727272727,29.818181818181817,44.54545454545455,29.363636363636363,9.181818181818182,4.636363636363637,13.454545454545455,19.818181818181817,113.18181818181819,-3.3909090909090907,97.83090909090907,0.1468181818181818,0.5251818181818183,0.5564545454545455,0.7035454545454546,2.158181818181818,0.3405454545454546,0.648909090909091,0.48490909090909096,0.4768181818181819,21.0
0022400703,13.6,30.8,44.4,28.4,9.0,5.0,13.7,20.9,124.9,6.519999999999999,101.75,0.1402,0.5795,0.6051999999999998,0.5873,2.292,0.3595,0.6663,0.5133000000000001,0.5249,11.666666666666666,32.888888888888886,44.55555555555556,29.444444444444443,8.222222222222221,7.0,12.88888888888889,16.22222222222222,117.88888888888889,-3.7111111111111117,100.94444444444444,0.13744444444444442,0.5623333333333334,0.5902222222222222,0.6718888888888889,2.5222222222222226,0.2932222222222223,0.6811111111111111,0.49,0.48444444444444446,19.0
0022300800,12.714285714285714,32.285714285714285,45.0,27.285714285714285,6.285714285714286,5.571428571428571,12.0,17.0,106.42857142857143,-3.8857142857142852,96.5,0.13357142857142856,0.5104285714285713,0.5427142857142857,0.6785714285714286,2.217142857142857,0.3271428571428571,0.7334285714285714,0.5174285714285715,0.4774285714285714,10.25,32.5,42.75,28.5,7.625,5.25,14.375,22.625,112.625,-10.05,104.6875,0.14200000000000002,0.527875,0.5526249999999999,0.66125,2.0,0.260625,0.7126250000000001,0.477,0.43675,20.0
0022300852,13.625,27.5,41.125,22.5,6.375,3.5,12.75,16.5,104.875,-9.2875,92.5,0.15087499999999998,0.519,0.5529999999999999,0.593875,1.65,0.33699999999999997,0.7281249999999999,0.512375,0.444625,12.1,35.8,47.9,32.9,7.3,4.9,14.2,18.3,121.6,8.85,102.35,0.14289999999999997,0.5685,0.5899000000000001,0.7209999999999999,2.447,0.3321,0.7352000000000001,0.5317000000000001,0.5363,-11.0
0022300799,8.857142857142858,31.285714285714285,40.142857142857146,28.857142857142858,7.0,8.142857142857142,11.142857142857142,17.428571428571427,121.14285714285714,3.485714285714286,99.24571428571429,0.12257142857142857,0.5808571428571428,0.614,0.6562857142857144,2.405714285714286,0.23685714285714288,0.6802857142857144,0.46971428571428575,0.5165714285714286,9.0,32.0,41.0,25.25,7.875,4.625,11.75,16.625,120.125,2.3875,99.8125,0.12487499999999999,0.568875,0.615875,0.6014999999999999,2.275,0.23862499999999998,0.69,0.477875,0.511125,22.0
0022400763,12.5,35.166666666666664,47.666666666666664,31.583333333333332,7.5,5.166666666666667,13.25,15.666666666666666,122.75,8.466666666666667,99.75,0.1425833333333333,0.5917499999999999,0.6241666666666666,0.6685,2.5341666666666667,0.33749999999999997,0.6979166666666665,0.5345000000000001,0.5486666666666666,12.75,33.416666666666664,46.166666666666664,23.0,7.666666666666667,5.5,13.416666666666666,19.75,112.5,10.116666666666667,96.98166666666667,0.14866666666666667,0.5343333333333333,0.5757499999999999,0.5768333333333332,1.7083333333333333,0.34608333333333335,0.7162499999999999,0.5310833333333332,0.54625,29.0
0022400893,13.75,36.25,50.0,27.25,7.625,4.125,12.125,18.375,128.625,18.6,100.5425,0.12612500000000001,0.579875,0.615375,0.58775,2.2275,0.35000000000000003,0.698875,0.53525,0.5846250000000001,9.555555555555555,32.44444444444444,42.0,26.666666666666668,7.444444444444445,3.888888888888889,13.11111111111111,15.88888888888889,111.88888888888889,1.3444444444444439,95.05000000000001,0.1478888888888889,0.5652222222222222,0.6007777777777777,0.6463333333333333,1.907777777777778,0.26822222222222225,0.7138888888888889,0.5008888888888889,0.5106666666666667,5.0
0022400043,8.454545454545455,29.545454545454547,38.0,26.454545454545453,5.181818181818182,3.5454545454545454,12.909090909090908,19.272727272727273,111.63636363636364,-3.127272727272727,95.17363636363638,0.14645454545454545,0.5690000000000001,0.6065454545454546,0.6901818181818181,2.0345454545454547,0.257,0.6924545454545455,0.4725454545454546,0.4735454545454546,10.909090909090908,30.454545454545453,41.36363636363637,25.0,9.545454545454545,7.090909090909091,12.818181818181818,19.272727272727273,109.27272727272727,12.654545454545456,95.63636363636364,0.14381818181818182,0.5316363636363637,0.572,0.6308181818181817,1.9145454545454543,0.3070909090909091,0.7112727272727272,0.5076363636363636,0.5719090909090909,-23.0
0022300488,10.363636363636363,33.90909090909091,44.27272727272727,29.636363636363637,7.7272727272727275,6.0,10.090909090909092,17.454545454545453,118.54545454545455,9.509090909090908,97.81818181818181,0.1129090909090909,0.57,0.602090909090909,0.6659090909090909,2.927272727272727,0.29009090909090907,0.7131818181818181,0.511090909090909,0.5565454545454547,11.090909090909092,32.36363636363637,43.45454545454545,24.09090909090909,7.363636363636363,5.636363636363637,14.454545454545455,20.818181818181817,112.54545454545455,-4.836363636363637,99.21181818181817,0.14881818181818182,0.5272727272727272,0.5675454545454547,0.5881818181818181,1.7663636363636366,0.29536363636363633,0.7287272727272728,0.5082727272727273,0.47463636363636363,-2.0
0022300429,10.555555555555555,33.0,43.55555555555556,23.88888888888889,7.0,5.888888888888889,12.555555555555555,19.88888888888889,110.11111111111111,-0.8000000000000003,98.5,0.13622222222222222,0.5267777777777778,0.565,0.5808888888888888,1.9888888888888887,0.2877777777777778,0.7234444444444446,0.5080000000000001,0.508,11.1,32.6,43.7,24.6,6.2,4.0,12.3,19.7,122.8,-0.4799999999999997,100.55,0.1286,0.5727,0.6111,0.5451,1.948,0.3104,0.7100000000000001,0.5129999999999999,0.4984,9.0
0022500235,11.2,32.2,43.4,25.7,6.2,5.9,17.8,24.0,112.5,-18.78,103.10799999999999,0.17120000000000002,0.5306,0.5613,0.6186,1.468,0.2775,0.647,0.46210000000000007,0.3956,11.9,26.6,38.5,23.3,7.0,3.5,13.6,21.5,106.6,-14.86,96.75,0.1504,0.4986,0.5466,0.6469,1.7440000000000002,0.3136,0.6186000000000001,0.4558999999999999,0.40780000000000005,-23.0
0022400987,13.916666666666666,32.166666666666664,46.083333333333336,27.5,6.583333333333333,4.666666666666667,13.666666666666666,16.333333333333332,112.58333333333333,-5.324999999999999,98.41666666666667,0.1438333333333333,0.5343333333333332,0.5625000000000001,0.6363333333333333,2.1424999999999996,0.34424999999999994,0.68,0.5099166666666667,0.47725,9.833333333333334,34.75,44.583333333333336,27.666666666666668,9.666666666666666,5.916666666666667,14.666666666666666,22.166666666666668,119.83333333333333,5.833333333333333,104.125,0.1505,0.56675,0.6010833333333333,0.6251666666666666,1.8808333333333334,0.27516666666666667,0.7241666666666666,0.5070833333333334,0.5549166666666667,-46.0
0022500805,11.875,32.0,43.875,26.75,8.5,4.625,11.875,19.625,114.625,-4.0375,102.0,0.11875000000000001,0.5162500000000001,0.551625,0.6363749999999999,2.39625,0.2975,0.663625,0.47550000000000003,0.484375,13.125,37.375,50.5,28.75,10.5,3.875,12.625,19.0,118.125,7.8625,105.0075,0.12475,0.5155,0.5542500000000001,0.675875,2.3925,0.28575,0.7375,0.50525,0.540125,-31.0
0022300911,8.0,34.77777777777778,42.77777777777778,30.333333333333332,6.444444444444445,5.777777777777778,12.333333333333334,15.88888888888889,108.66666666666667,-2.388888888888889,96.19333333333333,0.13644444444444445,0.5498888888888889,0.5766666666666668,0.7682222222222221,2.394444444444444,0.2401111111111111,0.738,0.49522222222222223,0.5007777777777778,10.444444444444445,36.888888888888886,47.333333333333336,25.555555555555557,7.555555555555555,7.111111111111111,12.444444444444445,17.77777777777778,111.11111111111111,6.655555555555555,97.92555555555555,0.13322222222222224,0.5319999999999999,0.5705555555555555,0.6363333333333334,1.9533333333333331,0.27677777777777773,0.7312222222222222,0.5134444444444444,0.5597777777777778,9.0
0022500826,15.0,30.0,45.0,23.875,8.5,3.0,10.125,19.75,107.375,-9.1625,95.46375,0.11550000000000002,0.50325,0.52475,0.5956250000000001,2.2912500000000002,0.30912500000000004,0.66375,0.46937500000000004,0.434125,15.75,31.375,47.125,28.25,7.25,5.375,19.25,20.125,121.875,-5.674999999999999,104.375,0.187875,0.569625,0.5947500000000001,0.63875,1.48125,0.37274999999999997,0.71775,0.5347500000000001,0.46075,-15.0
0022300953,15.0,29.9,44.9,24.8,8.5,4.1,15.0,20.2,108.5,-4.49,96.126,0.1584,0.5133,0.5446000000000001,0.5988,1.673,0.3504,0.7062,0.514,0.457,12.444444444444445,33.666666666666664,46.111111111111114,25.333333333333332,6.444444444444445,4.888888888888889,11.666666666666666,15.666666666666666,109.22222222222223,2.8222222222222224,96.16666666666667,0.13577777777777778,0.5222222222222221,0.5526666666666666,0.6179999999999999,2.0833333333333335,0.32899999999999996,0.7094444444444444,0.5158888888888888,0.5084444444444444,4.0
0022300201,13.454545454545455,33.36363636363637,46.81818181818182,27.818181818181817,8.0,3.3636363636363638,15.0,21.454545454545453,113.72727272727273,2.7636363636363637,100.18181818181819,0.15218181818181817,0.532090909090909,0.5690000000000001,0.6863636363636364,1.887272727272727,0.3185454545454545,0.7307272727272728,0.5221818181818182,0.5077272727272727,6.818181818181818,33.63636363636363,40.45454545454545,24.818181818181817,8.545454545454545,6.181818181818182,14.090909090909092,19.545454545454547,116.54545454545455,4.4363636363636365,102.31818181818181,0.14254545454545453,0.5626363636363636,0.604090909090909,0.5831818181818181,1.7627272727272725,0.22872727272727278,0.6620909090909091,0.4659090909090909,0.5321818181818181,-19.0
0022300421,12.222222222222221,33.55555555555556,45.77777777777778,27.22222222222222,7.333333333333333,7.333333333333333,10.11111111111111,17.11111111111111,128.0,13.966666666666667,97.54,0.10833333333333334,0.5943333333333333,0.6263333333333334,0.588,2.7666666666666666,0.3141111111111111,0.6977777777777777,0.5099999999999999,0.5657777777777778,9.1,29.7,38.8,23.4,6.6,4.5,14.2,21.9,109.5,-16.169999999999998,102.45,0.1457,0.5215,0.561,0.5753,1.718,0.2346,0.7046,0.46030000000000004,0.4130999999999999,6.0
0022400844,13.555555555555555,34.333333333333336,47.888888888888886,23.555555555555557,6.555555555555555,5.222222222222222,13.555555555555555,19.0,107.0,-2.033333333333333,98.05555555555556,0.14655555555555555,0.49822222222222223,0.5282222222222223,0.5973333333333333,1.9655555555555553,0.34800000000000003,0.7153333333333333,0.5277777777777778,0.4785555555555555,9.777777777777779,30.333333333333332,40.111111111111114,29.0,11.555555555555555,4.444444444444445,11.666666666666666,17.555555555555557,112.88888888888889,-3.1666666666666674,101.27777777777777,0.12088888888888889,0.5338888888888889,0.5643333333333334,0.6972222222222223,2.6011111111111114,0.23911111111111114,0.6556666666666666,0.44477777777777777,0.49311111111111106,12.0
0022500511,12.4,34.1,46.5,25.2,7.3,7.1,13.0,20.5,114.9,-4.220000000000001,101.35,0.1325,0.5327999999999999,0.5658000000000001,0.5908,2.221,0.31070000000000003,0.6535,0.48860000000000003,0.4819,10.9,32.3,43.2,27.8,7.8,5.2,11.4,22.7,114.9,-4.660000000000001,100.062,0.1139,0.5267999999999999,0.5665,0.6657,2.814,0.27180000000000004,0.6959,0.4774,0.48069999999999996,8.0
0022400630,13.625,33.25,46.875,25.625,8.75,4.5,14.75,16.375,112.375,-0.6125,100.5,0.153625,0.51925,0.556,0.637,1.70125,0.324625,0.71775,0.518875,0.496625,11.333333333333334,32.583333333333336,43.916666666666664,24.166666666666668,7.416666666666667,5.666666666666667,15.0,16.916666666666668,107.5,-2.9166666666666665,98.125,0.16133333333333333,0.5375833333333334,0.5641666666666666,0.5961666666666666,1.6116666666666664,0.29900000000000004,0.6719166666666667,0.48908333333333337,0.48700000000000004,-5.0
0022500466,11.222222222222221,34.55555555555556,45.77777777777778,31.555555555555557,6.777777777777778,4.555555555555555,13.333333333333334,17.555555555555557,120.77777777777777,-2.077777777777778,103.38888888888889,0.1341111111111111,0.5655555555555556,0.5917777777777777,0.7012222222222222,2.33,0.29844444444444446,0.7303333333333333,0.5164444444444445,0.5026666666666667,13.444444444444445,33.77777777777778,47.22222222222222,25.333333333333332,9.333333333333334,4.777777777777778,12.666666666666666,19.22222222222222,122.44444444444444,1.677777777777778,103.7011111111111,0.12833333333333335,0.5247777777777778,0.5721111111111111,0.5617777777777779,1.97,0.32911111111111113,0.6423333333333333,0.4917777777777778,0.5159999999999999,16.0
0022300793,7.125,30.25,37.375,29.625,8.375,5.5,13.25,18.5,117.125,-1.025,101.4375,0.131375,0.595375,0.6123749999999999,0.65225,2.44875,0.19637500000000002,0.6785,0.445625,0.5070000000000001,12.25,32.375,44.625,27.25,6.625,3.625,14.75,21.5,115.375,-5.3,101.06875,0.152125,0.544875,0.5765,0.630375,1.85375,0.299875,0.7705,0.523125,0.45175,14.0
0022400227,9.090909090909092,34.0,43.09090909090909,23.818181818181817,8.818181818181818,4.363636363636363,12.636363636363637,20.0,115.54545454545455,2.5090909090909084,99.58181818181819,0.13154545454545455,0.5367272727272728,0.581,0.5607272727272727,1.8445454545454545,0.26554545454545453,0.7240000000000001,0.5002727272727273,0.5179999999999999,8.545454545454545,35.72727272727273,44.27272727272727,26.818181818181817,7.2727272727272725,6.0,12.727272727272727,17.818181818181817,115.27272727272727,2.5818181818181816,98.9709090909091,0.13236363636363638,0.5666363636363637,0.6016363636363636,0.663,2.088181818181818,0.23745454545454547,0.731909090909091,0.4959090909090909,0.5292727272727272,23.0
0022500898,10.125,32.0,42.125,22.875,9.625,5.25,12.125,18.75,110.625,1.5500000000000003,97.0625,0.135,0.53025,0.580875,0.581,1.8525,0.29125,0.69775,0.50075,0.5255,9.0,31.375,40.375,29.25,8.0,4.0,15.75,18.625,116.75,-10.287500000000001,104.4175,0.15587499999999999,0.55975,0.589,0.6885,1.9125,0.255625,0.7126250000000001,0.47575,0.4475,23.0
0022500780,11.333333333333334,29.916666666666668,41.25,26.416666666666668,9.583333333333334,4.166666666666667,12.416666666666666,20.166666666666668,116.58333333333333,0.7499999999999997,98.13666666666667,0.13124999999999998,0.5532499999999999,0.5968333333333333,0.6215833333333333,2.396666666666667,0.2940833333333333,0.6576666666666666,0.4775833333333333,0.5092500000000001,11.363636363636363,36.0,47.36363636363637,28.181818181818183,7.2727272727272725,3.3636363636363638,11.727272727272727,20.0,116.72727272727273,15.118181818181819,96.51818181818182,0.13063636363636366,0.5663636363636363,0.5927272727272727,0.6551818181818181,2.3618181818181814,0.29281818181818187,0.7412727272727273,0.5247272727272727,0.5804545454545456,-49.0
0022500991,13.4,32.6,46.0,26.4,8.8,5.3,12.8,19.7,114.9,10.78,96.1,0.14609999999999998,0.5528000000000001,0.5833,0.6463,2.0959999999999996,0.3478,0.71,0.5252000000000001,0.5364000000000001,12.5,33.5,46.0,28.0,9.4,4.9,12.1,18.3,122.7,7.250000000000002,103.4,0.1232,0.5451,0.5903,0.6533,2.377,0.3121,0.7057,0.5054,0.5501999999999999,30.0
0022400029,8.727272727272727,34.63636363636363,43.36363636363637,23.545454545454547,8.090909090909092,5.7272727272727275,12.090909090909092,18.09090909090909,110.27272727272727,0.29999999999999977,97.94181818181819,0.12872727272727275,0.5531818181818182,0.573,0.5669090909090909,1.9318181818181819,0.23845454545454545,0.7241818181818181,0.48518181818181816,0.4954545454545455,6.9,31.4,38.3,26.5,7.9,4.7,13.1,19.2,113.7,-3.66,100.15299999999999,0.14020000000000002,0.5652,0.5963,0.6253,2.071,0.2239,0.7074,0.4729,0.4859,12.0
0022300806,13.875,34.0,47.875,23.625,7.75,4.25,15.0,20.875,111.75,-4.5625,100.9375,0.154375,0.52325,0.552125,0.5782499999999999,1.6275000000000002,0.340375,0.7361249999999999,0.5338750000000001,0.46475,8.25,34.5,42.75,27.875,9.875,6.5,15.375,17.5,121.75,5.7,103.6875,0.1525,0.5891249999999999,0.625125,0.622375,1.8475000000000001,0.247125,0.69,0.488625,0.547375,4.0
0022500598,11.181818181818182,37.63636363636363,48.81818181818182,24.181818181818183,7.0,3.6363636363636362,12.272727272727273,19.09090909090909,110.36363636363636,-0.16363636363636355,100.77272727272727,0.12590909090909091,0.49409090909090914,0.5429090909090909,0.6236363636363635,2.1072727272727274,0.2814545454545454,0.7511818181818182,0.513,0.5024545454545455,10.909090909090908,34.90909090909091,45.81818181818182,28.0,8.454545454545455,5.454545454545454,12.545454545454545,19.09090909090909,122.36363636363636,6.463636363636363,101.9090909090909,0.12990909090909092,0.5905454545454545,0.6127272727272728,0.6118181818181818,2.4063636363636367,0.3065454545454545,0.7197272727272728,0.5191818181818182,0.5405454545454546,3.0
0022500273,10.833333333333334,35.5,46.333333333333336,24.666666666666668,8.833333333333334,6.666666666666667,16.75,21.75,112.0,-4.658333333333333,103.08,0.16533333333333333,0.5168333333333334,0.5555,0.6193333333333333,1.471666666666667,0.2793333333333334,0.6942499999999999,0.4915833333333334,0.4765,12.363636363636363,34.0,46.36363636363637,28.454545454545453,7.7272727272727275,3.6363636363636362,13.818181818181818,19.818181818181817,109.27272727272727,-6.090909090909091,100.54545454545455,0.14118181818181819,0.4946363636363636,0.5382727272727273,0.739,2.199090909090909,0.3084545454545455,0.7268181818181819,0.5073636363636363,0.467,-6.0
0022500911,10.5,36.625,47.125,27.875,7.0,3.125,15.0,18.375,121.0,6.3,102.76875,0.148125,0.562625,0.60575,0.6573749999999999,1.8775,0.28400000000000003,0.7953749999999999,0.541625,0.519875,10.375,33.375,43.75,26.875,8.875,4.375,13.0,20.0,108.75,6.199999999999999,97.4375,0.14300000000000002,0.544625,0.57075,0.654375,1.99375,0.29412499999999997,0.74075,0.516875,0.529875,-39.0
0022300888,8.571428571428571,32.57142857142857,41.142857142857146,27.285714285714285,8.857142857142858,4.714285714285714,12.857142857142858,15.857142857142858,112.57142857142857,8.557142857142859,97.14285714285714,0.1382857142857143,0.5684285714285714,0.6022857142857142,0.6608571428571429,2.3771428571428572,0.2535714285714286,0.7161428571428573,0.4947142857142857,0.5574285714285714,9.75,32.0,41.75,26.0,8.5,5.125,13.875,21.75,105.25,-8.55,100.25,0.142625,0.51075,0.5423749999999999,0.667125,1.98875,0.2525,0.7032499999999999,0.46487500000000004,0.43837499999999996,8.0
0022400989,12.0,35.166666666666664,47.166666666666664,25.916666666666668,6.416666666666667,3.6666666666666665,17.5,17.833333333333332,112.75,-9.299999999999999,104.16666666666667,0.17341666666666666,0.5267499999999999,0.5568333333333334,0.6297499999999999,1.6175000000000004,0.30874999999999997,0.7111666666666667,0.5091666666666667,0.4412499999999999,10.3,35.7,46.0,28.5,7.2,4.7,12.3,18.8,120.3,3.0000000000000004,102.708,0.1295,0.5479,0.5852999999999999,0.642,2.347,0.27420000000000005,0.7045999999999999,0.49750000000000005,0.5181000000000001,-14.0
0022501169,13.75,33.166666666666664,46.916666666666664,29.916666666666668,7.583333333333333,5.5,12.916666666666666,17.333333333333332,120.58333333333333,10.616666666666665,97.48833333333334,0.14075,0.57475,0.6066666666666668,0.6749999999999999,2.4124999999999996,0.34425,0.7053333333333334,0.5285,0.5589166666666667,11.6,33.6,45.2,26.5,7.2,5.9,11.8,20.3,121.5,2.029999999999999,101.45,0.12340000000000002,0.5561,0.5932000000000001,0.5893999999999999,2.342,0.30679999999999996,0.6846,0.5024,0.5059,11.0
0022501100,9.25,27.666666666666668,36.916666666666664,24.25,9.25,4.583333333333333,16.833333333333332,26.0,103.41666666666667,-10.941666666666668,99.375,0.17241666666666666,0.51675,0.5580833333333334,0.663,1.6025,0.25316666666666665,0.6569166666666667,0.44783333333333336,0.4174166666666667,12.8,33.2,46.0,25.0,7.2,3.5,14.0,19.3,117.3,9.959999999999999,96.6,0.1585,0.5665,0.601,0.6067,1.677,0.3798,0.7378,0.5549999999999999,0.5365,-31.0
0022300437,14.5,29.5,44.0,23.2,8.0,3.7,12.3,20.2,115.4,-5.590000000000001,99.25,0.13169999999999998,0.5187,0.5566000000000001,0.5589000000000001,1.8379999999999996,0.34219999999999995,0.6940999999999999,0.5051,0.4405,9.2,35.3,44.5,29.9,6.8,6.3,13.2,16.6,112.1,-9.78,103.65,0.12940000000000002,0.524,0.5573,0.7219999999999999,2.479,0.23390000000000005,0.7099,0.4727,0.47850000000000004,6.0
0022300552,10.090909090909092,34.81818181818182,44.90909090909091,29.09090909090909,5.363636363636363,5.2727272727272725,11.909090909090908,20.545454545454547,124.63636363636364,4.481818181818182,101.54545454545455,0.11900000000000001,0.5871818181818181,0.6204545454545455,0.6357272727272728,2.5063636363636363,0.2629090909090909,0.7234545454545456,0.503,0.518,12.0,33.54545454545455,45.54545454545455,28.727272727272727,6.545454545454546,3.8181818181818183,13.363636363636363,19.181818181818183,115.9090909090909,0.22727272727272727,98.57545454545453,0.1429090909090909,0.5487272727272727,0.5711818181818181,0.645,2.112727272727273,0.3179090909090909,0.7343636363636363,0.5192727272727272,0.49409090909090914,1.0
0022400382,6.875,33.75,40.625,25.0,7.875,5.375,14.75,19.0,113.0,0.8125,100.22874999999999,0.152,0.584875,0.6127499999999999,0.622875,1.7125,0.207125,0.741375,0.489375,0.506375,12.875,34.25,47.125,24.625,7.75,6.625,16.625,22.875,107.75,-13.075,103.28125,0.163375,0.505875,0.5402499999999999,0.610375,1.53125,0.28812499999999996,0.675625,0.481375,0.42975,11.0
0022400401,10.625,35.125,45.75,26.5,9.75,5.625,16.0,15.625,121.875,4.6625,101.80375000000001,0.16212500000000002,0.5874999999999999,0.623875,0.6265000000000001,1.6837499999999999,0.300125,0.718375,0.515,0.5255000000000001,10.625,29.875,40.5,24.875,6.375,4.125,14.0,19.75,109.75,-12.924999999999999,98.5625,0.15337499999999998,0.542375,0.5720000000000001,0.6020000000000001,1.77375,0.28275,0.696875,0.48050000000000004,0.41737499999999994,24.0
0022400368,11.0,35.75,46.75,27.875,9.375,5.625,16.5,17.5,125.25,8.412499999999998,101.92875000000001,0.164125,0.61675,0.645375,0.633,1.75125,0.307375,0.704125,0.5208750000000001,0.547125,9.25,30.0,39.25,23.75,12.5,4.0,14.5,18.375,111.75,4.112499999999999,99.58375000000001,0.15675,0.560125,0.587125,0.5755,1.6624999999999999,0.25775000000000003,0.7092499999999999,0.477375,0.49412500000000004,-23.0
0022501106,11.0,32.63636363636363,43.63636363636363,28.0,7.7272727272727275,3.727272727272727,11.545454545454545,19.363636363636363,120.81818181818181,-4.28181818181818,104.13636363636364,0.1149090909090909,0.5362727272727272,0.5826363636363637,0.665909090909091,2.4654545454545453,0.2789090909090909,0.7341818181818183,0.493090909090909,0.4906363636363636,11.545454545454545,35.27272727272727,46.81818181818182,23.363636363636363,6.454545454545454,3.4545454545454546,12.181818181818182,18.818181818181817,111.0909090909091,4.372727272727272,96.22727272727273,0.13336363636363638,0.5313636363636364,0.5752727272727273,0.5995454545454545,1.9536363636363634,0.31990909090909087,0.7530000000000001,0.536,0.5218181818181818,-18.0
0022300446,9.88888888888889,34.44444444444444,44.333333333333336,26.666666666666668,8.333333333333334,5.0,12.666666666666666,19.77777777777778,120.88888888888889,10.877777777777778,99.5988888888889,0.13411111111111113,0.5703333333333334,0.6087777777777778,0.604,2.102222222222222,0.2868888888888889,0.7391111111111112,0.5185555555555555,0.5445555555555556,8.2,33.4,41.6,29.9,7.9,4.8,11.9,16.5,117.3,-3.05,101.55,0.1186,0.557,0.5856,0.6671,2.768,0.2454,0.7495999999999999,0.49350000000000005,0.49510000000000004,20.0
0022500862,12.375,31.125,43.5,25.75,8.875,3.875,14.75,16.5,114.0,4.8374999999999995,98.125,0.158625,0.550125,0.5843750000000001,0.6448750000000001,1.79,0.33525,0.695625,0.5145,0.52,11.285714285714286,36.714285714285715,48.0,30.571428571428573,7.857142857142857,3.0,13.857142857142858,19.142857142857142,123.71428571428571,11.685714285714285,102.42857142857143,0.14185714285714288,0.572,0.6095714285714285,0.6984285714285713,2.172857142857143,0.32942857142857146,0.7497142857142857,0.5477142857142858,0.5631428571428572,6.0
0022300459,9.0,33.45454545454545,42.45454545454545,25.363636363636363,10.272727272727273,5.7272727272727275,10.454545454545455,21.272727272727273,121.27272727272727,15.618181818181817,99.9090909090909,0.11,0.5605454545454546,0.6022727272727273,0.5771818181818181,2.3354545454545454,0.2680909090909091,0.7121818181818181,0.49563636363636365,0.5655454545454545,11.090909090909092,33.36363636363637,44.45454545454545,24.272727272727273,7.090909090909091,5.0,10.545454545454545,19.363636363636363,113.0,1.7727272727272732,96.47818181818182,0.11790909090909091,0.5333636363636364,0.5712727272727273,0.5843636363636364,2.536363636363636,0.3094545454545454,0.7193636363636364,0.5142727272727273,0.5054545454545454,13.0
0022501230,6.222222222222222,35.0,41.22222222222222,28.88888888888889,9.333333333333334,5.0,11.555555555555555,20.333333333333332,127.77777777777777,20.611111111111114,102.22222222222223,0.11833333333333333,0.6362222222222222,0.6667777777777777,0.6220000000000001,2.5566666666666666,0.19599999999999998,0.719111111111111,0.4902222222222222,0.6082222222222222,12.11111111111111,32.111111111111114,44.22222222222222,23.444444444444443,7.888888888888889,3.7777777777777777,12.0,20.333333333333332,121.33333333333333,0.8000000000000005,101.38888888888889,0.125,0.5441111111111111,0.589,0.5518888888888889,2.0966666666666667,0.30366666666666664,0.7048888888888888,0.49811111111111106,0.4861111111111111,-2.0
0022401046,11.0,32.81818181818182,43.81818181818182,26.09090909090909,8.818181818181818,5.454545454545454,13.090909090909092,21.727272727272727,120.81818181818181,7.254545454545454,102.68181818181819,0.13254545454545455,0.5614545454545454,0.5964545454545456,0.5812727272727272,2.022727272727273,0.2908181818181818,0.7141818181818181,0.5046363636363637,0.5477272727272727,11.727272727272727,29.363636363636363,41.09090909090909,29.545454545454547,9.454545454545455,4.090909090909091,12.545454545454545,17.181818181818183,122.54545454545455,1.963636363636364,99.22727272727273,0.13281818181818184,0.5930000000000001,0.6177272727272727,0.6528181818181817,2.3390909090909093,0.30472727272727274,0.6739999999999999,0.48718181818181816,0.5055454545454545,26.0
0022300363,12.11111111111111,29.22222222222222,41.333333333333336,22.555555555555557,8.444444444444445,3.4444444444444446,13.222222222222221,20.666666666666668,113.66666666666667,-4.388888888888889,98.89888888888889,0.13722222222222222,0.5225555555555556,0.5632222222222222,0.5537777777777778,1.732222222222222,0.3141111111111111,0.6674444444444444,0.4846666666666667,0.45944444444444443,10.222222222222221,33.666666666666664,43.888888888888886,26.22222222222222,6.444444444444445,5.444444444444445,13.555555555555555,18.666666666666668,111.77777777777777,-4.311111111111111,98.72222222222223,0.14322222222222225,0.5234444444444444,0.5753333333333333,0.6634444444444445,1.9533333333333331,0.30833333333333335,0.7243333333333334,0.5208888888888888,0.5081111111111112,5.0
0022500554,8.583333333333334,32.0,40.583333333333336,27.583333333333332,6.416666666666667,4.25,12.416666666666666,18.0,117.66666666666667,-4.033333333333334,98.34999999999998,0.1305,0.5616666666666666,0.6015833333333334,0.6608333333333333,2.2625,0.2649166666666667,0.6906666666666667,0.48416666666666663,0.48499999999999993,9.7,34.0,43.7,24.6,7.0,3.7,13.8,18.8,111.8,2.97,97.3,0.14789999999999998,0.5569000000000001,0.5916,0.6054999999999999,1.866,0.2815,0.7068,0.5042,0.5137,4.0
0022300778,10.4,30.9,41.3,26.4,8.3,4.1,13.2,19.7,112.4,1.78,97.25399999999999,0.1443,0.552,0.5847,0.6372,1.932,0.3059,0.7712,0.5273,0.5065,13.0,32.09090909090909,45.09090909090909,22.90909090909091,7.0,4.545454545454546,9.818181818181818,16.09090909090909,113.18181818181819,7.136363636363635,94.0909090909091,0.10927272727272727,0.5441818181818182,0.5764545454545454,0.5310909090909092,2.4918181818181817,0.3079090909090909,0.7381818181818182,0.5165454545454545,0.5265454545454545,18.0
0022501150,8.727272727272727,26.363636363636363,35.09090909090909,23.727272727272727,10.090909090909092,4.545454545454546,15.636363636363637,24.545454545454547,103.18181818181819,-13.745454545454544,99.81818181818181,0.15981818181818183,0.51,0.5519090909090909,0.6384545454545454,1.7145454545454546,0.24527272727272728,0.6644545454545455,0.44309090909090915,0.4163636363636364,9.636363636363637,29.454545454545453,39.09090909090909,23.90909090909091,7.636363636363637,3.8181818181818183,16.818181818181817,20.181818181818183,108.27272727272727,-13.42727272727273,98.27272727272727,0.17736363636363636,0.5684545454545454,0.5891818181818181,0.6115454545454546,1.4772727272727273,0.27545454545454545,0.6882727272727273,0.4756363636363636,0.42263636363636364,6.0
0022501037,12.6,32.4,45.0,30.0,9.8,4.8,13.6,19.0,122.5,12.209999999999999,101.75,0.1401,0.5783,0.6066999999999998,0.6516,2.229,0.33060000000000006,0.735,0.5287,0.5599999999999999,11.583333333333334,25.916666666666668,37.5,25.666666666666668,9.583333333333334,5.083333333333333,14.166666666666666,21.333333333333332,115.0,-7.608333333333334,100.625,0.14408333333333334,0.5356666666666666,0.5725,0.62925,1.87,0.3065,0.60325,0.44741666666666663,0.4490833333333333,39.0
0022500285,10.363636363636363,28.818181818181817,39.18181818181818,25.181818181818183,7.2727272727272725,4.909090909090909,14.181818181818182,20.09090909090909,108.0,-8.527272727272727,97.0909090909091,0.15518181818181817,0.5181818181818182,0.5655454545454546,0.6916363636363636,1.8127272727272725,0.2888181818181818,0.6572727272727273,0.4692727272727273,0.4502727272727274,13.8,31.9,45.7,29.1,8.6,4.8,12.8,21.1,124.5,8.080000000000002,101.7,0.12879999999999997,0.5670999999999999,0.5995,0.6446,2.375,0.3383,0.7091000000000001,0.5165,0.5323,-13.0
0022300829,6.625,31.375,38.0,33.375,8.375,4.625,12.0,16.75,121.5,5.262499999999999,101.6875,0.1245,0.6094999999999999,0.6276249999999999,0.7086250000000001,2.7525,0.194125,0.721375,0.465875,0.53975,11.666666666666666,33.111111111111114,44.77777777777778,28.555555555555557,7.333333333333333,5.444444444444445,12.777777777777779,17.11111111111111,113.33333333333333,-6.48888888888889,98.80222222222223,0.1331111111111111,0.5288888888888889,0.5615555555555555,0.6622222222222223,2.2200000000000006,0.29533333333333334,0.681888888888889,0.4897777777777778,0.4842222222222223,-8.0
0022500792,13.25,34.5,47.75,24.25,6.25,4.375,15.25,18.0,112.125,4.8875,96.3125,0.174125,0.532,0.5778749999999999,0.624875,1.5925,0.381625,0.73975,0.557875,0.5025000000000001,14.777777777777779,32.111111111111114,46.888888888888886,23.22222222222222,9.555555555555555,7.0,13.333333333333334,17.11111111111111,104.44444444444444,-0.7999999999999999,95.11111111111111,0.15233333333333332,0.5003333333333333,0.5356666666666666,0.5983333333333333,1.913333333333333,0.36944444444444446,0.6726666666666667,0.518,0.5016666666666666,-4.0
0022301129,13.3,31.9,45.2,26.0,9.3,6.1,14.0,17.6,108.2,-7.109999999999999,98.922,0.1507,0.5028999999999999,0.5389999999999999,0.6697,1.842,0.30850000000000005,0.7150999999999998,0.4995,0.461,11.090909090909092,31.454545454545453,42.54545454545455,25.363636363636363,7.636363636363637,7.545454545454546,11.818181818181818,18.818181818181817,108.54545454545455,1.3636363636363635,95.45454545454545,0.13045454545454546,0.5411818181818181,0.5749090909090909,0.6361818181818182,2.2027272727272726,0.28372727272727266,0.6881818181818182,0.48754545454545456,0.4962727272727273,-20.0
0022401210,8.88888888888889,35.888888888888886,44.77777777777778,24.666666666666668,9.222222222222221,5.0,15.333333333333334,17.555555555555557,105.33333333333333,4.733333333333333,96.80444444444444,0.1651111111111111,0.534111111111111,0.5722222222222223,0.6651111111111112,1.601111111111111,0.26222222222222225,0.7347777777777779,0.5064444444444445,0.5381111111111111,8.6,31.4,40.0,25.8,8.3,5.1,12.9,16.1,104.9,-11.02,97.82000000000001,0.1331,0.5219,0.5542,0.6522,2.2030000000000003,0.2233,0.7175,0.46630000000000005,0.4614,10.0
0022300416,7.9,32.4,40.3,27.1,6.8,5.9,14.2,19.4,117.7,-11.0,105.05,0.13820000000000002,0.5607,0.5932999999999999,0.6213,2.032,0.21539999999999998,0.6752,0.45359999999999995,0.4528,11.0,31.444444444444443,42.44444444444444,31.444444444444443,6.222222222222222,5.0,13.0,17.555555555555557,115.11111111111111,-4.01111111111111,98.77777777777777,0.13555555555555554,0.5565555555555556,0.5861111111111111,0.7233333333333334,2.4355555555555557,0.2885555555555556,0.7236666666666667,0.5022222222222221,0.48188888888888887,-30.0
0022400785,9.6,30.8,40.4,24.6,7.6,5.1,13.0,17.1,113.6,-14.16,102.05,0.13290000000000002,0.5326,0.5685,0.5941,2.092,0.261,0.6862999999999999,0.4694,0.4335,11.416666666666666,33.25,44.666666666666664,27.083333333333332,6.416666666666667,4.833333333333333,12.916666666666666,17.75,115.83333333333333,-5.875,100.46499999999999,0.13383333333333333,0.5398333333333333,0.5754166666666668,0.6290833333333333,2.1716666666666664,0.305,0.7070833333333333,0.5059166666666667,0.48724999999999996,7.0
0022500457,12.11111111111111,31.0,43.111111111111114,24.333333333333332,7.777777777777778,4.666666666666667,18.444444444444443,21.88888888888889,112.11111111111111,-6.811111111111111,100.80000000000001,0.18588888888888888,0.5337777777777778,0.5661111111111112,0.6093333333333333,1.3222222222222222,0.34122222222222226,0.6728888888888888,0.5056666666666666,0.4575555555555556,10.625,36.125,46.75,25.875,6.75,7.0,14.875,18.375,118.625,-2.9625,103.39750000000001,0.146125,0.542875,0.5775,0.56425,1.7650000000000001,0.28800000000000003,0.7072499999999999,0.5086250000000001,0.49225,3.0
0022500289,13.166666666666666,28.833333333333332,42.0,23.5,9.416666666666666,3.5,15.0,20.666666666666668,108.91666666666667,-11.758333333333333,101.125,0.15983333333333336,0.5155,0.5526666666666666,0.5891666666666667,1.5883333333333336,0.3158333333333333,0.6999166666666666,0.4939166666666666,0.43425,11.090909090909092,36.27272727272727,47.36363636363637,29.272727272727273,8.0,6.363636363636363,14.727272727272727,21.454545454545453,119.81818181818181,-7.245454545454546,104.66909090909093,0.13963636363636364,0.5382727272727273,0.5760000000000001,0.6791818181818182,2.0909090909090913,0.27490909090909094,0.6990909090909092,0.4893636363636364,0.4750909090909092,13.0
0022300745,8.636363636363637,33.72727272727273,42.36363636363637,27.363636363636363,7.909090909090909,4.090909090909091,11.727272727272727,19.727272727272727,118.27272727272727,-0.9181818181818188,101.9090909090909,0.12045454545454545,0.5629090909090908,0.5932727272727272,0.6438181818181818,2.350909090909091,0.2369090909090909,0.7534545454545455,0.4939090909090909,0.4986363636363635,8.083333333333334,30.916666666666668,39.0,25.083333333333332,6.5,4.75,11.833333333333334,19.166666666666668,109.58333333333333,-10.799999999999999,98.83333333333333,0.12441666666666668,0.5413333333333333,0.5685,0.60675,2.1808333333333336,0.224,0.76675,0.47708333333333347,0.4294166666666667,36.0
0022500733,11.090909090909092,33.27272727272727,44.36363636363637,27.363636363636363,11.545454545454545,5.181818181818182,12.727272727272727,22.09090909090909,116.18181818181819,10.654545454545454,100.68181818181819,0.13345454545454546,0.5396363636363636,0.5764545454545454,0.6419090909090909,2.341818181818182,0.2958181818181818,0.7090000000000001,0.5048181818181818,0.5640000000000001,13.272727272727273,29.818181818181817,43.09090909090909,25.09090909090909,9.363636363636363,5.090909090909091,13.909090909090908,19.272727272727273,109.54545454545455,-8.990909090909092,100.54545454545455,0.1409090909090909,0.5112727272727273,0.5439090909090909,0.6199090909090909,1.8136363636363635,0.31354545454545457,0.6932727272727273,0.48745454545454536,0.447909090909091,-9.0
0022500915,9.857142857142858,34.285714285714285,44.142857142857146,25.0,9.285714285714286,5.857142857142857,15.428571428571429,21.142857142857142,113.85714285714286,2.0142857142857147,100.92857142857143,0.1602857142857143,0.5681428571428572,0.5994285714285714,0.5997142857142858,1.5985714285714285,0.28285714285714286,0.7274285714285715,0.5137142857142857,0.5255714285714286,10.0,33.75,43.75,26.5,8.125,5.375,12.25,19.375,112.875,5.149999999999999,97.02625,0.12737500000000002,0.5345,0.5740000000000001,0.653625,2.2649999999999997,0.257875,0.688125,0.479875,0.51775,-27.0
0022300918,8.555555555555555,31.555555555555557,40.111111111111114,22.88888888888889,7.888888888888889,4.222222222222222,12.666666666666666,16.666666666666668,98.33333333333333,-9.611111111111109,96.22222222222223,0.1398888888888889,0.5057777777777779,0.5346666666666666,0.6237777777777779,2.072222222222222,0.21455555555555555,0.6957777777777777,0.45366666666666666,0.4566666666666667,9.88888888888889,31.11111111111111,41.0,24.77777777777778,7.444444444444445,4.333333333333333,12.88888888888889,19.444444444444443,103.88888888888889,-0.8555555555555558,96.22222222222223,0.1438888888888889,0.5257777777777777,0.5503333333333333,0.6395555555555554,1.9911111111111108,0.2722222222222222,0.7211111111111111,0.4863333333333334,0.4781111111111111,11.0
0022500719,10.333333333333334,30.833333333333332,41.166666666666664,24.5,6.0,4.25,14.083333333333334,19.666666666666668,101.75,-15.841666666666667,94.21083333333333,0.15408333333333332,0.5054166666666667,0.5439999999999999,0.6831666666666668,1.8900000000000003,0.29,0.7299166666666667,0.49249999999999994,0.40675,9.25,31.666666666666668,40.916666666666664,25.416666666666668,7.75,4.333333333333333,12.25,15.916666666666666,116.75,-0.25833333333333375,98.70833333333333,0.13133333333333333,0.5768333333333332,0.6070833333333333,0.5911666666666666,2.0233333333333334,0.2723333333333333,0.7052499999999999,0.4948333333333334,0.5028333333333334,-16.0
0022400696,12.181818181818182,34.18181818181818,46.36363636363637,28.09090909090909,7.090909090909091,3.8181818181818183,11.818181818181818,18.181818181818183,119.72727272727273,5.118181818181818,99.0,0.12263636363636364,0.5594545454545454,0.5926363636363635,0.6476363636363637,2.5036363636363634,0.3114545454545455,0.7178181818181817,0.5157272727272727,0.5267272727272727,10.818181818181818,33.18181818181818,44.0,25.545454545454547,7.454545454545454,6.363636363636363,14.545454545454545,18.545454545454547,112.54545454545455,-2.8909090909090907,99.04545454545455,0.155,0.545,0.5801818181818181,0.6214545454545455,1.7354545454545454,0.3043636363636364,0.6710000000000002,0.49827272727272726,0.49181818181818177,43.0
0022300672,9.2,35.1,44.3,28.2,6.8,5.8,11.7,18.8,117.7,1.9900000000000002,97.836,0.1234,0.5660999999999999,0.5962000000000001,0.6311,2.593,0.2742,0.7695000000000001,0.5246000000000001,0.5112,10.2,30.7,40.9,29.5,7.4,4.4,12.2,19.7,112.3,-8.11,99.55,0.12630000000000002,0.5424,0.5744,0.7129000000000001,2.4579999999999997,0.2612,0.6686000000000001,0.45920000000000005,0.4646,-11.0
0022400306,13.1,35.8,48.9,30.6,9.2,8.2,16.1,20.0,122.3,10.49,105.189,0.1638,0.5612999999999999,0.5952,0.6799000000000001,1.8400000000000003,0.33270000000000005,0.6989,0.5223000000000001,0.5679000000000001,9.454545454545455,30.181818181818183,39.63636363636363,26.90909090909091,9.272727272727273,5.363636363636363,13.818181818181818,18.636363636363637,114.27272727272727,-2.790909090909091,101.07454545454544,0.1459090909090909,0.5541818181818182,0.5877272727272728,0.636090909090909,1.9763636363636363,0.26245454545454544,0.7194545454545455,0.48590909090909096,0.4843636363636364,15.0
0022400880,9.0,31.75,40.75,25.25,8.5,5.0,12.375,17.5,111.125,-3.375,100.38499999999999,0.1305,0.5323749999999999,0.5605,0.615,1.97375,0.24025,0.663,0.453,0.480375,12.571428571428571,35.57142857142857,48.142857142857146,28.428571428571427,7.714285714285714,4.285714285714286,15.571428571428571,17.285714285714285,121.42857142857143,7.414285714285714,98.35285714285715,0.16857142857142857,0.5825714285714286,0.6134285714285715,0.6229999999999999,1.7728571428571427,0.3551428571428571,0.7527142857142858,0.5621428571428572,0.5368571428571428,-24.0
0022300359,9.555555555555555,35.22222222222222,44.77777777777778,27.88888888888889,7.444444444444445,4.666666666666667,12.333333333333334,17.0,116.11111111111111,-0.08888888888888936,101.77777777777777,0.12766666666666668,0.549,0.5815555555555556,0.6491111111111111,2.377777777777778,0.2555555555555556,0.7374444444444443,0.5022222222222221,0.5139999999999999,12.4,29.7,42.1,25.4,7.4,4.1,11.8,18.5,122.0,0.7100000000000006,98.45,0.1268,0.5753999999999999,0.6123000000000001,0.5745000000000001,2.091,0.33549999999999996,0.6669,0.49989999999999996,0.5072,-5.0
0022500046,9.909090909090908,35.45454545454545,45.36363636363637,25.0,9.0,6.2727272727272725,16.0,20.818181818181817,109.18181818181819,-3.690909090909092,103.4090909090909,0.15872727272727272,0.514909090909091,0.5548181818181818,0.6345454545454544,1.5763636363636366,0.2599090909090909,0.7040000000000001,0.48872727272727273,0.49545454545454537,9.9,30.8,40.7,24.4,8.8,5.2,15.4,19.2,109.7,-4.57,96.5,0.16920000000000002,0.5645,0.6015,0.6131000000000001,1.569,0.2835,0.6815,0.4915,0.4854,-6.0
0022400542,11.636363636363637,33.54545454545455,45.18181818181818,24.454545454545453,8.181818181818182,5.7272727272727275,12.090909090909092,15.545454545454545,114.18181818181819,10.327272727272726,96.4090909090909,0.12754545454545455,0.5598181818181818,0.588090909090909,0.5814545454545454,2.483636363636364,0.308090909090909,0.6992727272727273,0.5059090909090909,0.5500909090909091,12.0,29.818181818181817,41.81818181818182,28.09090909090909,10.272727272727273,6.181818181818182,13.545454545454545,18.636363636363637,112.72727272727273,-4.309090909090909,99.73909090909092,0.14445454545454545,0.5284545454545455,0.56,0.6742727272727274,2.117272727272727,0.3126363636363636,0.6581818181818181,0.4801818181818182,0.48027272727272724,1.0
0022400412,12.875,34.875,47.75,25.0,8.125,6.75,17.375,20.25,108.375,-11.475,103.46875,0.16925,0.51925,0.546875,0.6231249999999999,1.4700000000000002,0.28425,0.6507499999999999,0.47350000000000003,0.44025000000000003,12.75,31.5,44.25,25.125,8.25,4.625,14.5,21.125,104.0,-11.9,97.9375,0.152625,0.506,0.53675,0.6463749999999999,1.9275000000000002,0.30062500000000003,0.702625,0.49087499999999995,0.434375,3.0
0022401214,12.222222222222221,34.55555555555556,46.77777777777778,24.88888888888889,5.555555555555555,6.0,18.0,18.444444444444443,111.0,-8.100000000000001,99.5,0.18522222222222223,0.5491111111111111,0.5828888888888888,0.6188888888888889,1.4477777777777778,0.32833333333333337,0.7196666666666667,0.532,0.461,7.285714285714286,35.285714285714285,42.57142857142857,28.285714285714285,7.857142857142857,4.857142857142857,14.285714285714286,18.857142857142858,115.14285714285714,2.5857142857142854,100.02,0.15114285714285716,0.5792857142857143,0.6192857142857143,0.6975714285714286,2.0100000000000002,0.22828571428571434,0.7268571428571429,0.5,0.5265714285714286,-8.0
0022300044,11.444444444444445,30.666666666666668,42.111111111111114,24.444444444444443,6.777777777777778,6.222222222222222,12.444444444444445,21.77777777777778,107.88888888888889,-3.8333333333333335,97.70666666666666,0.13244444444444445,0.49522222222222223,0.5315555555555556,0.6271111111111111,1.9522222222222223,0.3114444444444444,0.6903333333333334,0.49211111111111117,0.46299999999999997,11.181818181818182,31.454545454545453,42.63636363636363,27.363636363636363,7.090909090909091,7.363636363636363,14.090909090909092,19.363636363636363,120.18181818181819,2.5454545454545454,97.11090909090909,0.1459090909090909,0.5570909090909091,0.6106363636363636,0.6650909090909092,2.0290909090909093,0.3152727272727272,0.6839090909090909,0.5047272727272728,0.5228181818181817,-21.0
0022301194,8.363636363636363,33.63636363636363,42.0,28.545454545454547,9.727272727272727,6.090909090909091,12.363636363636363,17.272727272727273,112.54545454545455,7.381818181818181,98.13636363636364,0.13436363636363635,0.5682727272727273,0.5971818181818183,0.6956363636363636,2.3799999999999994,0.23518181818181816,0.7213636363636363,0.4841818181818182,0.5528181818181818,9.090909090909092,34.72727272727273,43.81818181818182,28.363636363636363,8.181818181818182,5.545454545454546,13.727272727272727,16.0,110.18181818181819,3.8818181818181823,97.86363636363636,0.1491818181818182,0.5549090909090908,0.5890909090909091,0.6934545454545454,2.0436363636363635,0.25827272727272726,0.7625454545454545,0.5181818181818182,0.5197272727272728,-19.0
0022500960,8.909090909090908,31.545454545454547,40.45454545454545,26.454545454545453,8.272727272727273,5.0,11.272727272727273,18.181818181818183,115.54545454545455,6.472727272727272,97.81818181818181,0.12127272727272728,0.5670000000000001,0.6013636363636364,0.6285454545454545,2.433636363636363,0.24927272727272723,0.7050909090909091,0.4789090909090909,0.5211818181818182,10.2,37.4,47.6,26.7,7.4,5.1,17.4,18.3,109.4,-5.910000000000001,103.103,0.1773,0.5305,0.5617000000000001,0.6813999999999999,1.525,0.25439999999999996,0.6945,0.4857,0.471,12.0
0022401033,16.2,33.7,49.9,26.9,8.1,4.2,15.2,22.6,112.1,0.4699999999999996,101.1,0.15789999999999998,0.5025,0.5445,0.6733,1.8099999999999998,0.3599,0.6900000000000001,0.5242,0.49749999999999994,11.25,29.0,40.25,30.583333333333332,8.25,3.8333333333333335,12.25,17.5,123.91666666666667,-1.8666666666666663,99.5,0.13149999999999998,0.6015,0.6223333333333334,0.6573333333333333,2.425833333333333,0.30483333333333335,0.6755833333333334,0.48724999999999996,0.48525,-34.0
0022300457,11.454545454545455,32.90909090909091,44.36363636363637,29.363636363636363,7.363636363636363,6.090909090909091,13.454545454545455,19.272727272727273,118.27272727272727,0.3818181818181819,100.18181818181819,0.1401818181818182,0.5514545454545454,0.5911818181818183,0.6803636363636364,2.1572727272727272,0.32072727272727275,0.706,0.5147272727272727,0.510090909090909,10.333333333333334,30.916666666666668,41.25,24.333333333333332,7.333333333333333,3.8333333333333335,11.666666666666666,18.833333333333332,117.83333333333333,-2.1,101.08333333333333,0.12158333333333332,0.5531666666666667,0.5869166666666666,0.5689166666666666,2.0774999999999997,0.26299999999999996,0.69625,0.4760833333333334,0.4764999999999999,37.0
0022400774,9.333333333333334,33.666666666666664,43.0,28.333333333333332,8.333333333333334,5.0,13.333333333333334,22.083333333333332,109.33333333333333,1.033333333333333,99.41666666666667,0.13841666666666666,0.5331666666666667,0.56675,0.6950833333333334,2.2150000000000003,0.2558333333333333,0.6847500000000001,0.4759166666666667,0.51625,12.0,34.72727272727273,46.72727272727273,28.90909090909091,8.0,4.363636363636363,12.818181818181818,20.272727272727273,124.54545454545455,10.39090909090909,99.77272727272727,0.13254545454545455,0.5856363636363636,0.615,0.6273636363636365,2.443636363636364,0.31218181818181817,0.6681818181818181,0.504,0.5504545454545455,-23.0
0022400986,10.333333333333334,33.083333333333336,43.416666666666664,29.083333333333332,9.5,4.5,11.416666666666666,18.666666666666668,120.58333333333333,8.758333333333333,99.17916666666667,0.122,0.5758333333333333,0.6076666666666667,0.6751666666666667,2.6858333333333335,0.2805833333333333,0.7103333333333334,0.501,0.5425,8.25,29.833333333333332,38.083333333333336,30.583333333333332,9.25,4.5,12.0,17.166666666666668,116.91666666666667,3.083333333333334,99.83333333333333,0.13075,0.5760833333333334,0.6043333333333333,0.697,2.4725,0.2519166666666667,0.6819999999999999,0.4675833333333334,0.5219166666666667,-2.0
0022500636,9.727272727272727,33.72727272727273,43.45454545454545,30.363636363636363,10.727272727272727,4.2727272727272725,12.272727272727273,20.0,112.36363636363636,-3.127272727272728,103.4090909090909,0.12636363636363634,0.526090909090909,0.5539090909090909,0.736090909090909,2.7627272727272727,0.251,0.7440909090909091,0.4834545454545454,0.4850000000000001,11.909090909090908,31.09090909090909,43.0,24.727272727272727,8.818181818181818,4.0,13.363636363636363,20.181818181818183,113.54545454545455,7.7272727272727275,98.04545454545455,0.147,0.5480909090909091,0.5831818181818181,0.6180909090909091,1.7645454545454542,0.31690909090909086,0.6754545454545455,0.4978181818181818,0.529,7.0
0022300378,10.444444444444445,34.333333333333336,44.77777777777778,28.444444444444443,7.222222222222222,6.111111111111111,13.333333333333334,20.77777777777778,132.11111111111111,9.544444444444444,103.86,0.13322222222222224,0.6032222222222221,0.6348888888888888,0.5927777777777777,2.261111111111111,0.29588888888888887,0.6858888888888889,0.505,0.5378888888888889,10.0,32.888888888888886,42.888888888888886,26.11111111111111,6.222222222222222,5.333333333333333,12.777777777777779,21.88888888888889,113.55555555555556,-2.2666666666666675,99.33333333333333,0.13622222222222222,0.5413333333333333,0.5796666666666668,0.6196666666666667,2.0088888888888885,0.29633333333333334,0.7284444444444444,0.5165555555555555,0.5023333333333333,4.0
0022500781,11.2,32.2,43.4,29.8,9.1,6.5,13.5,19.7,117.0,5.0,100.8,0.14470000000000002,0.5589,0.5986,0.6965,2.1550000000000002,0.2958,0.7,0.5006999999999999,0.5367,11.636363636363637,31.454545454545453,43.09090909090909,26.636363636363637,11.454545454545455,4.454545454545454,12.090909090909092,21.363636363636363,117.27272727272727,10.563636363636364,99.36363636363636,0.13045454545454543,0.5441818181818182,0.5856363636363636,0.6186363636363637,2.3145454545454545,0.3094545454545454,0.6913636363636364,0.5027272727272728,0.5561818181818182,-18.0
0022500993,9.909090909090908,29.272727272727273,39.18181818181818,23.454545454545453,7.0,4.7272727272727275,16.272727272727273,24.0,113.9090909090909,-13.463636363636363,103.19545454545455,0.16227272727272724,0.5464545454545454,0.5791818181818182,0.5713636363636364,1.428181818181818,0.2781818181818182,0.6518181818181819,0.4611818181818182,0.4084545454545454,14.25,31.916666666666668,46.166666666666664,27.333333333333332,9.666666666666666,6.833333333333333,13.166666666666666,22.333333333333332,115.66666666666667,3.9250000000000007,98.15500000000002,0.1435,0.5345000000000001,0.5730833333333335,0.6345833333333333,1.9949999999999999,0.3649166666666666,0.6688333333333333,0.5187499999999999,0.5290833333333332,-13.0
0022300824,13.1,37.9,51.0,31.3,6.7,5.5,13.4,19.4,123.3,10.4,102.256,0.1343,0.5584,0.5811999999999999,0.6687,2.44,0.33649999999999997,0.7385,0.5366,0.5455,12.142857142857142,34.285714285714285,46.42857142857143,30.714285714285715,7.571428571428571,5.857142857142857,13.285714285714286,15.571428571428571,111.71428571428571,-0.12857142857142886,98.64285714285714,0.1407142857142857,0.5397142857142857,0.5664285714285714,0.705,2.295714285714286,0.32457142857142857,0.7254285714285713,0.5222857142857144,0.5092857142857143,-16.0
0022300922,9.875,37.25,47.125,31.375,8.75,6.625,12.375,16.875,117.75,10.1125,98.4675,0.12837500000000002,0.5751250000000001,0.60275,0.67225,2.5612500000000002,0.28375,0.721125,0.52075,0.5670000000000001,10.857142857142858,33.42857142857143,44.285714285714285,27.428571428571427,6.857142857142857,5.142857142857143,13.857142857142858,17.714285714285715,114.71428571428571,-2.728571428571428,101.42857142857143,0.14214285714285715,0.5297142857142857,0.5730000000000001,0.6722857142857144,1.9928571428571427,0.2968571428571428,0.7315714285714287,0.5115714285714287,0.47957142857142854,21.0
0022300756,11.4,29.8,41.2,28.5,8.5,5.0,13.4,18.0,111.3,-11.3,98.572,0.1387,0.5294999999999999,0.5655,0.6928,2.146,0.28890000000000005,0.6465,0.46319999999999995,0.4631,8.545454545454545,36.45454545454545,45.0,27.727272727272727,7.454545454545454,5.7272727272727275,11.727272727272727,17.09090909090909,119.0,13.345454545454546,99.4090909090909,0.1260909090909091,0.5919090909090908,0.6202727272727273,0.6271818181818181,2.3245454545454547,0.23890909090909088,0.745,0.510090909090909,0.5693636363636364,-24.0
0022300903,11.125,32.5,43.625,30.75,8.125,5.25,10.625,18.375,122.25,1.8999999999999997,102.625,0.114375,0.5589999999999999,0.586125,0.649,2.77625,0.290625,0.7295,0.504875,0.50725,10.125,37.125,47.25,25.875,7.375,7.25,12.875,17.5,110.875,7.374999999999999,97.72874999999999,0.136125,0.5353749999999999,0.5755,0.653375,1.9362499999999998,0.269,0.72325,0.5101249999999999,0.5660000000000001,-2.0
0022500208,15.222222222222221,32.44444444444444,47.666666666666664,27.22222222222222,7.888888888888889,4.222222222222222,13.222222222222221,20.444444444444443,120.55555555555556,9.31111111111111,99.27777777777777,0.14177777777777778,0.5466666666666666,0.5875555555555556,0.6431111111111111,2.0277777777777777,0.35411111111111115,0.7559999999999999,0.5431111111111112,0.5315555555555556,10.636363636363637,33.0,43.63636363636363,27.454545454545453,7.545454545454546,4.2727272727272725,14.090909090909092,21.454545454545453,113.72727272727273,-4.6,102.81818181818181,0.14181818181818182,0.5134545454545454,0.5625454545454546,0.7037272727272726,2.1218181818181816,0.28681818181818186,0.7116363636363636,0.49272727272727274,0.47845454545454547,13.0
0022401079,9.090909090909092,37.36363636363637,46.45454545454545,26.90909090909091,8.363636363636363,6.454545454545454,10.818181818181818,17.09090909090909,121.45454545454545,14.727272727272727,99.63636363636364,0.11800000000000001,0.5782727272727273,0.6111818181818182,0.6106363636363636,2.5518181818181818,0.28345454545454546,0.7646363636363636,0.5359090909090909,0.5748181818181818,9.583333333333334,33.25,42.833333333333336,30.416666666666668,8.666666666666666,4.75,12.666666666666666,19.083333333333332,120.58333333333333,6.358333333333333,101.20166666666667,0.13441666666666668,0.5686666666666667,0.6043333333333334,0.6821666666666668,2.395,0.25425,0.7342500000000002,0.4965833333333333,0.5388333333333334,21.0
0022501174,11.636363636363637,35.54545454545455,47.18181818181818,24.09090909090909,5.636363636363637,3.6363636363636362,11.181818181818182,17.09090909090909,115.18181818181819,8.163636363636364,94.81818181818181,0.13036363636363635,0.5641818181818182,0.5980909090909091,0.5722727272727274,2.140909090909091,0.3452727272727273,0.7590909090909093,0.5549090909090909,0.5387272727272727,10.1,30.9,41.0,24.9,9.2,5.7,13.3,19.7,112.6,-7.17,101.3,0.13369999999999999,0.529,0.5669000000000001,0.601,2.056,0.25470000000000004,0.6663,0.4612,0.45919999999999994,26.0
0022400251,12.25,33.083333333333336,45.333333333333336,24.416666666666668,8.5,4.916666666666667,14.75,18.416666666666668,109.5,0.22500000000000017,98.125,0.16383333333333333,0.5390833333333332,0.5733333333333334,0.613,1.6616666666666668,0.3125,0.7300833333333333,0.52025,0.5000833333333333,13.4,33.7,47.1,29.1,9.0,5.8,13.4,22.1,118.9,5.4399999999999995,100.89099999999999,0.13599999999999998,0.556,0.5805,0.6722,2.3619999999999997,0.31439999999999996,0.6878,0.49959999999999993,0.5259,3.0
0022500288,8.181818181818182,31.0,39.18181818181818,27.0,7.909090909090909,4.545454545454546,14.363636363636363,21.90909090909091,113.81818181818181,-6.827272727272727,100.07636363636362,0.14590909090909093,0.5712727272727273,0.5911818181818181,0.6382727272727272,1.9036363636363633,0.23972727272727268,0.6974545454545453,0.4632727272727273,0.45554545454545453,16.727272727272727,30.727272727272727,47.45454545454545,24.363636363636363,7.636363636363637,4.363636363636363,15.909090909090908,22.0,118.72727272727273,-6.972727272727274,102.58454545454546,0.16227272727272726,0.520090909090909,0.5619090909090909,0.5768181818181818,1.5236363636363635,0.3799090909090909,0.6888181818181818,0.5259999999999999,0.4474545454545455,-12.0
0022500329,10.1,35.2,45.3,29.2,6.9,5.8,15.1,20.9,120.7,-7.01,105.83600000000001,0.1412,0.5480999999999999,0.5796,0.6684000000000001,2.0780000000000003,0.2606,0.6832999999999999,0.47309999999999997,0.4671,9.6,29.7,39.3,25.4,6.6,4.5,13.3,18.5,107.5,-3.7,95.85,0.1474,0.5285,0.571,0.6853,1.9700000000000002,0.2859999999999999,0.7097,0.4927999999999999,0.4680000000000001,-10.0
0022500615,16.90909090909091,33.36363636363637,50.27272727272727,21.727272727272727,7.636363636363637,5.363636363636363,12.818181818181818,17.363636363636363,108.54545454545455,0.681818181818182,95.86363636363636,0.14427272727272727,0.5092727272727272,0.539,0.5305454545454547,1.6736363636363636,0.4014545454545455,0.7245454545454545,0.555909090909091,0.49827272727272737,10.666666666666666,37.0,47.666666666666664,25.25,7.166666666666667,4.166666666666667,12.333333333333334,19.083333333333332,112.41666666666667,2.3666666666666667,100.75,0.12625,0.5156666666666666,0.5600833333333334,0.6361666666666665,2.1791666666666667,0.27241666666666664,0.7348333333333333,0.5070833333333334,0.5163333333333334,5.0
0022500282,12.7,31.9,44.6,30.1,8.2,3.4,16.7,23.7,118.3,-10.16,103.13600000000001,0.16519999999999999,0.5264,0.5730000000000001,0.7352000000000001,1.9099999999999997,0.3254,0.7072,0.5058,0.4476,10.444444444444445,30.77777777777778,41.22222222222222,26.0,10.777777777777779,3.2222222222222223,15.444444444444445,20.88888888888889,118.11111111111111,3.4333333333333336,101.27777777777777,0.16011111111111115,0.5706666666666665,0.6126666666666667,0.6157777777777778,1.6888888888888889,0.31011111111111106,0.7295555555555556,0.5211111111111112,0.5231111111111111,-2.0
0022500820,9.833333333333334,29.333333333333332,39.166666666666664,28.833333333333332,9.666666666666666,3.1666666666666665,14.833333333333334,17.5,105.16666666666667,-8.116666666666665,96.0,0.16016666666666668,0.5598333333333333,0.5756666666666667,0.7253333333333334,2.0933333333333333,0.27066666666666667,0.6828333333333333,0.466,0.45483333333333326,10.75,35.625,46.375,29.875,7.75,3.875,14.125,20.75,125.625,6.449999999999999,100.92,0.14537500000000003,0.5750000000000001,0.6187499999999999,0.686375,2.00625,0.328625,0.737375,0.542375,0.542375,11.0
0022401057,11.833333333333334,31.666666666666668,43.5,30.0,7.5,5.416666666666667,13.25,19.0,118.58333333333333,-4.541666666666668,99.435,0.1365833333333333,0.563,0.5940833333333333,0.6738333333333334,2.4283333333333332,0.32858333333333334,0.69075,0.5115833333333334,0.48833333333333334,8.25,34.916666666666664,43.166666666666664,24.166666666666668,8.25,3.6666666666666665,12.083333333333334,16.333333333333332,114.58333333333333,4.175,98.58333333333333,0.12758333333333335,0.5629166666666666,0.6000833333333333,0.5904166666666667,2.0475000000000003,0.23791666666666664,0.7485833333333334,0.5034166666666667,0.52425,10.0
0022400697,10.2,35.2,45.4,30.2,7.9,5.1,13.4,21.8,111.3,4.840000000000001,99.75,0.1387,0.5431999999999999,0.5704,0.7171000000000001,2.346,0.2693,0.7189,0.4981,0.5383,10.0,36.18181818181818,46.18181818181818,24.90909090909091,9.454545454545455,4.7272727272727275,13.909090909090908,17.636363636363637,115.18181818181819,12.763636363636364,98.6281818181818,0.15199999999999997,0.5637272727272727,0.5991818181818181,0.5737272727272728,1.7745454545454549,0.29218181818181815,0.7446363636363635,0.5335454545454547,0.5788181818181818,7.0
0022500947,10.5,35.2,45.7,27.1,8.4,4.9,12.7,19.8,115.2,10.809999999999999,97.521,0.1321,0.5437,0.5842,0.6584999999999999,2.206,0.2812,0.7067,0.5029,0.5495,10.9,31.9,42.8,26.5,7.8,5.5,12.2,18.4,111.9,4.43,95.386,0.1326,0.5464,0.5838,0.6723,2.153,0.3074,0.6817,0.4962000000000001,0.5343,6.0
0022400002,10.909090909090908,34.90909090909091,45.81818181818182,23.90909090909091,5.181818181818182,5.7272727272727275,16.272727272727273,20.90909090909091,107.0909090909091,-2.2454545454545456,98.0909090909091,0.17636363636363636,0.5345454545454544,0.5659090909090909,0.596909090909091,1.481818181818182,0.31263636363636366,0.7381818181818182,0.527909090909091,0.48109090909090907,10.666666666666666,32.333333333333336,43.0,25.444444444444443,9.444444444444445,4.666666666666667,12.11111111111111,17.444444444444443,109.0,-1.4444444444444444,97.94444444444444,0.13433333333333333,0.524,0.5582222222222223,0.661,2.0688888888888886,0.28200000000000003,0.7054444444444444,0.4865555555555555,0.5045555555555556,2.0
0022501076,8.363636363636363,30.181818181818183,38.54545454545455,25.181818181818183,7.636363636363637,3.090909090909091,15.181818181818182,20.0,106.45454545454545,-14.709090909090907,97.95454545454545,0.163,0.5629090909090909,0.5804545454545454,0.6413636363636362,1.8081818181818183,0.24963636363636368,0.6838181818181818,0.4640000000000001,0.4244545454545454,12.363636363636363,37.18181818181818,49.54545454545455,31.636363636363637,5.7272727272727275,6.0,11.272727272727273,19.454545454545453,125.18181818181819,13.299999999999999,100.5,0.12090909090909094,0.5824545454545453,0.614181818181818,0.6945454545454546,2.9409090909090905,0.3152727272727273,0.7831818181818182,0.5559999999999999,0.5540909090909091,-32.0
0022500644,11.636363636363637,34.72727272727273,46.36363636363637,27.818181818181817,8.727272727272727,6.0,13.272727272727273,20.727272727272727,123.72727272727273,6.372727272727272,102.81818181818181,0.13254545454545455,0.5860909090909091,0.6111818181818182,0.6010909090909091,2.078181818181818,0.3185454545454546,0.73,0.527,0.5362727272727272,9.727272727272727,30.727272727272727,40.45454545454545,31.454545454545453,9.636363636363637,4.2727272727272725,12.0,17.636363636363637,122.81818181818181,7.381818181818184,100.27272727272727,0.1262727272727273,0.5909090909090908,0.6172727272727273,0.7001818181818181,2.627272727272727,0.29563636363636364,0.7104545454545454,0.49854545454545457,0.5359999999999999,-26.0
0022400775,9.9,33.9,43.8,27.7,6.8,4.4,14.0,16.3,111.7,-12.180000000000001,101.9,0.1462,0.5393999999999999,0.5710000000000001,0.6893,1.9869999999999997,0.25770000000000004,0.7106,0.48310000000000003,0.44509999999999994,12.272727272727273,34.09090909090909,46.36363636363637,27.363636363636363,9.636363636363637,4.818181818181818,12.636363636363637,20.454545454545453,117.72727272727273,5.381818181818182,101.27272727272727,0.1318181818181818,0.5384545454545454,0.5758181818181818,0.6204545454545454,2.1645454545454546,0.3017272727272727,0.7263636363636364,0.515090909090909,0.5252727272727273,-18.0
0022400700,13.272727272727273,31.818181818181817,45.09090909090909,25.363636363636363,8.818181818181818,4.636363636363637,14.272727272727273,17.90909090909091,109.36363636363636,-1.6454545454545453,98.63636363636364,0.14627272727272722,0.5149999999999999,0.551,0.6381818181818182,1.8190909090909093,0.32181818181818184,0.7138181818181818,0.5113636363636364,0.48309090909090907,10.0,32.5,42.5,23.25,7.916666666666667,4.166666666666667,14.0,19.25,101.58333333333333,-18.458333333333332,101.54166666666667,0.148,0.4733333333333334,0.5151666666666667,0.6529999999999999,1.7424999999999997,0.25575,0.7048333333333333,0.4655,0.3921666666666667,-10.0
0022401122,10.181818181818182,34.63636363636363,44.81818181818182,30.818181818181817,8.363636363636363,4.181818181818182,12.454545454545455,16.454545454545453,123.36363636363636,5.372727272727274,103.54545454545455,0.12481818181818184,0.5788181818181819,0.6098181818181818,0.6749090909090908,2.5290909090909093,0.26299999999999996,0.7304545454545455,0.5045454545454545,0.5293636363636364,16.4,30.2,46.6,24.5,9.8,4.6,14.4,15.4,112.6,0.9,98.45,0.15689999999999998,0.5267999999999999,0.5565,0.597,1.7599999999999998,0.38170000000000004,0.6757000000000001,0.5165,0.49989999999999996,5.0
0022500714,13.0,30.666666666666668,43.666666666666664,28.11111111111111,8.0,6.222222222222222,15.11111111111111,18.11111111111111,111.66666666666667,-4.355555555555555,99.5,0.15755555555555556,0.5269999999999999,0.5627777777777777,0.6837777777777778,1.8455555555555554,0.3338888888888889,0.6293333333333334,0.48344444444444445,0.48133333333333334,11.363636363636363,35.0,46.36363636363637,25.90909090909091,9.727272727272727,6.454545454545454,15.090909090909092,20.545454545454547,115.72727272727273,4.972727272727272,102.18181818181819,0.1529090909090909,0.5571818181818181,0.5836363636363635,0.6146363636363635,1.8254545454545452,0.3069090909090909,0.7137272727272728,0.5128181818181818,0.5198181818181818,9.0
0022300257,11.3,34.3,45.6,24.4,9.2,4.4,13.3,19.6,107.7,-0.54,97.9,0.14290000000000003,0.5107999999999999,0.5536,0.6275999999999999,1.9409999999999996,0.3126,0.6992999999999999,0.5086000000000002,0.5167,11.4,32.1,43.5,28.5,6.0,4.1,12.2,19.7,112.0,-0.24999999999999928,97.95,0.13040000000000002,0.5408000000000001,0.569,0.6625,2.395,0.29399999999999993,0.736,0.5088,0.48949999999999994,-9.0
0022501031,11.8,29.9,41.7,25.8,8.4,4.1,11.6,19.7,112.9,1.5999999999999996,96.95,0.13299999999999998,0.5444000000000001,0.5777000000000001,0.6507999999999999,2.079,0.32649999999999996,0.6960000000000001,0.5046,0.5048000000000001,8.0,31.25,39.25,25.083333333333332,7.416666666666667,3.0,15.0,18.666666666666668,104.75,-16.35,98.33333333333333,0.15658333333333332,0.5473333333333333,0.57,0.6593333333333334,1.83,0.2253333333333333,0.69325,0.4566666666666667,0.41816666666666663,-3.0
0022501032,8.818181818181818,34.54545454545455,43.36363636363637,29.363636363636363,6.090909090909091,3.0,13.090909090909092,18.727272727272727,121.63636363636364,1.7636363636363634,101.37454545454544,0.13163636363636363,0.5794545454545453,0.6217272727272727,0.6887272727272727,2.322727272727273,0.2573636363636363,0.7523636363636363,0.5156363636363638,0.511909090909091,14.454545454545455,32.18181818181818,46.63636363636363,26.636363636363637,8.454545454545455,7.181818181818182,16.636363636363637,19.545454545454547,111.18181818181819,0.16363636363636402,101.0909090909091,0.17127272727272727,0.5255454545454545,0.5580909090909091,0.6649999999999999,1.5681818181818181,0.3434545454545454,0.6725454545454546,0.5060909090909091,0.5032727272727272,16.0
0022301188,10.2,30.9,41.1,30.8,6.6,5.6,10.3,21.8,123.3,4.790000000000001,100.15,0.1095,0.5769,0.6052000000000001,0.6512,2.9170000000000003,0.28509999999999996,0.7036,0.4946,0.5207999999999999,10.75,34.583333333333336,45.333333333333336,28.583333333333332,7.333333333333333,3.9166666666666665,14.25,19.5,114.83333333333333,1.708333333333333,98.26583333333333,0.14708333333333332,0.565,0.5860833333333334,0.65825,2.061666666666667,0.28275,0.77225,0.5216666666666666,0.4922500000000001,42.0
0022400463,8.222222222222221,34.666666666666664,42.888888888888886,23.666666666666668,8.555555555555555,3.0,14.11111111111111,17.444444444444443,109.0,1.6444444444444446,98.02222222222223,0.15533333333333332,0.5409999999999999,0.582,0.615,1.66,0.2426666666666667,0.7394444444444443,0.4958888888888889,0.5067777777777778,9.11111111111111,36.888888888888886,46.0,29.77777777777778,6.888888888888889,5.444444444444445,11.666666666666666,19.11111111111111,116.33333333333333,2.5444444444444443,100.44444444444444,0.121,0.5645555555555555,0.5956666666666667,0.6924444444444444,2.5755555555555554,0.2514444444444444,0.7260000000000001,0.5031111111111112,0.536111111111111,-13.0
0022501096,11.545454545454545,30.272727272727273,41.81818181818182,29.181818181818183,9.909090909090908,4.818181818181818,14.727272727272727,19.454545454545453,117.36363636363636,-10.000000000000002,104.4090909090909,0.14845454545454542,0.5442727272727274,0.5804545454545454,0.6801818181818181,2.059090909090909,0.2948181818181818,0.6662727272727273,0.4768181818181818,0.4632727272727273,10.090909090909092,33.72727272727273,43.81818181818182,27.818181818181817,6.181818181818182,4.2727272727272725,10.818181818181818,20.272727272727273,120.9090909090909,3.809090909090908,98.27272727272727,0.11781818181818182,0.5795454545454545,0.613,0.6451818181818182,2.550909090909091,0.28027272727272723,0.7176363636363636,0.5020909090909091,0.514818181818182,-9.0
0022501027,14.272727272727273,32.72727272727273,47.0,24.727272727272727,8.545454545454545,4.545454545454546,16.09090909090909,19.09090909090909,109.54545454545455,-3.3181818181818183,97.37363636363638,0.17281818181818182,0.5292727272727272,0.5604545454545454,0.5906363636363636,1.5854545454545452,0.3778181818181818,0.7299090909090911,0.5511818181818183,0.501,12.5,32.3,44.8,28.0,8.6,4.7,11.7,19.9,122.5,5.8,103.3,0.11979999999999999,0.5401,0.5874,0.6476,2.4530000000000003,0.3162999999999999,0.6946,0.5015999999999999,0.5384,1.0
0022401112,9.833333333333334,32.416666666666664,42.25,25.416666666666668,8.666666666666666,5.0,14.583333333333334,17.5,110.5,-11.358333333333334,102.41666666666667,0.14475000000000002,0.5297499999999999,0.5624166666666666,0.6325,1.8441666666666665,0.25,0.6780833333333334,0.46349999999999997,0.45,10.727272727272727,32.18181818181818,42.90909090909091,22.727272727272727,8.272727272727273,4.818181818181818,11.454545454545455,18.90909090909091,109.54545454545455,6.563636363636363,95.95454545454545,0.13609090909090907,0.5324545454545455,0.5717272727272728,0.5684545454545454,1.8254545454545452,0.29418181818181816,0.7173636363636364,0.5022727272727272,0.5227272727272727,-12.0
0022301084,10.222222222222221,31.0,41.22222222222222,27.666666666666668,8.666666666666666,6.0,9.88888888888889,16.77777777777778,111.88888888888889,9.166666666666668,95.83333333333333,0.11255555555555558,0.5654444444444444,0.586111111111111,0.6586666666666666,2.687777777777778,0.251,0.7086666666666667,0.4772222222222222,0.5413333333333333,10.090909090909092,32.81818181818182,42.90909090909091,26.636363636363637,6.818181818181818,4.181818181818182,11.0,17.181818181818183,112.9090909090909,-4.627272727272728,96.54818181818182,0.11627272727272726,0.5410909090909091,0.5782727272727274,0.6352727272727272,2.51,0.2782727272727273,0.7128181818181818,0.49845454545454543,0.4975454545454545,-8.0
0022401202,8.3,33.1,41.4,28.8,8.2,5.1,12.6,17.2,119.0,8.870000000000001,98.59,0.13720000000000002,0.5938000000000001,0.6259,0.6624999999999999,2.3600000000000003,0.25680000000000003,0.7035,0.4928,0.5521,13.8,35.9,49.7,31.5,10.3,4.7,15.1,19.0,118.5,-1.3599999999999999,106.02000000000001,0.15159999999999998,0.5226,0.5578,0.7090000000000001,2.045,0.33099999999999996,0.7455,0.5294999999999999,0.5088999999999999,-8.0
0022500496,9.5,29.5,39.0,25.25,10.125,4.25,15.375,19.5,107.125,2.5749999999999993,97.5625,0.164375,0.53675,0.5766249999999999,0.663,1.61125,0.272875,0.688125,0.48225,0.5029999999999999,8.4,32.7,41.1,28.2,7.1,3.7,12.0,19.4,122.5,-0.44000000000000006,99.965,0.1233,0.5737,0.6145,0.6384,2.2969999999999997,0.2583,0.6965999999999999,0.4847,0.49670000000000003,12.0
0022300294,9.4,32.7,42.1,27.6,7.5,6.0,13.4,23.0,122.5,7.859999999999999,102.15,0.1357,0.5716,0.6134999999999999,0.6141,2.0409999999999995,0.2879,0.7440999999999999,0.5227999999999999,0.5463,10.7,34.5,45.2,27.4,8.4,4.3,14.7,18.7,112.4,1.9099999999999997,99.526,0.1534,0.5529,0.5811,0.6341,1.8239999999999998,0.27849999999999997,0.7245999999999999,0.5086999999999999,0.5279,10.0
0022300537,9.272727272727273,34.90909090909091,44.18181818181818,26.363636363636363,7.2727272727272725,6.2727272727272725,13.818181818181818,18.818181818181817,113.18181818181819,-1.945454545454545,100.99,0.14245454545454544,0.5384545454545454,0.5740909090909091,0.6533636363636365,1.9227272727272733,0.2661818181818182,0.7283636363636364,0.4965454545454546,0.5019090909090909,10.4,31.2,41.6,26.5,7.7,4.6,12.9,18.8,118.3,3.5299999999999985,97.55,0.1441,0.5915000000000001,0.6256999999999999,0.6092,2.071,0.30560000000000004,0.7276,0.5199999999999999,0.5213,-9.0
0022300520,8.909090909090908,31.818181818181817,40.72727272727273,31.727272727272727,7.818181818181818,6.181818181818182,13.272727272727273,22.545454545454547,126.18181818181819,7.027272727272728,101.4090909090909,0.13536363636363632,0.6159090909090909,0.6469090909090909,0.6841818181818182,2.421818181818182,0.26245454545454544,0.6839090909090909,0.48609090909090913,0.5377272727272727,9.3,29.9,39.2,27.2,7.9,5.6,12.9,18.7,111.7,-12.610000000000001,101.25,0.13210000000000002,0.5392999999999999,0.5632,0.6423,2.3440000000000003,0.24,0.6471,0.43949999999999995,0.4384,8.0
0022500837,10.25,34.5,44.75,25.625,6.0,4.625,14.0,17.375,116.875,3.7750000000000004,96.56875,0.15649999999999997,0.587375,0.6085,0.565125,1.78125,0.31125,0.749125,0.54,0.495,14.142857142857142,38.57142857142857,52.714285714285715,28.285714285714285,9.0,4.142857142857143,12.428571428571429,18.714285714285715,120.14285714285714,10.12857142857143,103.2942857142857,0.12428571428571429,0.5295714285714286,0.5671428571428571,0.6569999999999999,2.3214285714285716,0.30100000000000005,0.7377142857142858,0.52,0.5428571428571429,11.0
0022500487,13.0,33.7,46.7,28.2,7.8,4.0,13.4,21.7,120.4,-0.3499999999999998,101.55,0.1372,0.5552,0.5896,0.6492,2.188,0.3019,0.6991,0.5023000000000001,0.4939,13.444444444444445,30.77777777777778,44.22222222222222,23.11111111111111,9.11111111111111,5.555555555555555,11.88888888888889,20.11111111111111,115.88888888888889,0.7222222222222219,100.10333333333334,0.12833333333333333,0.5070000000000001,0.5582222222222222,0.5794444444444444,2.0122222222222224,0.3136666666666667,0.6611111111111111,0.48055555555555557,0.4828888888888889,-11.0
0022400620,9.2,35.3,44.5,24.3,9.4,4.7,13.4,16.1,109.2,4.1800000000000015,98.9,0.146,0.5325,0.5694000000000001,0.5966,1.7240000000000002,0.26510000000000006,0.7372,0.5092000000000001,0.5286000000000001,11.909090909090908,33.27272727272727,45.18181818181818,25.09090909090909,8.090909090909092,6.454545454545454,11.363636363636363,15.181818181818182,112.45454545454545,11.181818181818182,94.69727272727273,0.12190909090909091,0.5532727272727272,0.5822727272727273,0.6083636363636363,2.5654545454545454,0.30490909090909085,0.6869090909090909,0.49918181818181817,0.5607272727272726,-4.0
0022400486,9.222222222222221,32.666666666666664,41.888888888888886,23.0,10.333333333333334,4.444444444444445,16.555555555555557,18.88888888888889,108.11111111111111,-1.655555555555555,100.38888888888889,0.1751111111111111,0.5464444444444445,0.5796666666666668,0.5822222222222222,1.3399999999999999,0.2543333333333333,0.7142222222222223,0.4913333333333334,0.4822222222222222,10.11111111111111,33.22222222222222,43.333333333333336,29.22222222222222,11.222222222222221,5.222222222222222,15.444444444444445,17.333333333333332,119.55555555555556,-0.5666666666666665,104.83999999999999,0.15400000000000003,0.5597777777777778,0.597,0.6892222222222222,1.9533333333333336,0.24755555555555553,0.7205555555555556,0.4858888888888889,0.5004444444444445,26.0
0022400354,11.8,32.3,44.1,28.2,8.1,6.1,13.0,16.7,111.9,-4.819999999999999,100.4,0.13269999999999998,0.5145,0.557,0.7317,2.235,0.27609999999999996,0.7045999999999999,0.4798,0.48250000000000004,12.181818181818182,30.454545454545453,42.63636363636363,23.454545454545453,11.090909090909092,5.2727272727272725,14.818181818181818,18.818181818181817,103.81818181818181,-15.754545454545456,100.5,0.15100000000000002,0.49399999999999994,0.5250909090909092,0.6030000000000001,1.6281818181818182,0.28054545454545454,0.6671818181818181,0.466,0.41663636363636364,5.0
0022501044,11.916666666666666,34.333333333333336,46.25,25.416666666666668,6.666666666666667,4.833333333333333,14.5,17.333333333333332,109.33333333333333,-13.058333333333332,101.12916666666666,0.14908333333333332,0.505,0.5471666666666667,0.6418333333333334,1.7758333333333332,0.29741666666666666,0.7239166666666667,0.5065000000000001,0.44049999999999995,13.636363636363637,27.181818181818183,40.81818181818182,27.272727272727273,9.272727272727273,4.181818181818182,14.909090909090908,19.272727272727273,110.18181818181819,-7.036363636363637,97.96727272727271,0.15836363636363637,0.5219999999999999,0.5547272727272727,0.6812727272727273,1.9200000000000002,0.32945454545454544,0.6314545454545454,0.47009090909090906,0.4527272727272727,-6.0
0022501060,13.818181818181818,27.818181818181817,41.63636363636363,28.454545454545453,10.090909090909092,4.363636363636363,16.0,20.0,113.45454545454545,-5.618181818181818,98.67181818181817,0.164,0.532090909090909,0.5648181818181818,0.6851818181818182,1.8990909090909092,0.3424545454545454,0.6505454545454546,0.48654545454545456,0.4643636363636363,10.416666666666666,28.666666666666668,39.083333333333336,23.916666666666668,7.916666666666667,5.333333333333333,17.75,24.583333333333332,102.91666666666667,-14.216666666666667,99.70833333333333,0.18258333333333332,0.5014166666666667,0.5515,0.6714166666666667,1.4891666666666667,0.2831666666666667,0.6486666666666666,0.46225000000000005,0.4058333333333333,3.0
0022501176,11.7,31.0,42.7,27.4,7.8,3.6,12.8,17.8,114.2,5.05,93.7,0.1474,0.5754,0.6093,0.6447999999999999,2.2600000000000002,0.35100000000000003,0.7039,0.5323,0.5367000000000001,10.5,30.0,40.5,33.333333333333336,10.083333333333334,5.25,12.25,20.666666666666668,118.08333333333333,4.791666666666667,99.5,0.13099999999999998,0.5766666666666668,0.5994166666666666,0.7393333333333333,2.7108333333333334,0.30650000000000005,0.6945,0.4985833333333334,0.5511666666666667,17.0
0022401059,11.363636363636363,32.0,43.36363636363637,25.09090909090909,7.7272727272727275,3.4545454545454546,11.909090909090908,16.636363636363637,116.27272727272727,3.363636363636364,99.22727272727273,0.12790909090909092,0.5478181818181818,0.5839090909090908,0.598909090909091,2.112727272727273,0.28845454545454546,0.6843636363636363,0.4886363636363637,0.5191818181818181,12.0,28.636363636363637,40.63636363636363,28.09090909090909,9.272727272727273,3.909090909090909,12.272727272727273,17.545454545454547,119.72727272727273,-2.109090909090909,98.77272727272727,0.12945454545454546,0.5746363636363636,0.6033636363636364,0.6459090909090909,2.288181818181818,0.30563636363636365,0.6803636363636364,0.48572727272727273,0.4843636363636364,8.0
0022501197,12.363636363636363,37.81818181818182,50.18181818181818,31.818181818181817,7.7272727272727275,5.545454545454546,12.090909090909092,17.181818181818183,126.72727272727273,16.62727272727273,100.16454545454545,0.13127272727272726,0.5817272727272728,0.6154545454545455,0.6749999999999999,2.4636363636363634,0.34881818181818186,0.7741818181818182,0.5702727272727274,0.5868181818181818,10.1,36.9,47.0,33.3,6.5,4.1,11.3,20.4,131.2,11.34,100.636,0.1155,0.6091,0.6416000000000001,0.6999,3.0829999999999997,0.2928,0.7381,0.5306,0.5542,-10.0
0022400735,10.75,33.5,44.25,25.083333333333332,7.333333333333333,4.083333333333333,13.75,19.333333333333332,105.08333333333333,-12.016666666666666,100.58333333333333,0.147,0.49600000000000005,0.5335833333333333,0.6679166666666667,1.8883333333333334,0.2715,0.7289166666666667,0.48891666666666667,0.42333333333333334,11.833333333333334,35.25,47.083333333333336,28.75,7.083333333333333,3.9166666666666665,12.25,18.833333333333332,122.0,8.233333333333333,99.625,0.12691666666666665,0.5720833333333334,0.6031666666666666,0.6445833333333333,2.5749999999999997,0.30216666666666664,0.7075833333333333,0.5131666666666667,0.53825,-10.0
0022400890,11.777777777777779,34.333333333333336,46.111111111111114,24.444444444444443,9.0,5.0,14.444444444444445,17.444444444444443,112.55555555555556,6.611111111111111,99.5,0.1527777777777778,0.5505555555555556,0.5857777777777778,0.6126666666666668,1.7377777777777779,0.2925555555555556,0.7095555555555556,0.5085555555555555,0.5404444444444444,13.777777777777779,34.666666666666664,48.44444444444444,27.11111111111111,7.222222222222222,5.0,13.333333333333334,17.0,115.33333333333333,-2.1999999999999997,100.37666666666667,0.13611111111111113,0.5316666666666667,0.5591111111111111,0.6185555555555555,2.3400000000000003,0.3127777777777778,0.7021111111111111,0.5072222222222221,0.4845555555555555,21.0
0022300304,11.4,34.3,45.7,25.8,7.7,5.9,10.3,19.0,113.6,6.709999999999999,98.25,0.1109,0.5271,0.5655,0.617,2.655,0.29019999999999996,0.7048,0.4997000000000001,0.5343000000000001,12.0,26.22222222222222,38.22222222222222,22.333333333333332,9.555555555555555,3.5555555555555554,14.666666666666666,21.555555555555557,107.66666666666667,-7.2333333333333325,98.34333333333333,0.15766666666666665,0.5102222222222221,0.5463333333333333,0.5711111111111111,1.5,0.32822222222222225,0.6383333333333332,0.4736666666666667,0.44333333333333336,5.0
0022300794,12.0,32.125,44.125,25.0,6.375,5.0,9.75,20.0,115.125,-7.0375,99.5,0.10450000000000001,0.524375,0.5573750000000001,0.5698749999999999,2.87,0.302875,0.718875,0.499125,0.456125,14.857142857142858,29.571428571428573,44.42857142857143,20.142857142857142,6.428571428571429,3.7142857142857144,10.857142857142858,16.285714285714285,108.42857142857143,-6.557142857142857,94.28571428571429,0.12042857142857141,0.5114285714285713,0.5447142857142857,0.4835714285714286,1.9114285714285713,0.3321428571428572,0.756142857142857,0.5212857142857145,0.45128571428571423,-14.0
0022401016,9.666666666666666,32.583333333333336,42.25,28.583333333333332,10.0,4.75,11.583333333333334,18.333333333333332,119.83333333333333,8.575,98.97916666666667,0.12449999999999999,0.5791666666666667,0.6088333333333333,0.6684166666666665,2.6166666666666667,0.27599999999999997,0.6975833333333333,0.4924166666666667,0.5429166666666666,12.833333333333334,30.083333333333332,42.916666666666664,27.0,6.416666666666667,4.916666666666667,13.166666666666666,16.666666666666668,110.66666666666667,-10.858333333333333,97.70833333333333,0.14166666666666666,0.5325,0.5584166666666667,0.6351666666666667,2.1441666666666666,0.33675000000000005,0.6770833333333331,0.4990833333333334,0.44591666666666674,41.0
0022300686,12.0,35.0,47.0,30.09090909090909,5.818181818181818,6.2727272727272725,13.727272727272727,18.727272727272727,126.0,1.2,101.61090909090909,0.13999999999999999,0.574,0.6160000000000001,0.6611818181818182,2.191818181818182,0.33054545454545453,0.727,0.5323636363636365,0.515909090909091,10.727272727272727,30.09090909090909,40.81818181818182,22.727272727272727,8.545454545454545,5.636363636363637,10.545454545454545,22.272727272727273,116.9090909090909,0.47272727272727244,97.49363636363637,0.11272727272727273,0.5354545454545455,0.5856363636363636,0.5454545454545454,2.5081818181818183,0.28254545454545454,0.6578181818181817,0.4694545454545455,0.5012727272727272,-3.0
0022300677,8.222222222222221,32.111111111111114,40.333333333333336,27.555555555555557,8.444444444444445,5.333333333333333,11.88888888888889,19.77777777777778,110.44444444444444,2.6666666666666674,97.43111111111111,0.13144444444444445,0.5445555555555556,0.5722222222222223,0.675,2.3811111111111107,0.24144444444444446,0.6991111111111111,0.4707777777777778,0.5053333333333333,8.0,35.7,43.7,27.4,7.5,4.9,13.5,17.7,120.7,7.63,99.5,0.1482,0.6133,0.6397999999999999,0.5978,2.2199999999999998,0.25520000000000004,0.7189,0.5128999999999999,0.5513000000000001,-16.0
0022400571,9.625,34.125,43.75,23.25,9.125,5.125,15.125,16.5,106.375,-3.9999999999999996,99.625,0.16075,0.52475,0.5595000000000001,0.5843750000000001,1.51125,0.263625,0.743125,0.5055000000000001,0.4715,10.727272727272727,31.90909090909091,42.63636363636363,25.454545454545453,8.0,3.272727272727273,14.818181818181818,18.818181818181817,105.81818181818181,-7.072727272727272,97.15818181818182,0.1628181818181818,0.5143636363636365,0.5504545454545454,0.6663636363636364,1.6918181818181817,0.30372727272727273,0.7231818181818181,0.5013636363636365,0.45918181818181814,59.0
0022300406,8.333333333333334,29.0,37.333333333333336,23.77777777777778,6.666666666666667,4.555555555555555,14.333333333333334,21.333333333333332,109.22222222222223,-17.31111111111111,102.5,0.14666666666666667,0.5245555555555557,0.5635555555555556,0.5836666666666667,1.75,0.2236666666666667,0.6962222222222222,0.45055555555555554,0.4082222222222222,13.1,30.9,44.0,27.2,6.3,6.4,11.8,19.3,114.6,-3.06,99.4,0.12360000000000002,0.5275000000000001,0.5606,0.6433,2.306,0.3040999999999999,0.6898,0.48999999999999994,0.47759999999999997,-6.0
0022400398,9.375,36.75,46.125,30.25,8.125,5.5,13.75,18.5,117.0,2.325,103.8125,0.139125,0.5485,0.5798749999999999,0.716,2.1275,0.25475000000000003,0.728,0.495625,0.516,7.25,34.125,41.375,25.5,8.75,4.875,14.75,18.5,111.5,0.9500000000000001,100.10374999999999,0.15337499999999998,0.578125,0.60275,0.634125,1.7262499999999998,0.211,0.74575,0.48875,0.507,-21.0
0022500209,12.8,31.1,43.9,26.5,7.4,7.0,14.8,22.2,122.4,4.0200000000000005,100.848,0.1496,0.549,0.592,0.6191,1.8830000000000002,0.355,0.6722999999999999,0.5146,0.512,12.818181818181818,29.545454545454547,42.36363636363637,23.272727272727273,9.454545454545455,5.0,10.909090909090908,24.636363636363637,112.81818181818181,2.618181818181819,97.0,0.11809090909090908,0.5277272727272727,0.5558181818181818,0.5546363636363636,2.1818181818181817,0.32572727272727275,0.6532727272727272,0.482,0.4968181818181818,2.0
0022401080,12.583333333333334,28.833333333333332,41.416666666666664,28.0,9.333333333333334,3.8333333333333335,12.083333333333334,17.75,119.41666666666667,-2.4916666666666667,99.08333333333333,0.12683333333333333,0.5660833333333334,0.595,0.6444166666666665,2.3225000000000002,0.3066666666666667,0.6751666666666667,0.4831666666666667,0.47941666666666666,11.4,32.3,43.7,26.7,8.4,5.6,10.4,15.4,115.4,11.95,94.2,0.11560000000000001,0.5735,0.601,0.6416999999999999,2.58,0.2978,0.7136,0.5077,0.5597,-10.0
0022400800,10.125,31.5,41.625,26.5,7.375,5.25,12.0,20.0,106.625,-10.4625,98.6875,0.127875,0.514,0.547875,0.6672499999999999,2.2775,0.266125,0.65825,0.46025000000000005,0.45375,12.142857142857142,34.57142857142857,46.714285714285715,25.0,5.857142857142857,4.0,13.571428571428571,15.0,103.14285714285714,-7.271428571428571,97.0,0.1422857142857143,0.5044285714285713,0.5345714285714286,0.6635714285714285,2.2157142857142857,0.2857142857142857,0.7277142857142858,0.5039999999999999,0.46471428571428575,-9.0
0022300807,8.444444444444445,30.333333333333332,38.77777777777778,27.88888888888889,7.666666666666667,6.111111111111111,14.222222222222221,17.666666666666668,104.77777777777777,-9.4,98.5,0.14933333333333335,0.5388888888888889,0.5592222222222222,0.7183333333333333,2.0088888888888885,0.22711111111111112,0.7062222222222222,0.4541111111111111,0.44788888888888884,8.125,31.625,39.75,25.5,7.5,4.0,12.5,16.5,117.875,-2.6250000000000004,100.0625,0.131875,0.567125,0.612375,0.615375,2.125,0.22912499999999997,0.696,0.47350000000000003,0.48987499999999995,-6.0
0022301010,11.909090909090908,36.63636363636363,48.54545454545455,27.454545454545453,5.818181818181818,5.636363636363637,14.818181818181818,16.90909090909091,113.9090909090909,0.336363636363636,99.47636363636364,0.155,0.5566363636363637,0.5843636363636364,0.6368181818181818,1.9045454545454548,0.30518181818181817,0.734,0.5312727272727272,0.5110909090909092,11.4,31.4,42.8,25.8,7.1,5.2,11.6,17.3,106.8,-3.4200000000000004,95.25,0.1366,0.5256000000000001,0.5532000000000001,0.6454,2.154,0.3020999999999999,0.7243999999999999,0.5002,0.4755,13.0
0022500655,12.272727272727273,30.727272727272727,43.0,24.818181818181817,8.727272727272727,3.4545454545454546,13.363636363636363,19.181818181818183,111.18181818181819,4.918181818181818,97.86363636363636,0.14827272727272728,0.5381818181818182,0.5714545454545455,0.6273636363636363,1.758181818181818,0.3148181818181818,0.6835454545454545,0.4954545454545455,0.5098181818181818,13.666666666666666,32.5,46.166666666666664,28.75,8.5,3.6666666666666665,14.583333333333334,18.583333333333332,117.25,-3.9000000000000004,105.29166666666667,0.1410833333333333,0.5197500000000002,0.5542499999999999,0.6803333333333333,2.3983333333333334,0.3081666666666667,0.7096666666666667,0.4945833333333334,0.4685833333333333,-9.0
0022301080,9.1,27.5,36.6,27.4,9.5,4.4,16.3,18.1,103.0,-16.290000000000003,98.94500000000001,0.16630000000000003,0.5195000000000001,0.5491999999999999,0.6924,1.812,0.2466,0.6416999999999999,0.44109999999999994,0.43210000000000004,11.181818181818182,30.09090909090909,41.27272727272727,23.0,7.363636363636363,6.818181818181818,10.909090909090908,18.818181818181817,100.36363636363636,-3.8272727272727276,92.72727272727273,0.1258181818181818,0.5085454545454545,0.5388181818181818,0.6137272727272727,2.13,0.277,0.688090909090909,0.4745454545454546,0.4674545454545455,-15.0
0022300830,9.25,29.5,38.75,27.75,8.125,5.25,14.375,17.125,104.5,-8.125000000000002,97.75,0.15125,0.5438750000000001,0.560125,0.702,2.0025,0.23562499999999997,0.6825,0.450875,0.460375,9.375,30.5,39.875,25.375,6.875,4.375,12.0,18.75,99.75,-16.5875,97.75,0.126125,0.495375,0.525875,0.680625,2.17,0.22949999999999998,0.7210000000000001,0.45999999999999996,0.415625,-25.0
0022300242,10.0,33.7,43.7,25.8,7.7,5.0,14.6,18.8,114.5,-0.43999999999999967,99.026,0.152,0.5665000000000001,0.6032999999999998,0.6148,1.764,0.27599999999999997,0.6950000000000001,0.4978999999999999,0.5314,8.363636363636363,35.45454545454545,43.81818181818182,26.181818181818183,7.545454545454546,5.636363636363637,14.818181818181818,16.181818181818183,111.63636363636364,0.5454545454545457,99.68181818181819,0.1537272727272727,0.5595454545454545,0.5936363636363636,0.628090909090909,1.8418181818181816,0.25409090909090915,0.7000909090909091,0.49472727272727285,0.5278181818181817,-6.0
0022500841,15.25,31.875,47.125,28.125,7.625,6.125,19.125,19.375,119.5,-1.0875000000000004,103.25,0.188125,0.571,0.594625,0.64625,1.48875,0.357375,0.708625,0.5266249999999999,0.49549999999999994,12.125,31.75,43.875,25.125,8.125,6.5,14.5,20.25,121.0,-0.5875000000000004,102.875,0.145625,0.567125,0.59875,0.570125,1.86625,0.30325,0.693875,0.5006250000000001,0.5005,-3.0
0022501177,10.454545454545455,35.54545454545455,46.0,27.0,7.909090909090909,5.090909090909091,15.454545454545455,20.90909090909091,119.0909090909091,-7.436363636363637,106.4090909090909,0.14981818181818182,0.5385454545454545,0.5750000000000001,0.6307272727272727,1.779090909090909,0.2922727272727273,0.6974545454545454,0.4955454545454545,0.4671818181818182,10.583333333333334,29.916666666666668,40.5,27.083333333333332,7.833333333333333,3.1666666666666665,16.0,21.916666666666668,116.75,-4.1000000000000005,101.58333333333333,0.1625,0.5353333333333333,0.5889166666666666,0.6739999999999999,1.7941666666666667,0.3286666666666666,0.7115,0.5181666666666668,0.47675,-24.0
0022400420,11.875,37.5,49.375,24.75,7.25,5.375,12.25,14.625,114.5,6.075,100.9375,0.121875,0.5321250000000001,0.5605,0.5885,2.5500000000000003,0.27774999999999994,0.745125,0.51125,0.52075,7.375,36.375,43.75,30.5,7.625,6.0,12.125,18.0,118.5,7.975,100.625,0.125125,0.59425,0.62175,0.6833750000000001,2.5475000000000003,0.216625,0.7268749999999999,0.491,0.56025,37.0
0022400378,13.444444444444445,37.111111111111114,50.55555555555556,29.666666666666668,9.88888888888889,5.0,15.666666666666666,19.555555555555557,116.44444444444444,1.7111111111111112,103.41777777777777,0.159,0.5262222222222221,0.5612222222222222,0.6813333333333333,1.8522222222222224,0.32322222222222224,0.7445555555555556,0.5341111111111112,0.5225555555555554,12.333333333333334,36.111111111111114,48.44444444444444,31.22222222222222,10.777777777777779,5.444444444444445,16.0,23.11111111111111,127.0,12.444444444444445,107.0,0.15466666666666665,0.5743333333333334,0.6073333333333334,0.6704444444444444,2.031111111111111,0.3135555555555556,0.7023333333333333,0.5191111111111111,0.5723333333333334,-16.0
0022501001,9.545454545454545,29.636363636363637,39.18181818181818,28.09090909090909,6.636363636363637,4.636363636363637,13.727272727272727,18.363636363636363,109.63636363636364,-16.745454545454546,100.27272727272727,0.14572727272727273,0.5304545454545454,0.5653636363636363,0.701,2.1063636363636364,0.27509090909090905,0.7062727272727273,0.477090909090909,0.4280909090909091,13.636363636363637,31.727272727272727,45.36363636363637,26.363636363636363,9.090909090909092,7.090909090909091,16.454545454545453,19.363636363636363,111.81818181818181,-0.5272727272727271,101.68181818181819,0.16863636363636367,0.5299090909090909,0.5632727272727274,0.6589999999999999,1.5690909090909093,0.33009090909090905,0.6742727272727275,0.4984545454545455,0.5021818181818181,-8.0
0022500271,10.090909090909092,36.09090909090909,46.18181818181818,29.727272727272727,8.272727272727273,6.454545454545454,14.454545454545455,22.09090909090909,121.0909090909091,-6.4363636363636365,104.03272727272729,0.13936363636363638,0.5525454545454545,0.5891818181818183,0.6855454545454546,2.1672727272727275,0.2717272727272727,0.6966363636363637,0.48927272727272725,0.48309090909090907,10.2,29.8,40.0,24.6,6.6,5.7,17.0,23.0,109.5,-20.15,102.06400000000001,0.1672,0.5294000000000001,0.5612999999999999,0.6087,1.452,0.266,0.6409999999999999,0.44989999999999986,0.38980000000000004,1.0
0022500924,9.714285714285714,30.0,39.714285714285715,25.857142857142858,8.857142857142858,4.142857142857143,11.714285714285714,19.571428571428573,111.71428571428571,1.5142857142857142,98.85714285714286,0.12985714285714284,0.5365714285714286,0.5765714285714285,0.6268571428571429,2.192857142857143,0.265,0.6849999999999999,0.47000000000000003,0.506,10.11111111111111,34.55555555555556,44.666666666666664,23.666666666666668,6.111111111111111,3.888888888888889,14.333333333333334,16.555555555555557,109.44444444444444,-9.555555555555555,102.11111111111111,0.14522222222222222,0.5163333333333333,0.5534444444444444,0.599,1.7044444444444444,0.2791111111111111,0.7241111111111111,0.5052222222222222,0.4495555555555556,30.0
0022400621,9.88888888888889,33.666666666666664,43.55555555555556,30.444444444444443,9.0,4.888888888888889,10.222222222222221,17.666666666666668,117.22222222222223,11.888888888888888,98.44444444444444,0.12455555555555556,0.5682222222222222,0.5927777777777778,0.6757777777777778,2.7055555555555553,0.2941111111111111,0.7455555555555555,0.5197777777777778,0.5593333333333335,11.75,35.5,47.25,27.875,6.5,7.0,12.875,15.375,112.375,-8.0,100.215,0.131625,0.528,0.554875,0.666375,2.1475,0.28475,0.694625,0.488875,0.46687500000000004,-30.0
0022500300,9.090909090909092,30.09090909090909,39.18181818181818,22.90909090909091,7.545454545454546,4.909090909090909,13.636363636363637,21.454545454545453,112.9090909090909,-6.763636363636365,96.77545454545454,0.1469090909090909,0.5424545454545455,0.5897272727272728,0.5776363636363636,1.6872727272727275,0.2764545454545455,0.6506363636363637,0.4668181818181818,0.4615454545454545,11.916666666666666,34.666666666666664,46.583333333333336,24.5,8.333333333333334,6.833333333333333,16.083333333333332,21.583333333333332,112.5,-4.875,101.955,0.15983333333333333,0.5141666666666667,0.5523333333333335,0.6064999999999999,1.5633333333333332,0.30016666666666664,0.6909166666666667,0.4955,0.4744166666666667,-4.0
0022400327,9.272727272727273,33.72727272727273,43.0,29.636363636363637,7.181818181818182,4.545454545454546,12.181818181818182,18.818181818181817,121.45454545454545,8.718181818181819,98.35818181818182,0.13336363636363635,0.5903636363636363,0.6242727272727273,0.6562727272727272,2.5572727272727267,0.3008181818181818,0.7254545454545455,0.5225454545454546,0.5501818181818181,14.7,30.7,45.4,23.5,8.5,5.3,14.6,20.0,107.0,-4.550000000000001,96.255,0.16360000000000002,0.5105000000000001,0.5431999999999999,0.6183000000000001,1.7200000000000002,0.352,0.6882999999999999,0.5067,0.4643,24.0
0022300782,11.9,30.2,42.1,27.2,8.6,4.4,13.7,18.2,110.7,-12.77,99.022,0.1403,0.5221,0.5564,0.6548999999999999,2.006,0.29690000000000005,0.6711,0.47569999999999996,0.44749999999999995,9.833333333333334,31.416666666666668,41.25,30.166666666666668,7.333333333333333,4.583333333333333,13.166666666666666,20.083333333333332,118.83333333333333,-0.2916666666666666,100.70833333333333,0.13191666666666668,0.5830833333333333,0.6034166666666666,0.6421666666666668,2.4591666666666665,0.26199999999999996,0.7096666666666667,0.4899166666666666,0.5105000000000001,-2.0
0022400782,11.181818181818182,32.27272727272727,43.45454545454545,26.09090909090909,6.2727272727272725,6.7272727272727275,12.272727272727273,18.09090909090909,118.0909090909091,-2.7454545454545447,98.91636363636363,0.13445454545454544,0.5615454545454545,0.5945454545454546,0.5954545454545456,2.1427272727272726,0.31281818181818183,0.6960000000000001,0.5056363636363637,0.49536363636363645,12.454545454545455,32.0,44.45454545454545,30.09090909090909,8.181818181818182,3.6363636363636362,12.090909090909092,21.90909090909091,117.45454545454545,2.8272727272727276,100.5,0.1262727272727273,0.5352727272727272,0.5708181818181818,0.7371818181818182,2.501818181818182,0.3169090909090909,0.7518181818181818,0.5171818181818182,0.5026363636363637,4.0
0022500398,14.444444444444445,33.111111111111114,47.55555555555556,26.88888888888889,7.888888888888889,4.666666666666667,13.222222222222221,19.333333333333332,119.33333333333333,9.577777777777778,97.0,0.14066666666666663,0.577,0.606,0.6163333333333333,2.0655555555555556,0.3448888888888889,0.6671111111111112,0.5172222222222222,0.56,10.555555555555555,33.44444444444444,44.0,25.666666666666668,8.222222222222221,5.777777777777778,13.222222222222221,17.22222222222222,113.88888888888889,-4.122222222222223,102.5,0.133,0.5251111111111112,0.5601111111111111,0.6132222222222222,2.0188888888888887,0.27666666666666667,0.7183333333333333,0.49144444444444446,0.4815555555555555,7.0
0022500801,9.25,31.25,40.5,23.75,7.5,4.625,14.0,17.875,107.375,-2.5375,95.3125,0.15525,0.55625,0.592375,0.606875,1.76375,0.279875,0.674375,0.48725,0.508125,10.125,33.625,43.75,27.875,6.875,4.25,12.375,19.0,120.375,2.2124999999999995,96.42,0.1345,0.575375,0.6192500000000001,0.673,2.1900000000000004,0.3235,0.715125,0.53125,0.5317500000000001,1.0
0022501130,8.9,36.9,45.8,33.1,6.3,3.2,12.4,20.8,126.4,8.749999999999998,101.862,0.12539999999999998,0.5999999999999999,0.6328999999999999,0.734,2.68,0.2678,0.751,0.5236000000000001,0.5399999999999998,12.909090909090908,38.0,50.90909090909091,31.818181818181817,7.090909090909091,5.545454545454546,12.181818181818182,17.09090909090909,123.72727272727273,17.745454545454546,99.72727272727273,0.13163636363636366,0.574,0.6077272727272727,0.6925454545454547,2.6936363636363634,0.3450909090909091,0.771,0.5681818181818182,0.5864545454545455,2.0
0022300727,10.909090909090908,29.636363636363637,40.54545454545455,22.636363636363637,8.0,5.181818181818182,9.272727272727273,21.272727272727273,115.27272727272727,-4.045454545454546,97.68181818181819,0.10072727272727272,0.5331818181818182,0.5786363636363636,0.5363636363636364,3.053636363636364,0.2675454545454546,0.6876363636363636,0.4707272727272728,0.47345454545454546,10.285714285714286,37.857142857142854,48.142857142857146,29.571428571428573,6.857142857142857,6.285714285714286,13.857142857142858,21.142857142857142,127.71428571428571,8.085714285714287,100.52285714285713,0.13642857142857143,0.5932857142857143,0.6208571428571429,0.6155714285714285,2.1042857142857145,0.29014285714285715,0.7312857142857142,0.5262857142857144,0.5492857142857143,-23.0
0022401107,15.0,35.18181818181818,50.18181818181818,24.90909090909091,8.636363636363637,4.7272727272727275,11.545454545454545,17.272727272727273,120.18181818181819,9.572727272727272,98.61090909090909,0.12545454545454546,0.5417272727272727,0.5735454545454546,0.5592727272727273,2.251818181818182,0.36790909090909096,0.7663636363636365,0.5558181818181818,0.5411818181818182,9.363636363636363,32.72727272727273,42.09090909090909,24.363636363636363,7.090909090909091,2.909090909090909,16.818181818181817,18.90909090909091,105.63636363636364,-15.918181818181818,101.45454545454545,0.17172727272727273,0.5174545454545455,0.5494545454545455,0.6356363636363636,1.4699999999999998,0.26227272727272727,0.6966363636363637,0.47881818181818175,0.4059999999999999,38.0
0022400839,9.125,32.875,42.0,27.375,6.375,4.125,16.5,21.125,112.875,-4.725,99.57249999999999,0.1715,0.55375,0.59025,0.67825,1.6524999999999999,0.295625,0.696,0.5015000000000001,0.47625,12.375,32.875,45.25,26.0,8.625,5.875,15.375,20.0,114.125,2.6750000000000003,101.625,0.155125,0.532375,0.5654999999999999,0.6263749999999999,1.6925,0.324875,0.710125,0.509,0.507625,-8.0
0022300665,11.166666666666666,32.583333333333336,43.75,30.5,7.666666666666667,5.916666666666667,12.75,16.833333333333332,117.5,0.10000000000000024,100.83333333333333,0.12975,0.5525833333333333,0.5861666666666666,0.6970000000000001,2.706666666666667,0.288,0.6989166666666667,0.49249999999999994,0.5128333333333334,10.8,32.9,43.7,29.8,8.1,6.0,12.4,21.0,114.9,-2.43,102.6,0.1247,0.5241,0.5633000000000001,0.7026999999999999,2.463,0.26539999999999997,0.6822,0.4755,0.48979999999999996,-5.0
0022500621,13.090909090909092,34.72727272727273,47.81818181818182,23.09090909090909,6.454545454545454,5.363636363636363,10.727272727272727,16.272727272727273,117.27272727272727,9.418181818181818,95.5909090909091,0.1188181818181818,0.5579999999999999,0.588,0.5305454545454544,2.2936363636363635,0.3475454545454546,0.7391818181818182,0.5455454545454544,0.5189090909090909,8.363636363636363,33.72727272727273,42.09090909090909,28.545454545454547,8.181818181818182,4.7272727272727275,14.636363636363637,21.09090909090909,110.0909090909091,-4.854545454545455,102.45454545454545,0.15145454545454548,0.5402727272727272,0.5710000000000002,0.6978181818181818,2.189090909090909,0.23109090909090912,0.7355454545454546,0.4836363636363636,0.4753636363636364,15.0
0022500533,11.833333333333334,32.75,44.583333333333336,27.833333333333332,8.166666666666666,5.0,12.583333333333334,22.416666666666668,113.75,-4.425,99.84083333333335,0.12466666666666669,0.5219999999999999,0.55925,0.6672500000000001,2.5975,0.2841666666666667,0.69325,0.48225,0.48275,11.9,29.8,41.7,24.4,9.7,6.0,12.1,20.1,119.6,2.6900000000000004,99.726,0.12760000000000002,0.5398000000000001,0.5822999999999999,0.5713999999999999,2.1130000000000004,0.3040999999999999,0.6704,0.4806000000000001,0.4951,-12.0
0022500659,10.0,34.1,44.1,29.9,10.1,4.5,12.8,19.3,111.8,-2.21,102.7,0.1325,0.5298,0.5568,0.7248,2.734,0.25770000000000004,0.7529999999999999,0.4925,0.4868,10.272727272727273,33.18181818181818,43.45454545454545,30.09090909090909,7.454545454545454,4.363636363636363,14.0,20.363636363636363,109.9090909090909,-4.818181818181819,101.22727272727273,0.1487272727272727,0.5331818181818182,0.5600909090909091,0.7334545454545455,2.376363636363636,0.2700000000000001,0.7447272727272728,0.49827272727272726,0.4724545454545454,16.0
0022501016,10.916666666666666,29.0,39.916666666666664,24.083333333333332,7.583333333333333,4.833333333333333,17.75,23.333333333333332,103.75,-15.883333333333331,98.70833333333333,0.18466666666666665,0.5130833333333332,0.5589999999999999,0.6610833333333335,1.3708333333333333,0.30316666666666664,0.6724166666666668,0.4828333333333334,0.40424999999999994,12.909090909090908,35.09090909090909,48.0,30.181818181818183,8.545454545454545,3.5454545454545454,13.090909090909092,19.545454545454547,117.27272727272727,13.009090909090908,97.54545454545455,0.14454545454545456,0.5674545454545454,0.5982727272727273,0.6747272727272727,2.3327272727272725,0.3406363636363636,0.7713636363636365,0.5577272727272727,0.5620909090909091,-1.0
0022300694,8.090909090909092,33.81818181818182,41.90909090909091,28.181818181818183,7.363636363636363,5.0,13.272727272727273,19.0,113.0,7.981818181818183,96.5909090909091,0.14636363636363636,0.5929090909090909,0.617090909090909,0.6757272727272728,2.2036363636363636,0.27690909090909094,0.7733636363636364,0.5351818181818182,0.5559999999999999,11.363636363636363,29.363636363636363,40.72727272727273,24.363636363636363,7.7272727272727275,4.909090909090909,12.272727272727273,20.727272727272727,106.0909090909091,-1.3272727272727272,94.86363636363636,0.13772727272727273,0.5257272727272727,0.5619090909090908,0.631818181818182,1.9618181818181817,0.3077272727272727,0.7175454545454546,0.5020909090909091,0.499,-2.0
0022300411,9.25,31.375,40.625,26.25,9.75,7.75,10.5,18.75,123.0,4.5249999999999995,102.5875,0.108375,0.55225,0.5965,0.57975,2.34375,0.241,0.678875,0.462875,0.5225,10.444444444444445,34.44444444444444,44.888888888888886,27.88888888888889,7.555555555555555,5.777777777777778,13.88888888888889,19.333333333333332,115.0,6.966666666666667,99.33333333333333,0.14733333333333334,0.5637777777777777,0.5992222222222223,0.6546666666666667,1.9466666666666665,0.28255555555555556,0.7523333333333332,0.5218888888888888,0.5455555555555556,23.0
0022300865,9.428571428571429,31.571428571428573,41.0,23.857142857142858,7.285714285714286,2.857142857142857,13.857142857142858,16.285714285714285,109.85714285714286,-6.814285714285715,98.71428571428571,0.14714285714285716,0.527,0.5731428571428572,0.5954285714285714,1.7257142857142855,0.2552857142857143,0.6871428571428572,0.475,0.46671428571428575,10.444444444444445,31.88888888888889,42.333333333333336,30.0,8.0,4.0,14.777777777777779,20.0,115.11111111111111,-10.155555555555557,105.99777777777778,0.1448888888888889,0.5277777777777778,0.5523333333333333,0.6846666666666668,2.045555555555556,0.245,0.7310000000000001,0.46977777777777785,0.42244444444444446,25.0
0022300913,11.625,32.125,43.75,22.25,8.125,6.25,16.5,17.25,101.0,-7.9,96.41375,0.179375,0.495,0.5342499999999999,0.6102500000000001,1.3475000000000001,0.31562500000000004,0.684375,0.497375,0.465625,12.142857142857142,34.57142857142857,46.714285714285715,25.571428571428573,6.142857142857143,5.0,11.428571428571429,15.142857142857142,111.57142857142857,4.1000000000000005,97.5,0.13185714285714287,0.5254285714285715,0.559,0.6081428571428571,2.127142857142857,0.32399999999999995,0.6902857142857144,0.512,0.5245714285714286,-7.0
0022400834,13.0,31.22222222222222,44.22222222222222,30.333333333333332,10.222222222222221,4.0,11.555555555555555,20.11111111111111,119.0,8.444444444444445,100.55555555555556,0.11866666666666667,0.5311111111111111,0.5721111111111111,0.7180000000000001,2.6422222222222222,0.3336666666666666,0.7213333333333334,0.5150000000000001,0.5454444444444443,11.0,31.6,42.6,23.5,7.9,3.5,13.3,17.0,100.1,-15.76,97.7,0.1423,0.4725,0.5135,0.6492,1.876,0.2827,0.6787,0.47240000000000004,0.4232,36.0
0022400389,11.555555555555555,32.77777777777778,44.333333333333336,28.88888888888889,9.11111111111111,5.0,11.333333333333334,20.555555555555557,119.44444444444444,7.088888888888887,101.38888888888889,0.11411111111111111,0.544,0.578777777777778,0.6435555555555557,2.6722222222222225,0.27388888888888885,0.701,0.4863333333333333,0.5241111111111111,6.75,33.25,40.0,27.875,8.5,6.25,14.5,19.5,115.375,0.7374999999999998,102.6875,0.143375,0.56675,0.6056250000000001,0.666375,2.0975,0.204125,0.723625,0.469,0.514,-27.0
0022500726,13.909090909090908,34.72727272727273,48.63636363636363,27.0,8.545454545454545,4.090909090909091,12.545454545454545,19.727272727272727,112.27272727272727,11.7,97.4090909090909,0.1401818181818182,0.5459090909090908,0.5718181818181818,0.6449999999999999,2.173636363636364,0.3250909090909091,0.7396363636363635,0.5315454545454545,0.5636363636363636,7.75,32.0,39.75,24.833333333333332,6.833333333333333,5.0,9.916666666666666,19.0,111.0,-0.1583333333333333,95.29166666666667,0.11066666666666668,0.5485833333333333,0.592,0.6420833333333333,2.6616666666666666,0.2403333333333334,0.6784166666666667,0.4713333333333334,0.5135000000000001,7.0
0022500697,13.363636363636363,35.81818181818182,49.18181818181818,28.454545454545453,6.2727272727272725,4.090909090909091,14.545454545454545,18.0,119.54545454545455,14.145454545454545,97.0909090909091,0.15945454545454546,0.5829090909090909,0.6115454545454546,0.6448181818181818,1.9745454545454544,0.37572727272727274,0.7337272727272727,0.5647272727272727,0.5626363636363636,10.1,35.2,45.3,26.1,5.9,5.6,11.8,18.0,110.7,3.31,98.3,0.12510000000000002,0.5343,0.5675999999999999,0.6519,2.208,0.2637,0.6988000000000001,0.489,0.5117,5.0
0022501021,9.0,35.54545454545455,44.54545454545455,29.454545454545453,6.545454545454546,3.3636363636363638,13.727272727272727,18.90909090909091,121.63636363636364,0.8363636363636366,102.16090909090909,0.13645454545454547,0.5680909090909091,0.6107272727272728,0.6920909090909091,2.222727272727273,0.2562727272727273,0.7568181818181817,0.5143636363636365,0.5035454545454545,9.666666666666666,29.555555555555557,39.22222222222222,26.666666666666668,8.444444444444445,3.888888888888889,11.555555555555555,20.555555555555557,116.44444444444444,4.455555555555557,98.44444444444444,0.129,0.5606666666666666,0.599888888888889,0.6193333333333332,2.268888888888889,0.276,0.6930000000000001,0.4832222222222222,0.5172222222222221,6.0
0022401173,11.272727272727273,29.818181818181817,41.09090909090909,24.272727272727273,8.545454545454545,5.545454545454546,13.363636363636363,17.0,108.72727272727273,-9.754545454545454,98.68181818181819,0.149,0.5273636363636364,0.5590909090909091,0.6064545454545455,1.8645454545454543,0.29600000000000004,0.6819999999999999,0.4848181818181818,0.44990909090909087,11.272727272727273,31.363636363636363,42.63636363636363,31.818181818181817,9.0,3.6363636363636362,14.181818181818182,21.636363636363637,123.18181818181819,2.0545454545454542,101.86363636363636,0.14590909090909088,0.5875454545454546,0.6161818181818183,0.696,2.296363636363636,0.3005454545454545,0.721909090909091,0.5126363636363637,0.5084545454545455,-14.0
0022300666,10.6,28.9,39.5,25.2,5.4,4.0,11.8,21.3,117.1,-5.950000000000001,99.15,0.12110000000000001,0.5556,0.5894000000000001,0.6022,2.155,0.2727,0.6780999999999999,0.4678,0.4603,11.818181818181818,31.0,42.81818181818182,23.363636363636363,8.090909090909092,5.090909090909091,12.0,20.09090909090909,103.54545454545455,-3.5545454545454547,94.40454545454546,0.13527272727272727,0.509909090909091,0.5427272727272726,0.6192727272727274,1.907272727272727,0.307,0.7175454545454545,0.5007272727272728,0.4860909090909092,2.0
0022400478,10.7,31.8,42.5,24.3,8.0,3.3,15.8,19.4,103.5,-7.389999999999999,96.9,0.1806,0.5041,0.5472999999999999,0.6632,1.4369999999999998,0.3156,0.7082999999999999,0.5026999999999999,0.45549999999999996,9.2,29.4,38.6,21.5,10.9,4.6,13.3,19.5,111.5,-2.51,97.85,0.1399,0.5405,0.5862999999999999,0.5534999999999999,1.8530000000000002,0.2763,0.6969,0.47890000000000005,0.48630000000000007,-29.0
0022301160,11.727272727272727,33.27272727272727,45.0,22.0,5.909090909090909,4.909090909090909,13.454545454545455,15.545454545454545,105.0,-5.081818181818182,95.82636363636365,0.14563636363636362,0.5173636363636365,0.5494545454545454,0.5758181818181818,1.7690909090909093,0.2965454545454546,0.7341818181818183,0.5098181818181818,0.4674545454545454,9.363636363636363,28.90909090909091,38.27272727272727,26.272727272727273,9.090909090909092,4.181818181818182,16.454545454545453,17.90909090909091,106.9090909090909,-17.354545454545455,101.0909090909091,0.16636363636363638,0.5185454545454545,0.5534545454545454,0.652909090909091,1.6909090909090911,0.2724545454545455,0.6533636363636364,0.46154545454545465,0.42754545454545456,4.0
0022500629,11.818181818181818,31.272727272727273,43.09090909090909,24.636363636363637,8.636363636363637,6.090909090909091,16.0,20.0,110.81818181818181,-8.672727272727272,102.13636363636364,0.1594545454545455,0.5235454545454545,0.561,0.6076363636363636,1.6554545454545453,0.30527272727272725,0.706,0.4969090909090909,0.4547272727272727,7.0,30.25,37.25,24.5,6.083333333333333,4.5,9.833333333333334,18.583333333333332,109.83333333333333,-3.2083333333333335,95.02749999999999,0.11108333333333335,0.5410833333333334,0.5801666666666666,0.6388333333333333,2.6333333333333333,0.22441666666666663,0.65975,0.4508333333333334,0.4844166666666667,-10.0
0022300901,7.555555555555555,34.111111111111114,41.666666666666664,30.0,6.444444444444445,6.0,12.222222222222221,14.333333333333334,121.0,1.7222222222222223,100.44222222222223,0.1291111111111111,0.5965555555555555,0.6196666666666667,0.6429999999999999,2.5444444444444443,0.24133333333333334,0.688,0.482,0.5201111111111111,13.25,31.875,45.125,27.75,7.75,5.0,12.5,19.625,114.5,-1.4874999999999998,97.79124999999999,0.13075,0.5483750000000001,0.569875,0.6227499999999999,2.315,0.32537499999999997,0.730625,0.52075,0.477875,-10.0
0022301172,9.0,36.18181818181818,45.18181818181818,26.0,7.181818181818182,4.636363636363637,14.545454545454545,20.818181818181817,111.18181818181819,-3.027272727272727,101.69000000000001,0.149,0.5377272727272728,0.5659090909090909,0.6218181818181818,1.7899999999999998,0.24645454545454548,0.7314545454545454,0.4952727272727273,0.47690909090909095,10.545454545454545,33.54545454545455,44.09090909090909,25.454545454545453,8.090909090909092,4.545454545454546,11.454545454545455,17.272727272727273,111.63636363636364,-1.8363636363636362,96.36363636363636,0.12354545454545457,0.5507272727272728,0.5831818181818181,0.5959090909090908,2.428181818181818,0.283,0.723,0.5073636363636365,0.5089090909090909,-2.0
0022500581,17.1,33.2,50.3,23.2,7.7,5.8,13.0,17.1,111.0,5.61,94.65,0.1481,0.5282000000000001,0.5575000000000001,0.5502,1.761,0.43000000000000005,0.7246,0.5730000000000001,0.5287,9.545454545454545,32.45454545454545,42.0,25.181818181818183,10.090909090909092,7.090909090909091,10.636363636363637,19.181818181818183,119.72727272727273,7.609090909090909,101.22000000000001,0.10772727272727271,0.5424545454545454,0.5844545454545454,0.5760909090909091,2.4063636363636363,0.27772727272727277,0.6967272727272728,0.48763636363636365,0.5499999999999999,-20.0
0022500503,10.777777777777779,33.55555555555556,44.333333333333336,23.22222222222222,7.666666666666667,5.777777777777778,11.555555555555555,18.88888888888889,121.33333333333333,12.100000000000001,97.44444444444444,0.12844444444444447,0.5846666666666667,0.616111111111111,0.5237777777777777,2.1566666666666667,0.3348888888888889,0.7064444444444444,0.5282222222222221,0.5501111111111112,10.272727272727273,35.81818181818182,46.09090909090909,31.90909090909091,7.090909090909091,4.7272727272727275,12.636363636363637,17.818181818181817,119.27272727272727,-0.7181818181818186,103.04545454545455,0.12881818181818183,0.5604545454545454,0.588,0.7240909090909091,2.500909090909091,0.2769090909090909,0.7305454545454545,0.507909090909091,0.5105454545454545,14.0
0022500302,11.818181818181818,33.27272727272727,45.09090909090909,27.0,7.909090909090909,6.0,13.0,21.09090909090909,118.27272727272727,2.145454545454545,102.02272727272727,0.13445454545454547,0.546,0.5783636363636364,0.6372727272727273,2.0863636363636364,0.27736363636363637,0.7117272727272727,0.494,0.5017272727272727,13.444444444444445,33.0,46.44444444444444,25.666666666666668,6.888888888888889,5.555555555555555,11.0,22.555555555555557,116.77777777777777,6.2555555555555555,95.72222222222223,0.12088888888888888,0.564888888888889,0.5908888888888889,0.5992222222222222,2.6677777777777774,0.3218888888888889,0.6823333333333333,0.5033333333333333,0.5213333333333333,-2.0
0022301026,12.692307692307692,30.384615384615383,43.07692307692308,24.76923076923077,7.538461538461538,4.230769230769231,15.538461538461538,19.846153846153847,110.0,-4.438461538461538,96.78923076923077,0.16153846153846155,0.5382307692307692,0.5696153846153845,0.5985384615384615,1.6576923076923078,0.3201538461538461,0.6997692307692307,0.5046153846153846,0.4717692307692308,8.5,34.1,42.6,30.6,7.1,5.3,10.7,16.0,116.3,7.44,95.624,0.11769999999999999,0.5901,0.6142000000000001,0.6625,2.844,0.25820000000000004,0.7231,0.5078,0.5469999999999999,-3.0
0022500864,13.875,37.625,51.5,28.75,9.125,4.375,13.25,18.5,120.0,7.85,103.2575,0.12912500000000002,0.5369999999999999,0.5727500000000001,0.678625,2.265,0.29825,0.7328749999999999,0.514375,0.5353749999999999,10.375,33.5,43.875,24.875,8.125,7.25,16.375,17.625,111.625,9.025,95.9375,0.178875,0.57875,0.6111249999999999,0.5996250000000001,1.5237500000000002,0.33387500000000003,0.6821250000000001,0.524625,0.5425,10.0
0022500931,11.11111111111111,31.88888888888889,43.0,26.333333333333332,8.222222222222221,5.222222222222222,12.555555555555555,18.666666666666668,111.55555555555556,3.533333333333333,95.54,0.13566666666666666,0.5462222222222223,0.5814444444444444,0.6651111111111111,2.081111111111111,0.3091111111111111,0.6826666666666665,0.49744444444444447,0.5273333333333334,10.222222222222221,32.111111111111114,42.333333333333336,23.77777777777778,10.222222222222221,5.222222222222222,12.666666666666666,20.77777777777778,113.66666666666667,-3.6333333333333337,102.27777777777777,0.13088888888888892,0.5205555555555557,0.5596666666666665,0.5742222222222222,1.9466666666666665,0.27311111111111114,0.706888888888889,0.4817777777777778,0.47255555555555556,14.0
0022400870,12.25,33.25,45.5,21.25,7.75,6.375,12.375,19.5,105.625,-1.3625000000000003,96.9375,0.144625,0.5066250000000001,0.5417500000000001,0.5486249999999999,1.5750000000000002,0.3225,0.7555,0.5265,0.49050000000000005,11.375,33.875,45.25,25.375,7.0,3.0,14.625,18.375,105.75,-6.9,99.5575,0.1555,0.505875,0.536875,0.639875,1.6525,0.27225,0.727625,0.494375,0.46237500000000004,-2.0
0022500358,11.0,32.0,43.0,29.25,10.083333333333334,4.083333333333333,14.916666666666666,20.75,113.16666666666667,2.1999999999999997,99.83833333333332,0.15408333333333332,0.541,0.5713333333333332,0.6841666666666666,1.9674999999999996,0.31850000000000006,0.7029166666666665,0.5098333333333332,0.5107499999999999,12.6,30.8,43.4,25.5,8.2,5.4,11.4,21.6,122.1,10.23,95.6,0.12910000000000002,0.6018000000000001,0.6277999999999999,0.5688000000000001,2.55,0.3254,0.6674,0.5029,0.5363999999999999,-8.0
0022400375,10.75,34.0,44.75,28.875,8.875,2.875,12.125,16.0,117.625,7.075000000000001,98.4,0.13025,0.5567500000000001,0.594125,0.685625,2.29,0.291625,0.7361249999999999,0.509375,0.523875,11.125,33.125,44.25,26.0,13.0,4.875,10.75,20.875,116.5,14.287499999999998,98.72375,0.11400000000000002,0.5469999999999999,0.5798749999999999,0.5935,2.71625,0.29512499999999997,0.702125,0.49825,0.5745,-7.0
0022400971,13.25,33.25,46.5,27.75,8.75,5.5,13.5,20.916666666666668,120.66666666666667,0.3416666666666668,102.74666666666667,0.13974999999999999,0.5323333333333333,0.5734166666666667,0.62475,2.0366666666666666,0.3273333333333333,0.69075,0.5058333333333334,0.4975833333333333,8.461538461538462,32.38461538461539,40.84615384615385,26.53846153846154,7.923076923076923,3.4615384615384617,12.538461538461538,16.0,108.46153846153847,-1.4461538461538457,95.38076923076922,0.14100000000000001,0.5533846153846155,0.5851538461538461,0.6582307692307693,2.0707692307692307,0.24761538461538463,0.7342307692307692,0.4920769230769231,0.49638461538461526,34.0
0022501204,9.11111111111111,31.77777777777778,40.888888888888886,24.444444444444443,5.777777777777778,4.444444444444445,13.333333333333334,17.88888888888889,121.44444444444444,2.5,98.83333333333333,0.1376666666666667,0.5928888888888889,0.6342222222222222,0.5687777777777777,1.948888888888889,0.2927777777777778,0.6946666666666668,0.5035555555555555,0.5087777777777778,11.4,31.5,42.9,24.3,8.2,3.8,11.7,19.5,120.6,1.1400000000000003,100.75,0.121,0.5494000000000001,0.5900000000000001,0.5642,2.2439999999999998,0.2899,0.6867,0.48339999999999994,0.49139999999999995,-13.0
0022300758,10.727272727272727,30.727272727272727,41.45454545454545,24.727272727272727,6.636363636363637,4.909090909090909,12.545454545454545,20.272727272727273,113.81818181818181,-2.972727272727273,97.19909090909091,0.1369090909090909,0.5338181818181819,0.5824545454545454,0.6030000000000001,1.852727272727273,0.29963636363636365,0.676,0.4908181818181818,0.48100000000000004,10.7,34.1,44.8,27.6,7.6,4.9,12.3,17.8,117.5,1.11,100.2,0.1274,0.5582,0.5852,0.6093,2.505,0.28369999999999995,0.76,0.5168,0.4979,-9.0
0022501054,12.2,36.3,48.5,23.7,6.3,3.3,11.9,17.4,109.6,2.31,96.65,0.13299999999999998,0.5154,0.5607999999999999,0.6083999999999999,1.956,0.3203,0.7492,0.5336000000000001,0.5144,9.9,35.3,45.2,25.4,8.7,4.7,11.5,17.4,116.1,10.91,99.25,0.1213,0.5542,0.5923999999999999,0.605,2.7939999999999996,0.2669,0.6955,0.492,0.5721999999999999,10.0
0022401078,12.181818181818182,33.81818181818182,46.0,27.727272727272727,9.545454545454545,5.636363636363637,12.0,20.818181818181817,117.54545454545455,2.5454545454545454,101.45454545454545,0.12572727272727272,0.5426363636363637,0.5774545454545454,0.6425454545454545,2.368181818181818,0.2900909090909091,0.7165454545454546,0.5002727272727273,0.5095454545454546,9.333333333333334,32.333333333333336,41.666666666666664,25.333333333333332,7.416666666666667,3.25,12.75,19.5,111.66666666666667,-5.941666666666666,98.625,0.13949999999999999,0.5523333333333332,0.5830000000000001,0.6304166666666667,2.0374999999999996,0.25608333333333333,0.7180833333333334,0.4875833333333333,0.46325,-7.0
0022501004,9.363636363636363,32.81818181818182,42.18181818181818,24.272727272727273,8.090909090909092,5.181818181818182,15.181818181818182,21.636363636363637,112.63636363636364,-1.8000000000000005,99.86363636363636,0.1620909090909091,0.5673636363636363,0.6033636363636363,0.5915454545454545,1.5781818181818181,0.2920909090909091,0.6870909090909092,0.4993636363636363,0.4975454545454546,12.6,28.8,41.4,26.1,10.4,4.3,13.5,20.4,113.2,-5.78,99.7,0.13849999999999998,0.5266,0.5687999999999999,0.655,2.037,0.30569999999999997,0.6574,0.47380000000000005,0.46130000000000004,36.0
0022300017,13.555555555555555,31.88888888888889,45.44444444444444,25.555555555555557,7.555555555555555,5.333333333333333,13.777777777777779,21.88888888888889,116.11111111111111,-7.322222222222223,102.05555555555556,0.14033333333333334,0.5299999999999999,0.565111111111111,0.5754444444444444,2.025555555555555,0.3383333333333333,0.7095555555555556,0.52,0.4730000000000001,9.9,32.7,42.6,25.5,8.8,3.7,13.7,16.8,109.5,-0.4799999999999998,100.45,0.1461,0.5293,0.5729,0.6454,1.95,0.2468,0.7290000000000001,0.48810000000000003,0.5072,-6.0
0022501162,9.727272727272727,36.27272727272727,46.0,33.54545454545455,5.909090909090909,3.4545454545454546,11.545454545454545,21.272727272727273,128.36363636363637,9.009090909090908,101.12363636363638,0.11627272727272726,0.5990909090909091,0.6327272727272727,0.7269090909090908,3.044545454545455,0.2771818181818182,0.740909090909091,0.5233636363636364,0.5428181818181818,9.083333333333334,25.916666666666668,35.0,24.583333333333332,9.583333333333334,3.5833333333333335,14.333333333333334,22.0,111.5,-16.166666666666668,101.5,0.1445833333333333,0.5319166666666667,0.5690833333333333,0.62325,1.8516666666666663,0.2546666666666667,0.6101666666666666,0.4208333333333334,0.39858333333333335,17.0
0022400266,9.0,33.0,42.0,29.083333333333332,7.583333333333333,5.083333333333333,15.666666666666666,18.666666666666668,117.91666666666667,-6.866666666666666,103.74416666666667,0.15558333333333332,0.5691666666666665,0.6010833333333333,0.6783333333333333,1.9474999999999998,0.25483333333333336,0.7059166666666666,0.4833333333333334,0.46458333333333335,12.7,35.6,48.3,28.8,8.7,8.6,16.6,19.3,119.4,9.010000000000002,103.5,0.16909999999999997,0.5477000000000001,0.5847,0.6558,1.6909999999999996,0.3575,0.7105,0.5383,0.5597000000000001,-11.0
0022500668,7.181818181818182,31.727272727272727,38.90909090909091,24.636363636363637,6.636363636363637,4.545454545454546,9.909090909090908,18.09090909090909,108.9090909090909,-1.1363636363636365,94.89363636363636,0.11354545454545453,0.5375454545454545,0.5783636363636364,0.6522727272727272,2.6554545454545457,0.2252727272727273,0.6713636363636364,0.45954545454545453,0.5012727272727274,11.777777777777779,32.77777777777778,44.55555555555556,26.77777777777778,12.222222222222221,7.888888888888889,15.88888888888889,20.77777777777778,112.11111111111111,12.5,98.77777777777777,0.16744444444444442,0.5469999999999999,0.5752222222222222,0.641,1.8511111111111112,0.3463333333333333,0.7023333333333333,0.5274444444444444,0.5736666666666667,-2.0
0022300897,15.5,35.5,51.0,22.0,8.75,5.25,13.375,20.5,109.25,-5.35,103.4375,0.135875,0.47825,0.5135000000000001,0.563375,1.7575,0.32362500000000005,0.7355,0.514875,0.451125,9.625,33.25,42.875,25.125,7.125,3.25,12.875,16.625,111.5,-1.3625000000000003,98.25,0.1395,0.5395,0.5743750000000001,0.604875,1.9949999999999997,0.27125,0.719125,0.495,0.48512500000000003,-6.0
0022400394,10.5,30.5,41.0,22.375,9.625,3.25,14.75,18.5,107.125,-0.2250000000000001,96.1875,0.15675,0.536875,0.57125,0.569625,1.5074999999999998,0.3045,0.7045,0.503625,0.49175,12.666666666666666,33.0,45.666666666666664,30.0,8.222222222222221,7.333333333333333,14.222222222222221,16.333333333333332,115.0,-3.9999999999999982,100.9511111111111,0.1423333333333333,0.5267777777777778,0.5608888888888889,0.7228888888888889,2.0944444444444446,0.3077777777777777,0.7285555555555556,0.5073333333333334,0.4892222222222223,5.0
0022400553,10.625,33.75,44.375,22.5,9.625,5.125,15.875,18.125,107.0,-4.9125,100.5,0.165625,0.516,0.555875,0.572125,1.38125,0.278375,0.7210000000000001,0.502375,0.467625,8.363636363636363,34.81818181818182,43.18181818181818,27.181818181818183,9.0,4.636363636363637,12.909090909090908,15.363636363636363,108.63636363636364,1.2999999999999998,96.86363636363636,0.14245454545454544,0.5435454545454546,0.5782727272727274,0.6909090909090909,2.067272727272727,0.22654545454545455,0.6963636363636363,0.4735454545454546,0.5188181818181818,11.0
0022401032,7.75,31.333333333333332,39.083333333333336,25.666666666666668,8.083333333333334,4.083333333333333,13.666666666666666,15.75,102.66666666666667,-8.299999999999999,96.25583333333333,0.14725,0.5340833333333334,0.5615,0.655,1.973333333333333,0.21900000000000006,0.7219166666666667,0.4695,0.47175000000000006,11.333333333333334,32.166666666666664,43.5,27.583333333333332,5.916666666666667,4.583333333333333,14.416666666666666,18.583333333333332,108.66666666666667,-10.258333333333333,98.16666666666667,0.1505,0.5296666666666666,0.5624166666666667,0.6831666666666667,1.9475,0.2993333333333334,0.6949166666666667,0.49458333333333343,0.45183333333333336,17.0
0022400464,11.555555555555555,33.888888888888886,45.44444444444444,24.77777777777778,8.11111111111111,4.666666666666667,14.555555555555555,17.11111111111111,105.77777777777777,-2.8777777777777778,98.27777777777777,0.1517777777777778,0.5254444444444445,0.5516666666666666,0.6287777777777778,1.7788888888888887,0.29266666666666663,0.719111111111111,0.5028888888888888,0.4905555555555556,12.222222222222221,37.22222222222222,49.44444444444444,25.666666666666668,8.444444444444445,5.444444444444445,12.222222222222221,14.88888888888889,118.33333333333333,14.822222222222223,99.66666666666667,0.12344444444444447,0.5627777777777777,0.5873333333333334,0.5884444444444444,2.4977777777777774,0.2927777777777778,0.735,0.5182222222222221,0.5622222222222223,-3.0
0022300766,10.454545454545455,29.818181818181817,40.27272727272727,27.09090909090909,8.090909090909092,5.636363636363637,14.272727272727273,17.90909090909091,104.18181818181819,-7.572727272727274,97.4090909090909,0.15127272727272725,0.5257272727272727,0.5501818181818183,0.7050000000000001,1.908181818181818,0.2651818181818182,0.7221818181818181,0.4753636363636364,0.44209090909090903,10.6,33.6,44.2,27.6,8.1,5.0,12.4,17.6,115.9,3.3,98.7,0.13030000000000003,0.5626,0.5883,0.6184000000000001,2.485,0.2884,0.7494000000000001,0.5163,0.5130999999999999,-9.0
0022500048,13.909090909090908,31.09090909090909,45.0,27.818181818181817,8.909090909090908,6.636363636363637,12.818181818181818,21.818181818181817,121.54545454545455,4.836363636363637,102.56818181818181,0.13372727272727272,0.5431818181818181,0.5762727272727273,0.6429090909090909,2.179090909090909,0.31472727272727274,0.6812727272727273,0.49309090909090914,0.5096363636363637,14.181818181818182,30.818181818181817,45.0,23.90909090909091,6.454545454545454,4.7272727272727275,13.909090909090908,22.818181818181817,109.0,-14.509090909090908,101.95454545454545,0.14245454545454544,0.474,0.5254545454545454,0.63,1.8072727272727276,0.3352727272727272,0.668,0.4899090909090909,0.4237272727272728,11.0
0022300863,10.444444444444445,33.44444444444444,43.888888888888886,26.77777777777778,8.11111111111111,5.777777777777778,13.222222222222221,18.333333333333332,111.22222222222223,3.033333333333333,98.0,0.14011111111111113,0.5487777777777777,0.5784444444444445,0.6424444444444445,2.0977777777777775,0.2847777777777778,0.7050000000000001,0.49822222222222223,0.52,8.0,32.375,40.375,32.375,8.5,5.0,11.375,17.375,121.25,3.1125000000000003,102.25,0.12025000000000001,0.587,0.608,0.6915,2.76375,0.230375,0.7421249999999999,0.48712500000000003,0.5206250000000001,27.0
0022400575,11.6,32.1,43.7,24.5,7.6,5.3,15.8,17.4,111.9,-4.81,98.2,0.16849999999999998,0.5542,0.5831000000000001,0.5861,1.571,0.32070000000000004,0.6806000000000001,0.5027999999999999,0.47619999999999996,9.222222222222221,34.77777777777778,44.0,23.555555555555557,9.555555555555555,4.888888888888889,15.0,16.555555555555557,108.55555555555556,3.1222222222222222,99.27777777777777,0.16122222222222224,0.5353333333333333,0.5732222222222223,0.5866666666666666,1.5244444444444445,0.26211111111111113,0.738111111111111,0.5087777777777779,0.5177777777777778,-29.0
0022401027,11.272727272727273,29.545454545454547,40.81818181818182,26.636363636363637,7.454545454545454,3.8181818181818183,11.909090909090908,18.545454545454547,115.18181818181819,-2.5636363636363644,96.78727272727271,0.1298181818181818,0.5603636363636364,0.5932727272727273,0.6216363636363637,2.394545454545454,0.2927272727272727,0.7360909090909092,0.5063636363636363,0.48536363636363633,8.454545454545455,36.27272727272727,44.72727272727273,25.181818181818183,7.909090909090909,4.2727272727272725,12.909090909090908,16.545454545454547,117.0,5.254545454545454,100.18181818181819,0.13372727272727272,0.5650909090909091,0.6071818181818182,0.6078181818181818,1.9527272727272729,0.24309090909090905,0.771,0.5192727272727273,0.5336363636363637,-6.0
0022400851,11.5,32.625,44.125,30.625,8.5,5.125,12.875,20.25,119.75,0.4500000000000002,102.245,0.1355,0.5514999999999999,0.580625,0.690625,2.28375,0.2905,0.731625,0.50475,0.5058750000000001,12.88888888888889,33.77777777777778,46.666666666666664,28.333333333333332,9.222222222222221,6.666666666666667,11.0,21.11111111111111,124.0,10.311111111111112,99.57222222222222,0.11388888888888887,0.5655555555555556,0.6012222222222223,0.6316666666666667,2.505555555555556,0.30233333333333334,0.6815555555555555,0.49511111111111106,0.5542222222222222,-16.0
0022500076,11.6,33.3,44.9,28.5,6.8,3.6,12.8,18.8,123.3,9.47,99.65,0.13540000000000002,0.5884,0.6284000000000001,0.6475000000000001,2.216,0.32589999999999997,0.7038,0.5266,0.5554,11.5,34.5,46.0,27.8,8.7,4.7,14.8,18.6,118.2,4.790000000000001,100.85,0.1507,0.5607,0.6013,0.6459,1.9799999999999998,0.30219999999999997,0.6974,0.5089,0.5366000000000001,-3.0
0022300367,10.777777777777779,34.333333333333336,45.111111111111114,26.555555555555557,10.222222222222221,6.0,12.666666666666666,20.22222222222222,125.22222222222223,16.444444444444443,101.88888888888889,0.12944444444444445,0.5718888888888889,0.617,0.5907777777777777,2.1399999999999997,0.29066666666666663,0.7371111111111112,0.519,0.5755555555555555,11.0,35.22222222222222,46.22222222222222,26.555555555555557,7.0,6.333333333333333,13.555555555555555,18.22222222222222,113.77777777777777,8.788888888888888,98.61111111111111,0.1461111111111111,0.5535555555555555,0.5925555555555555,0.6438888888888888,1.9077777777777776,0.30244444444444446,0.7295555555555555,0.5233333333333334,0.554111111111111,14.0
0022301066,11.090909090909092,30.818181818181817,41.90909090909091,24.09090909090909,7.2727272727272725,4.090909090909091,14.0,16.09090909090909,105.63636363636364,-4.690909090909091,95.16,0.15354545454545454,0.5221818181818182,0.5583636363636364,0.6212727272727272,1.7590909090909088,0.28309090909090906,0.7078181818181819,0.4907272727272728,0.4721818181818182,10.272727272727273,32.27272727272727,42.54545454545455,27.09090909090909,7.090909090909091,4.090909090909091,11.181818181818182,17.545454545454547,114.45454545454545,-2.5,97.36636363636363,0.11618181818181818,0.546,0.5809090909090909,0.635090909090909,2.5300000000000002,0.27436363636363637,0.7037272727272726,0.491,0.49990909090909086,17.0
0022400044,10.090909090909092,31.363636363636363,41.45454545454545,23.181818181818183,9.272727272727273,4.7272727272727275,15.0,19.09090909090909,112.45454545454545,-0.19090909090909056,98.05727272727273,0.15681818181818183,0.5404545454545455,0.5809090909090909,0.577090909090909,1.580909090909091,0.2918181818181818,0.7047272727272728,0.4960909090909091,0.4918181818181818,11.25,35.25,46.5,24.333333333333332,9.416666666666666,4.25,14.916666666666666,18.083333333333332,109.41666666666667,3.8000000000000007,99.375,0.16741666666666666,0.5365,0.5741666666666666,0.6094166666666667,1.6075,0.2998333333333333,0.7489166666666666,0.5287499999999999,0.5178333333333334,1.0
0022401166,9.090909090909092,36.09090909090909,45.18181818181818,26.09090909090909,8.181818181818182,4.909090909090909,11.636363636363637,18.727272727272727,120.18181818181819,14.69090909090909,98.04545454545455,0.12963636363636363,0.5936363636363636,0.6286363636363638,0.5941818181818181,2.3727272727272726,0.2707272727272727,0.7575454545454545,0.5324545454545455,0.5654545454545454,14.6,34.9,49.5,24.3,9.2,5.0,12.0,16.2,119.1,11.579999999999998,98.9,0.1312,0.5479,0.5768000000000001,0.5443,2.173,0.3691,0.7374,0.548,0.5456000000000001,17.0
0022400290,10.2,28.9,39.1,22.6,9.5,4.1,13.4,18.4,101.4,-8.99,96.39099999999999,0.1491,0.5008,0.5403,0.617,1.701,0.2581,0.7168000000000001,0.47450000000000003,0.44609999999999994,13.583333333333334,37.666666666666664,51.25,24.25,10.416666666666666,6.083333333333333,12.833333333333334,18.666666666666668,115.16666666666667,10.258333333333335,102.63333333333333,0.13308333333333333,0.5113333333333333,0.5445833333333334,0.555,1.8700000000000003,0.3299166666666667,0.7355833333333335,0.5300833333333334,0.5653333333333334,-7.0
0022500679,16.0,33.54545454545455,49.54545454545455,23.454545454545453,8.363636363636363,5.636363636363637,13.545454545454545,16.727272727272727,108.72727272727273,-0.9727272727272728,96.46727272727271,0.1469090909090909,0.5065454545454545,0.5364545454545455,0.5760000000000001,1.6763636363636365,0.39,0.6915454545454545,0.5383636363636364,0.5021818181818182,10.363636363636363,35.72727272727273,46.09090909090909,25.727272727272727,6.636363636363637,5.181818181818182,11.909090909090908,18.454545454545453,109.81818181818181,3.436363636363636,99.0909090909091,0.12563636363636363,0.5202727272727272,0.5564545454545454,0.6515454545454545,2.151818181818182,0.2608181818181818,0.7026363636363636,0.48781818181818176,0.513,-12.0
0022400605,12.090909090909092,31.181818181818183,43.27272727272727,27.636363636363637,9.363636363636363,6.0,11.727272727272727,17.90909090909091,116.0,0.972727272727273,99.04545454545455,0.12481818181818184,0.5432727272727272,0.5756363636363637,0.6610909090909091,2.4236363636363634,0.296,0.6612727272727272,0.47563636363636375,0.5016363636363637,11.5,33.7,45.2,25.9,7.2,4.8,14.6,19.4,113.1,-1.1600000000000001,99.224,0.15389999999999998,0.5352,0.5685999999999999,0.6230999999999999,1.765,0.2993,0.6990000000000001,0.5001,0.4819,4.0
0022300883,12.0,31.75,43.75,28.125,7.625,4.875,12.625,19.625,115.0,-2.5374999999999996,98.72874999999999,0.129,0.5574999999999999,0.5755,0.6252500000000001,2.33625,0.302,0.7304999999999999,0.508,0.472375,12.571428571428571,35.714285714285715,48.285714285714285,26.0,7.142857142857143,2.857142857142857,10.857142857142858,18.857142857142858,113.0,-3.7285714285714286,98.32000000000001,0.11485714285714287,0.5054285714285714,0.5457142857142857,0.6212857142857142,2.608571428571428,0.3045714285714286,0.7725714285714285,0.5311428571428571,0.4852857142857143,-4.0
0022401043,9.818181818181818,35.0,44.81818181818182,30.545454545454547,6.181818181818182,4.181818181818182,13.090909090909092,17.818181818181817,118.36363636363636,3.890909090909091,97.02,0.1449090909090909,0.5916363636363635,0.6255454545454545,0.7085454545454546,2.299090909090909,0.2872727272727273,0.7531818181818182,0.5327272727272727,0.5256363636363636,8.181818181818182,35.63636363636363,43.81818181818182,24.181818181818183,7.909090909090909,4.0,12.545454545454545,16.363636363636363,115.36363636363636,4.636363636363636,99.22727272727273,0.1321818181818182,0.5670000000000001,0.6043636363636362,0.5850909090909091,1.9218181818181819,0.2381818181818182,0.7580909090909091,0.5103636363636364,0.5275454545454547,2.0
0022500253,10.090909090909092,31.0,41.09090909090909,25.818181818181817,10.272727272727273,3.727272727272727,16.0,20.363636363636363,114.9090909090909,0.9000000000000004,100.72727272727273,0.1690909090909091,0.5625454545454546,0.6046363636363636,0.6243636363636363,1.6081818181818184,0.3074545454545455,0.7046363636363636,0.5108181818181818,0.514909090909091,14.818181818181818,33.54545454545455,48.36363636363637,28.90909090909091,7.363636363636363,3.909090909090909,16.545454545454547,23.181818181818183,119.36363636363636,-7.163636363636365,103.28272727272729,0.16236363636363638,0.5068181818181818,0.5614545454545454,0.7261818181818183,1.8254545454545452,0.35009090909090906,0.6898181818181818,0.5123636363636364,0.4573636363636364,14.0
0022301226,12.11111111111111,26.11111111111111,38.22222222222222,22.0,9.777777777777779,3.6666666666666665,15.0,20.77777777777778,105.77777777777777,-6.977777777777778,97.56555555555556,0.16366666666666665,0.5106666666666667,0.5456666666666666,0.5665555555555556,1.4511111111111112,0.32411111111111107,0.6311111111111112,0.46911111111111103,0.44377777777777777,11.375,32.125,43.5,25.375,6.25,4.875,9.375,18.25,114.0,-0.5999999999999996,98.625,0.0985,0.5253749999999999,0.553125,0.6074999999999999,2.97125,0.280625,0.692875,0.47625,0.47950000000000004,-13.0
0022401152,6.818181818181818,32.0,38.81818181818182,26.0,7.181818181818182,3.727272727272727,10.909090909090908,16.454545454545453,115.45454545454545,1.7272727272727273,96.72727272727273,0.11563636363636366,0.5882727272727272,0.617909090909091,0.6161818181818183,2.527272727272727,0.20781818181818182,0.6825454545454545,0.45954545454545453,0.5138181818181818,12.11111111111111,33.55555555555556,45.666666666666664,27.88888888888889,7.555555555555555,5.444444444444445,13.777777777777779,19.444444444444443,120.88888888888889,8.077777777777778,97.23222222222222,0.144,0.5713333333333334,0.6039999999999999,0.6332222222222222,1.9788888888888891,0.33233333333333337,0.7283333333333333,0.5286666666666666,0.5398888888888889,7.0
0022400483,9.125,36.375,45.5,26.0,9.375,3.875,13.875,18.875,110.125,0.7124999999999999,102.8125,0.141,0.533625,0.557625,0.6291249999999999,1.9962499999999999,0.24225000000000002,0.767,0.501,0.500625,11.666666666666666,31.555555555555557,43.22222222222222,25.333333333333332,7.555555555555555,4.777777777777778,14.88888888888889,20.22222222222222,112.22222222222223,-8.1,98.83333333333333,0.15822222222222224,0.5426666666666667,0.5742222222222222,0.6031111111111112,1.7888888888888888,0.32033333333333336,0.6981111111111111,0.5046666666666666,0.4538888888888889,-3.0
0022300930,8.2,34.9,43.1,30.0,6.5,6.0,12.3,16.3,109.1,-1.27,95.812,0.1355,0.5443,0.5734,0.7625,2.363,0.2434,0.7321,0.49339999999999995,0.506,10.5,30.5,41.0,24.5,7.1,4.1,13.1,18.9,103.4,-1.7000000000000004,96.0,0.1467,0.521,0.5461,0.6366999999999999,1.9300000000000002,0.27890000000000004,0.7157,0.4851,0.46930000000000005,-19.0
0022301011,10.272727272727273,35.90909090909091,46.18181818181818,24.90909090909091,7.181818181818182,4.090909090909091,14.545454545454545,18.727272727272727,105.72727272727273,-7.918181818181818,100.36363636363636,0.15000000000000002,0.49754545454545446,0.545,0.6566363636363636,1.7772727272727276,0.2725454545454546,0.7810909090909092,0.5197272727272728,0.45645454545454545,11.636363636363637,33.63636363636363,45.27272727272727,29.09090909090909,7.2727272727272725,6.454545454545454,9.454545454545455,14.454545454545455,122.72727272727273,18.099999999999998,96.5,0.10436363636363638,0.5920909090909091,0.6165454545454545,0.6437272727272727,3.5490909090909097,0.2984545454545455,0.7314545454545454,0.5164545454545455,0.5693636363636364,-27.0
0022400243,12.0,33.583333333333336,45.583333333333336,24.416666666666668,7.916666666666667,4.916666666666667,15.333333333333334,19.5,108.91666666666667,-0.008333333333333156,98.16666666666667,0.1709166666666667,0.5401666666666668,0.5754166666666668,0.6211666666666666,1.5308333333333335,0.30983333333333335,0.7313333333333333,0.5228333333333333,0.49866666666666665,11.8,31.1,42.9,24.6,7.7,4.6,16.9,18.8,107.9,-9.11,99.55,0.1847,0.5247,0.5685,0.6520999999999999,1.451,0.31529999999999997,0.6904,0.5031000000000001,0.45620000000000005,11.0
0022500502,14.4,31.6,46.0,27.2,11.0,7.0,14.7,23.6,116.6,5.49,100.65299999999999,0.15289999999999998,0.5299,0.5669000000000001,0.6251999999999999,1.834,0.3713,0.6786,0.5249,0.5307,13.6,33.4,47.0,27.7,7.8,3.5,13.8,21.2,119.1,-2.21,101.4,0.1415,0.542,0.5796999999999999,0.6548,2.099,0.3094,0.7018,0.501,0.4801,31.0
0022501061,14.636363636363637,33.18181818181818,47.81818181818182,27.90909090909091,8.636363636363637,6.7272727272727275,16.545454545454547,20.09090909090909,115.9090909090909,6.036363636363637,101.77272727272727,0.17063636363636364,0.5464545454545454,0.5779090909090909,0.6729999999999999,1.6909090909090911,0.35009090909090906,0.7059090909090908,0.5262727272727273,0.5341818181818181,8.272727272727273,30.90909090909091,39.18181818181818,25.636363636363637,7.2727272727272725,3.0,15.090909090909092,19.09090909090909,107.72727272727273,-13.245454545454544,97.72727272727273,0.16181818181818183,0.5713636363636363,0.5886363636363636,0.6429090909090909,1.8545454545454547,0.247,0.6899090909090909,0.468,0.4374545454545455,31.0
0022501047,12.2,32.9,45.1,25.9,8.1,5.0,13.2,20.8,116.6,10.309999999999999,96.9,0.1489,0.5608000000000001,0.5934,0.6319000000000001,2.053,0.343,0.7039,0.5217999999999999,0.5388,11.0,34.5,45.5,27.8,6.6,4.4,12.2,18.4,115.7,-3.2300000000000004,101.35,0.12769999999999998,0.5506,0.5816,0.6332,2.8449999999999998,0.2746,0.7232999999999999,0.5041,0.492,44.0
0022300412,9.444444444444445,36.0,45.44444444444444,28.11111111111111,6.444444444444445,5.444444444444445,13.666666666666666,16.11111111111111,108.77777777777777,-11.777777777777777,103.66666666666667,0.13522222222222224,0.5093333333333334,0.5393333333333333,0.6891111111111111,2.19,0.24388888888888888,0.7361111111111112,0.48566666666666664,0.4545555555555556,10.6,32.7,43.3,27.8,8.0,6.4,13.8,18.8,114.9,-6.890000000000001,100.25,0.1457,0.5448000000000001,0.5836,0.6571,1.9580000000000002,0.30379999999999996,0.692,0.5004000000000001,0.48729999999999996,-12.0
0022500976,8.8,35.1,43.9,25.4,8.7,4.7,11.8,18.2,113.6,5.08,99.215,0.12439999999999998,0.5398,0.5761000000000001,0.6247,2.664,0.2529,0.6952999999999999,0.48030000000000006,0.5319999999999999,8.6,32.2,40.8,24.3,8.3,4.9,14.9,21.4,112.8,-5.07,100.2,0.15499999999999997,0.5660000000000001,0.6066,0.6003,1.613,0.2689,0.6990000000000001,0.4930999999999999,0.489,13.0
0022500380,12.125,33.125,45.25,24.125,6.5,6.125,16.5,23.5,115.625,-6.862500000000001,103.9375,0.167625,0.5215000000000001,0.571375,0.62525,1.46625,0.302125,0.673875,0.489,0.449,10.0,30.125,40.125,23.375,9.125,5.875,13.5,19.5,107.625,-12.2,100.6875,0.136625,0.5171250000000001,0.5418750000000001,0.564125,1.895,0.27925,0.6535,0.46062500000000006,0.43825000000000003,1.0
0022300548,9.1,33.0,42.1,30.1,8.3,5.8,11.1,18.3,118.3,-1.72,102.45,0.11610000000000001,0.5454000000000001,0.5805,0.6914,2.9319999999999995,0.25559999999999994,0.6878,0.4715,0.5102,10.8,34.1,44.9,24.5,7.0,5.0,12.5,18.7,109.7,-2.95,96.486,0.13320000000000004,0.5267000000000002,0.5638,0.5996,1.9609999999999999,0.2833,0.7015,0.49850000000000005,0.4953,-6.0
0022400623,13.1,31.9,45.0,27.8,10.2,5.3,13.8,17.9,113.1,-5.679999999999999,102.96700000000001,0.1411,0.5118,0.5438000000000001,0.6614,2.1260000000000003,0.2907,0.7098,0.48089999999999994,0.4633999999999999,10.2,30.9,41.1,30.0,7.5,4.5,12.4,18.6,110.4,-2.8099999999999996,96.35,0.13610000000000003,0.5727000000000001,0.5906,0.6989000000000001,2.364,0.2629,0.6871,0.4788,0.5005999999999999,-3.0
0022501165,10.166666666666666,30.583333333333332,40.75,34.083333333333336,9.833333333333334,5.333333333333333,13.416666666666666,21.333333333333332,119.0,5.966666666666668,100.625,0.13966666666666663,0.5823333333333335,0.6053333333333334,0.7512500000000001,2.5299999999999994,0.3009166666666667,0.6966666666666668,0.5004166666666666,0.5569166666666666,10.4,33.0,43.4,29.5,6.2,4.4,11.3,18.2,122.0,-7.0,102.2,0.1133,0.5549999999999999,0.5925999999999999,0.6799999999999999,2.666,0.2842,0.7030000000000001,0.48600000000000004,0.47400000000000003,14.0
0022500514,12.5,32.0,44.5,24.6,8.8,5.7,14.1,20.0,117.8,-6.120000000000001,103.181,0.1408,0.5183,0.5622,0.5709000000000001,1.778,0.32289999999999996,0.6336999999999999,0.4820000000000001,0.47269999999999995,10.125,29.25,39.375,24.75,8.125,3.875,14.5,21.375,114.25,-6.0875,98.625,0.15037499999999998,0.560125,0.597125,0.6038749999999999,1.9275,0.29637499999999994,0.6753750000000001,0.488,0.47212499999999996,-8.0
0022400351,10.5,34.0,44.5,27.4,7.9,3.0,11.6,15.4,112.1,5.530000000000001,96.253,0.13140000000000002,0.5366000000000001,0.5758000000000001,0.6904999999999999,2.336,0.29300000000000004,0.7128,0.5006,0.5178,11.0,34.7,45.7,27.7,7.9,4.5,13.0,18.7,119.5,9.02,100.69300000000001,0.13779999999999998,0.5782,0.6074999999999999,0.6289,2.184,0.2838,0.6957,0.49939999999999996,0.5402,9.0
0022400709,12.0,31.454545454545453,43.45454545454545,22.90909090909091,7.7272727272727275,5.545454545454546,13.909090909090908,19.454545454545453,110.63636363636364,3.881818181818181,97.9090909090909,0.1528181818181818,0.5351818181818182,0.5744545454545454,0.5837272727272727,1.65,0.3132727272727273,0.68,0.4977272727272727,0.5183636363636365,8.818181818181818,33.72727272727273,42.54545454545455,27.727272727272727,7.2727272727272725,4.2727272727272725,13.818181818181818,18.818181818181817,115.72727272727273,1.8090909090909089,100.04545454545455,0.14245454545454544,0.5713636363636364,0.6063636363636363,0.6562727272727272,2.0263636363636364,0.24354545454545454,0.7158181818181818,0.49290909090909096,0.5155454545454545,2.0
0022300018,12.454545454545455,34.0,46.45454545454545,27.272727272727273,5.454545454545454,5.545454545454546,16.636363636363637,24.454545454545453,109.72727272727273,-4.445454545454545,100.27272727272727,0.17463636363636365,0.5235454545454545,0.5610909090909091,0.6642727272727273,1.5736363636363635,0.3231818181818182,0.7325454545454545,0.5264545454545454,0.4751818181818182,13.222222222222221,33.44444444444444,46.666666666666664,26.444444444444443,8.777777777777779,4.555555555555555,15.11111111111111,17.77777777777778,120.33333333333333,3.3888888888888893,103.5,0.1528888888888889,0.5426666666666666,0.589,0.6206666666666667,1.7655555555555555,0.32655555555555554,0.7238888888888889,0.5234444444444445,0.5165555555555555,-6.0
0022501107,9.916666666666666,30.916666666666668,40.833333333333336,24.916666666666668,7.583333333333333,2.4166666666666665,14.583333333333334,21.666666666666668,116.66666666666667,-6.158333333333334,100.34583333333335,0.14708333333333332,0.53125,0.5839166666666665,0.6220833333333333,2.0050000000000003,0.3123333333333333,0.7088333333333332,0.5085,0.4661666666666667,12.666666666666666,31.583333333333332,44.25,29.333333333333332,9.25,4.5,12.5,18.5,120.58333333333333,9.316666666666666,100.17666666666666,0.12641666666666665,0.5595,0.5900833333333334,0.6593333333333333,2.5999999999999996,0.32116666666666666,0.70925,0.50925,0.5459166666666667,-29.0
0022500861,9.25,31.75,41.0,24.625,7.875,3.75,12.75,16.5,119.0,-7.112499999999999,104.5625,0.1255,0.552875,0.587,0.5542499999999999,2.1825,0.26,0.697375,0.482,0.46625,8.75,27.5,36.25,28.0,13.0,4.625,14.375,19.375,116.0,-9.1375,103.4375,0.143375,0.5645,0.593125,0.657,2.11625,0.246,0.66025,0.447875,0.4655,-19.0
0022301215,11.2,34.3,45.5,25.7,8.2,4.9,10.2,20.1,112.2,4.5200000000000005,98.2,0.1109,0.5186,0.5597000000000001,0.6288999999999999,2.648,0.28800000000000003,0.7158,0.5005,0.5293,11.272727272727273,31.181818181818183,42.45454545454545,30.727272727272727,6.636363636363637,4.181818181818182,11.727272727272727,19.636363636363637,114.27272727272727,0.23636363636363675,98.22727272727273,0.12527272727272726,0.5522727272727272,0.5762727272727273,0.6931818181818182,3.024545454545455,0.29463636363636364,0.7245454545454545,0.5037272727272728,0.49336363636363634,9.0
0022400490,10.444444444444445,28.88888888888889,39.333333333333336,23.666666666666668,9.333333333333334,6.555555555555555,15.555555555555555,20.666666666666668,99.55555555555556,-3.255555555555555,95.61111111111111,0.17166666666666663,0.5031111111111112,0.5405555555555556,0.6489999999999999,1.53,0.30033333333333334,0.7206666666666666,0.49744444444444447,0.4728888888888889,12.777777777777779,34.55555555555556,47.333333333333336,25.77777777777778,7.333333333333333,4.888888888888889,18.11111111111111,19.22222222222222,115.77777777777777,-3.2777777777777772,101.72222222222223,0.18122222222222223,0.5578888888888889,0.5892222222222222,0.6228888888888888,1.4811111111111113,0.3278888888888889,0.7398888888888888,0.5314444444444445,0.4757777777777778,-13.0
0022500281,13.1,31.0,44.1,26.7,11.2,3.8,16.4,22.7,120.6,10.780000000000001,99.95,0.1706,0.5801999999999999,0.6171,0.6251,1.6490000000000002,0.3615,0.6971,0.5326,0.5478,10.5,32.6,43.1,28.7,8.9,4.3,15.3,20.4,119.9,2.71,101.3,0.1545,0.575,0.6124,0.6590999999999999,1.968,0.297,0.6988000000000001,0.5023000000000001,0.5233999999999999,9.0
0022400271,9.5,33.3,42.8,26.9,6.7,5.3,12.5,16.7,117.8,8.379999999999999,97.168,0.12820000000000004,0.5631,0.5998,0.6599,2.286,0.2663,0.7149000000000001,0.4906999999999999,0.5375,9.7,30.2,39.9,23.4,9.7,4.8,15.2,19.0,113.4,2.7100000000000004,98.522,0.16160000000000002,0.5574999999999999,0.5922,0.5704,1.525,0.28680000000000005,0.7075999999999999,0.49449999999999994,0.5032,2.0
0022300853,9.666666666666666,32.55555555555556,42.22222222222222,30.77777777777778,8.11111111111111,6.666666666666667,14.88888888888889,14.333333333333334,109.66666666666667,-8.92222222222222,102.83333333333333,0.15122222222222223,0.5282222222222221,0.5574444444444445,0.738,2.1822222222222223,0.24633333333333335,0.7416666666666667,0.4837777777777778,0.4651111111111111,8.428571428571429,35.857142857142854,44.285714285714285,26.285714285714285,7.857142857142857,8.142857142857142,11.285714285714286,19.142857142857142,125.14285714285714,11.77142857142857,104.0,0.12385714285714286,0.5947142857142856,0.626,0.5678571428571428,2.1042857142857145,0.23614285714285713,0.701,0.4864285714285714,0.5628571428571428,14.0
0022300491,8.0,33.5,41.5,28.9,7.2,5.6,12.2,15.8,113.1,-6.82,101.2,0.12280000000000002,0.5317000000000001,0.5703999999999999,0.6839999999999999,2.679,0.23960000000000004,0.7555000000000001,0.4923,0.4828,8.727272727272727,33.90909090909091,42.63636363636363,24.0,6.636363636363637,6.545454545454546,14.363636363636363,18.818181818181817,107.72727272727273,-7.381818181818181,100.35363636363635,0.14718181818181816,0.513,0.5512727272727272,0.6326363636363638,1.7699999999999998,0.2579090909090909,0.7201818181818183,0.4853636363636364,0.46572727272727266,-14.0
0022401123,15.636363636363637,36.81818181818182,52.45454545454545,25.363636363636363,8.0,5.0,11.636363636363637,17.181818181818183,123.0909090909091,12.272727272727273,99.33818181818182,0.12563636363636366,0.5514545454545455,0.5803636363636364,0.5511818181818181,2.2718181818181815,0.3795454545454545,0.7630909090909092,0.5652727272727273,0.5530909090909091,9.2,37.6,46.8,28.8,9.1,6.2,11.4,17.4,125.3,18.889999999999993,101.95,0.12020000000000002,0.5860999999999998,0.6182000000000001,0.6327999999999999,2.482,0.29300000000000004,0.7769999999999999,0.546,0.5862,14.0
0022500283,13.7,30.5,44.2,24.1,6.8,5.2,14.1,23.8,108.6,-15.209999999999999,102.2,0.1457,0.4772,0.5288999999999999,0.6348999999999999,1.7879999999999998,0.3229,0.6601,0.48119999999999996,0.4205,11.7,32.8,44.5,27.9,11.1,5.6,14.0,20.5,121.5,9.679999999999998,101.11,0.14750000000000002,0.5852999999999999,0.6113999999999999,0.6136999999999999,1.874,0.3044,0.6859,0.5053000000000001,0.5669,-5.0
0022501201,12.6,32.3,44.9,27.2,9.4,4.5,11.6,19.5,121.1,7.549999999999999,102.65,0.11939999999999999,0.5331,0.5761999999999999,0.6141,2.362,0.33119999999999994,0.7431000000000001,0.5264,0.5339,11.636363636363637,35.36363636363637,47.0,28.727272727272727,8.272727272727273,5.545454545454546,12.909090909090908,17.818181818181817,118.72727272727273,4.536363636363636,104.31818181818181,0.12890909090909092,0.5295454545454545,0.5660909090909091,0.6624545454545455,2.209090909090909,0.2862727272727273,0.6929090909090909,0.4936363636363637,0.5303636363636364,9.0
0022500218,15.333333333333334,33.666666666666664,49.0,25.88888888888889,9.222222222222221,5.222222222222222,16.333333333333332,20.333333333333332,122.77777777777777,10.055555555555557,98.72444444444444,0.17322222222222225,0.5672222222222223,0.6093333333333333,0.5907777777777778,1.6177777777777778,0.41866666666666663,0.7005555555555555,0.5656666666666665,0.5512222222222222,11.181818181818182,34.36363636363637,45.54545454545455,25.636363636363637,6.545454545454546,6.0,17.636363636363637,23.727272727272727,113.63636363636364,-15.2,104.27999999999999,0.1699090909090909,0.5329999999999999,0.5625454545454546,0.6136363636363638,1.450909090909091,0.2739090909090909,0.6816363636363637,0.4767272727272727,0.41327272727272724,23.0
0022500912,15.714285714285714,31.142857142857142,46.857142857142854,21.857142857142858,9.0,4.0,13.0,17.571428571428573,99.28571428571429,-6.971428571428571,93.88714285714286,0.1467142857142857,0.4725714285714286,0.49599999999999994,0.5937142857142856,1.7028571428571428,0.32885714285714285,0.686,0.4905714285714286,0.43014285714285716,12.875,33.5,46.375,26.75,8.75,7.375,15.75,21.125,119.0,-0.27500000000000036,103.25,0.15849999999999997,0.5407500000000001,0.5838749999999999,0.6308750000000001,1.65375,0.34025,0.6984999999999999,0.52075,0.506625,2.0
0022400792,11.285714285714286,28.571428571428573,39.857142857142854,28.142857142857142,7.714285714285714,3.142857142857143,11.571428571428571,17.428571428571427,122.85714285714286,-0.7142857142857143,99.63714285714286,0.12657142857142858,0.5557142857142858,0.5947142857142858,0.6047142857142858,2.46,0.32242857142857145,0.6812857142857143,0.49542857142857144,0.4974285714285715,9.125,32.375,41.5,27.375,6.625,5.125,13.625,18.0,111.875,-13.575,102.1875,0.143125,0.5347500000000001,0.5720000000000001,0.685875,2.025,0.249875,0.7052499999999999,0.47525,0.43662500000000004,2.0
0022300641,10.272727272727273,32.36363636363637,42.63636363636363,30.181818181818183,7.545454545454546,6.090909090909091,12.0,17.545454545454547,118.36363636363636,-1.7363636363636368,101.63636363636364,0.12145454545454547,0.5502727272727272,0.5853636363636364,0.6875454545454546,2.8236363636363633,0.2686363636363636,0.6894545454545455,0.4773636363636364,0.503,10.909090909090908,30.545454545454547,41.45454545454545,22.272727272727273,6.363636363636363,5.181818181818182,13.090909090909092,18.727272727272727,107.81818181818181,-14.836363636363636,98.77727272727272,0.14236363636363636,0.5027272727272727,0.5402727272727273,0.5755454545454545,1.6272727272727272,0.2939090909090909,0.7258181818181818,0.4913636363636364,0.40527272727272723,16.0
0022300028,8.5,30.5,39.0,27.5,9.3,4.7,14.7,20.5,115.0,-5.93,104.35,0.1431,0.5523,0.5791999999999999,0.6357999999999999,1.9270000000000003,0.223,0.6651,0.4412,0.46659999999999996,13.9,33.3,47.2,23.0,8.3,2.3,12.6,17.4,109.6,5.459999999999999,97.1,0.1404,0.5126999999999999,0.5467,0.5767999999999999,2.141,0.3524,0.7675,0.5456,0.5107,-21.0
0022300919,8.5,32.5,41.0,25.25,7.25,5.125,14.25,19.0,107.375,-5.375,97.875,0.151875,0.5377500000000001,0.57525,0.651375,1.8675000000000002,0.264375,0.714,0.487,0.469125,9.375,32.625,42.0,23.0,7.125,5.375,10.75,16.875,118.625,-5.8875,100.0,0.112875,0.567375,0.5962500000000001,0.519875,2.36,0.25787499999999997,0.738375,0.48712500000000003,0.469875,-18.0
0022500975,9.545454545454545,32.09090909090909,41.63636363636363,24.09090909090909,10.0,5.2727272727272725,11.272727272727273,18.90909090909091,121.18181818181819,7.400000000000003,99.0,0.11918181818181818,0.5696363636363637,0.6166363636363635,0.5529090909090909,2.37,0.2982727272727273,0.6984545454545454,0.5075454545454545,0.5453636363636364,12.3,32.2,44.5,27.7,8.4,5.2,11.1,17.8,115.1,-6.220000000000001,102.4,0.11229999999999998,0.5172,0.555,0.6211,3.1770000000000005,0.28819999999999996,0.6936,0.48789999999999994,0.4825000000000001,-9.0
0022401208,9.75,34.25,44.0,27.125,8.375,3.75,12.625,19.875,116.875,5.6875,101.99125000000001,0.13125,0.5640000000000001,0.5916250000000001,0.633,2.1199999999999997,0.23625000000000002,0.6936249999999999,0.47024999999999995,0.5198750000000001,11.333333333333334,33.333333333333336,44.666666666666664,23.22222222222222,7.777777777777778,5.222222222222222,16.555555555555557,21.77777777777778,104.33333333333333,-17.41111111111111,104.08333333333333,0.16433333333333333,0.48477777777777775,0.5244444444444445,0.5987777777777777,1.45,0.27322222222222226,0.7278888888888889,0.4925555555555555,0.40188888888888896,10.0
0022500385,10.88888888888889,32.22222222222222,43.111111111111114,28.333333333333332,6.888888888888889,4.444444444444445,13.222222222222221,21.555555555555557,120.66666666666667,5.0,99.66444444444444,0.1403333333333333,0.5686666666666667,0.6065555555555555,0.662,2.1222222222222222,0.30344444444444446,0.7196666666666667,0.5128888888888888,0.5281111111111111,7.375,35.875,43.25,27.5,10.375,4.75,11.5,20.375,125.25,17.1,104.125,0.11500000000000002,0.60475,0.6375,0.5960000000000001,2.55125,0.19375,0.73325,0.48712500000000003,0.584625,5.0
0022400981,9.818181818181818,33.09090909090909,42.90909090909091,29.0,9.090909090909092,4.363636363636363,11.636363636363637,18.90909090909091,119.9090909090909,7.345454545454545,98.87727272727274,0.12427272727272727,0.5766363636363636,0.6092727272727273,0.6797272727272726,2.657272727272727,0.2735454545454545,0.7131818181818183,0.4993636363636364,0.5328181818181817,12.5,35.833333333333336,48.333333333333336,26.333333333333332,6.416666666666667,3.9166666666666665,16.333333333333332,17.666666666666668,114.58333333333333,-6.441666666666667,104.08333333333333,0.162,0.53225,0.5598333333333334,0.6281666666666667,1.8216666666666665,0.30875,0.7198333333333333,0.514,0.4569999999999999,26.0
0022400942,8.1,30.7,38.8,30.6,9.1,5.5,12.4,17.4,118.4,4.029999999999999,100.75,0.13369999999999999,0.5813,0.6114,0.6977,2.407,0.2557,0.6617,0.4673,0.5286000000000001,8.5,37.1,45.6,23.8,7.6,4.0,14.0,16.3,116.3,5.869999999999999,101.4,0.1444,0.5639000000000001,0.6008000000000001,0.5626,1.7249999999999996,0.2428,0.7506,0.5133,0.5289999999999999,1.0
0022500566,9.6,33.4,43.0,24.8,6.9,4.1,13.1,19.2,112.2,2.49,96.85,0.14119999999999996,0.5621,0.5948,0.6047,1.9799999999999998,0.27569999999999995,0.6995,0.49820000000000003,0.5154000000000001,10.909090909090908,34.90909090909091,45.81818181818182,27.818181818181817,9.0,6.545454545454546,12.090909090909092,19.0,123.18181818181819,4.954545454545454,102.76090909090908,0.12236363636363635,0.5752727272727273,0.6020909090909092,0.6083636363636363,2.4718181818181817,0.2883636363636363,0.7041818181818182,0.5017272727272727,0.5386363636363637,-33.0
0022300381,12.222222222222221,29.555555555555557,41.77777777777778,22.88888888888889,8.666666666666666,3.4444444444444446,13.11111111111111,20.333333333333332,113.11111111111111,-4.266666666666667,98.56555555555556,0.1388888888888889,0.5231111111111111,0.5625555555555555,0.5637777777777777,1.7433333333333332,0.3134444444444444,0.6622222222222223,0.4824444444444444,0.4607777777777778,7.555555555555555,31.22222222222222,38.77777777777778,27.333333333333332,7.111111111111111,5.444444444444445,14.0,21.0,118.55555555555556,-13.011111111111111,105.44444444444444,0.13522222222222224,0.5614444444444444,0.5954444444444444,0.6263333333333334,2.0677777777777777,0.2121111111111111,0.6807777777777777,0.4488888888888889,0.43788888888888894,-1.0
0022301178,8.909090909090908,33.27272727272727,42.18181818181818,28.363636363636363,9.818181818181818,5.545454545454546,12.090909090909092,16.363636363636363,112.0909090909091,8.836363636363636,97.04545454545455,0.1342727272727273,0.5701818181818182,0.5945454545454545,0.6861818181818181,2.396363636363636,0.2499090909090909,0.7200909090909091,0.4888181818181818,0.549090909090909,11.0,34.0,45.0,28.916666666666668,7.916666666666667,4.083333333333333,13.75,19.333333333333332,115.58333333333333,0.6416666666666663,97.6825,0.14433333333333334,0.5659166666666666,0.5885,0.6665833333333333,2.138333333333333,0.291,0.7643333333333334,0.5205833333333333,0.4945833333333334,3.0
0022400359,12.0,35.1,47.1,28.8,7.8,4.6,16.4,21.5,112.9,-1.1799999999999995,101.25800000000001,0.16810000000000003,0.5528000000000001,0.5816,0.6870999999999999,1.7869999999999997,0.3175,0.7221,0.5275000000000001,0.5014000000000001,8.545454545454545,33.45454545454545,42.0,29.636363636363637,7.545454545454546,4.545454545454546,11.818181818181818,17.636363636363637,120.45454545454545,10.590909090909092,97.54,0.13090909090909092,0.5959090909090908,0.629,0.6686363636363636,2.6509090909090904,0.281,0.7195454545454546,0.5115454545454546,0.5599090909090909,-5.0
0022500729,8.777777777777779,33.22222222222222,42.0,26.11111111111111,6.777777777777778,4.222222222222222,12.666666666666666,18.0,105.77777777777777,-12.511111111111111,98.11111111111111,0.13477777777777777,0.536,0.557111111111111,0.6665555555555556,2.035555555555556,0.24122222222222225,0.7042222222222223,0.47277777777777774,0.435,14.0,32.72727272727273,46.72727272727273,23.636363636363637,8.636363636363637,6.090909090909091,11.0,18.363636363636363,110.9090909090909,-3.190909090909091,99.04545454545455,0.11772727272727272,0.4990909090909091,0.5437272727272727,0.5937272727272727,2.1909090909090905,0.319,0.6835454545454545,0.49827272727272737,0.4936363636363636,4.0
0022500060,13.222222222222221,32.888888888888886,46.111111111111114,26.666666666666668,7.111111111111111,5.222222222222222,10.666666666666666,22.88888888888889,118.33333333333333,8.455555555555556,96.27777777777777,0.11677777777777777,0.5703333333333334,0.5943333333333333,0.6032222222222222,2.9188888888888886,0.32466666666666666,0.6981111111111111,0.512,0.5274444444444444,12.1,32.6,44.7,28.0,10.8,5.1,14.3,21.1,122.3,9.36,101.41,0.15009999999999998,0.5841,0.6127,0.6159999999999999,1.8510000000000002,0.31179999999999997,0.7009,0.5155000000000001,0.5645,3.0